target_id	pdb_id	status	domain_ids	domain_residue_ranges	chain_id	auth_chain_id	entity_id	observed_label_seq_ranges	observed_label_seq_count	domain_residue_coverage	domain_missing_count	chain_supports_domain	reference_path	sha256	notes
T1228V1	9dxh	candidate	T1228V1-D1,T1228V1-D2,T1228V1-D3,T1228V1-D4	1-164,165-300,301-401,402-467,468-535	A	A	1	3-537	535	0.996262	2	false	/scratch/10992/liaorunlong93/casp16-leaderboard/diagnostics/reference_gap/refmap_candidate_mmcif/9dxh.cif	c9ec82e7ed6b00da69e5b9b8ee06a6c3395928d9c647bcdc679cf085bffbf9d9	full_construct_exact_candidate_needs_native_provenance_and_mapping | 9DXH_1 | attPmm and attBmm bound serine integrase complex in the pre-rotation state | 2026-01-21T00:00:00.000+00:00 | ELECTRON MICROSCOPY
T1228V1	9dxh	candidate	T1228V1-D1,T1228V1-D2,T1228V1-D3,T1228V1-D4	1-164,165-300,301-401,402-467,468-535	B	C	1	3-537	535	0.996262	2	false	/scratch/10992/liaorunlong93/casp16-leaderboard/diagnostics/reference_gap/refmap_candidate_mmcif/9dxh.cif	c9ec82e7ed6b00da69e5b9b8ee06a6c3395928d9c647bcdc679cf085bffbf9d9	full_construct_exact_candidate_needs_native_provenance_and_mapping | 9DXH_1 | attPmm and attBmm bound serine integrase complex in the pre-rotation state | 2026-01-21T00:00:00.000+00:00 | ELECTRON MICROSCOPY
T1228V1	9dxh	candidate	T1228V1-D1,T1228V1-D2,T1228V1-D3,T1228V1-D4	1-164,165-300,301-401,402-467,468-535	C	E	2	1-34	34	0.063551	501	false	/scratch/10992/liaorunlong93/casp16-leaderboard/diagnostics/reference_gap/refmap_candidate_mmcif/9dxh.cif	c9ec82e7ed6b00da69e5b9b8ee06a6c3395928d9c647bcdc679cf085bffbf9d9	full_construct_exact_candidate_needs_native_provenance_and_mapping | 9DXH_1 | attPmm and attBmm bound serine integrase complex in the pre-rotation state | 2026-01-21T00:00:00.000+00:00 | ELECTRON MICROSCOPY
T1228V1	9dxh	candidate	T1228V1-D1,T1228V1-D2,T1228V1-D3,T1228V1-D4	1-164,165-300,301-401,402-467,468-535	D	F	3	1-33	33	0.061682	502	false	/scratch/10992/liaorunlong93/casp16-leaderboard/diagnostics/reference_gap/refmap_candidate_mmcif/9dxh.cif	c9ec82e7ed6b00da69e5b9b8ee06a6c3395928d9c647bcdc679cf085bffbf9d9	full_construct_exact_candidate_needs_native_provenance_and_mapping | 9DXH_1 | attPmm and attBmm bound serine integrase complex in the pre-rotation state | 2026-01-21T00:00:00.000+00:00 | ELECTRON MICROSCOPY
T1228V1	9dxh	candidate	T1228V1-D1,T1228V1-D2,T1228V1-D3,T1228V1-D4	1-164,165-300,301-401,402-467,468-535	E	G	4	1-25	25	0.046729	510	false	/scratch/10992/liaorunlong93/casp16-leaderboard/diagnostics/reference_gap/refmap_candidate_mmcif/9dxh.cif	c9ec82e7ed6b00da69e5b9b8ee06a6c3395928d9c647bcdc679cf085bffbf9d9	full_construct_exact_candidate_needs_native_provenance_and_mapping | 9DXH_1 | attPmm and attBmm bound serine integrase complex in the pre-rotation state | 2026-01-21T00:00:00.000+00:00 | ELECTRON MICROSCOPY
T1228V1	9dxh	candidate	T1228V1-D1,T1228V1-D2,T1228V1-D3,T1228V1-D4	1-164,165-300,301-401,402-467,468-535	F	H	5	1-24	24	0.044860	511	false	/scratch/10992/liaorunlong93/casp16-leaderboard/diagnostics/reference_gap/refmap_candidate_mmcif/9dxh.cif	c9ec82e7ed6b00da69e5b9b8ee06a6c3395928d9c647bcdc679cf085bffbf9d9	full_construct_exact_candidate_needs_native_provenance_and_mapping | 9DXH_1 | attPmm and attBmm bound serine integrase complex in the pre-rotation state | 2026-01-21T00:00:00.000+00:00 | ELECTRON MICROSCOPY
T1228V1	9dxh	candidate	T1228V1-D1,T1228V1-D2,T1228V1-D3,T1228V1-D4	1-164,165-300,301-401,402-467,468-535	G	I	1	3-537	535	0.996262	2	false	/scratch/10992/liaorunlong93/casp16-leaderboard/diagnostics/reference_gap/refmap_candidate_mmcif/9dxh.cif	c9ec82e7ed6b00da69e5b9b8ee06a6c3395928d9c647bcdc679cf085bffbf9d9	full_construct_exact_candidate_needs_native_provenance_and_mapping | 9DXH_1 | attPmm and attBmm bound serine integrase complex in the pre-rotation state | 2026-01-21T00:00:00.000+00:00 | ELECTRON MICROSCOPY
T1228V1	9dxh	candidate	T1228V1-D1,T1228V1-D2,T1228V1-D3,T1228V1-D4	1-164,165-300,301-401,402-467,468-535	H	K	1	3-537	535	0.996262	2	false	/scratch/10992/liaorunlong93/casp16-leaderboard/diagnostics/reference_gap/refmap_candidate_mmcif/9dxh.cif	c9ec82e7ed6b00da69e5b9b8ee06a6c3395928d9c647bcdc679cf085bffbf9d9	full_construct_exact_candidate_needs_native_provenance_and_mapping | 9DXH_1 | attPmm and attBmm bound serine integrase complex in the pre-rotation state | 2026-01-21T00:00:00.000+00:00 | ELECTRON MICROSCOPY
T1228V1	9dxh	candidate	T1228V1-D1,T1228V1-D2,T1228V1-D3,T1228V1-D4	1-164,165-300,301-401,402-467,468-535	I	M	2	1-34	34	0.063551	501	false	/scratch/10992/liaorunlong93/casp16-leaderboard/diagnostics/reference_gap/refmap_candidate_mmcif/9dxh.cif	c9ec82e7ed6b00da69e5b9b8ee06a6c3395928d9c647bcdc679cf085bffbf9d9	full_construct_exact_candidate_needs_native_provenance_and_mapping | 9DXH_1 | attPmm and attBmm bound serine integrase complex in the pre-rotation state | 2026-01-21T00:00:00.000+00:00 | ELECTRON MICROSCOPY
T1228V1	9dxh	candidate	T1228V1-D1,T1228V1-D2,T1228V1-D3,T1228V1-D4	1-164,165-300,301-401,402-467,468-535	J	N	3	1-33	33	0.061682	502	false	/scratch/10992/liaorunlong93/casp16-leaderboard/diagnostics/reference_gap/refmap_candidate_mmcif/9dxh.cif	c9ec82e7ed6b00da69e5b9b8ee06a6c3395928d9c647bcdc679cf085bffbf9d9	full_construct_exact_candidate_needs_native_provenance_and_mapping | 9DXH_1 | attPmm and attBmm bound serine integrase complex in the pre-rotation state | 2026-01-21T00:00:00.000+00:00 | ELECTRON MICROSCOPY
T1228V1	9dxh	candidate	T1228V1-D1,T1228V1-D2,T1228V1-D3,T1228V1-D4	1-164,165-300,301-401,402-467,468-535	K	O	4	1-25	25	0.046729	510	false	/scratch/10992/liaorunlong93/casp16-leaderboard/diagnostics/reference_gap/refmap_candidate_mmcif/9dxh.cif	c9ec82e7ed6b00da69e5b9b8ee06a6c3395928d9c647bcdc679cf085bffbf9d9	full_construct_exact_candidate_needs_native_provenance_and_mapping | 9DXH_1 | attPmm and attBmm bound serine integrase complex in the pre-rotation state | 2026-01-21T00:00:00.000+00:00 | ELECTRON MICROSCOPY
T1228V1	9dxh	candidate	T1228V1-D1,T1228V1-D2,T1228V1-D3,T1228V1-D4	1-164,165-300,301-401,402-467,468-535	L	P	5	1-24	24	0.044860	511	false	/scratch/10992/liaorunlong93/casp16-leaderboard/diagnostics/reference_gap/refmap_candidate_mmcif/9dxh.cif	c9ec82e7ed6b00da69e5b9b8ee06a6c3395928d9c647bcdc679cf085bffbf9d9	full_construct_exact_candidate_needs_native_provenance_and_mapping | 9DXH_1 | attPmm and attBmm bound serine integrase complex in the pre-rotation state | 2026-01-21T00:00:00.000+00:00 | ELECTRON MICROSCOPY
T1228V1	9dxj	candidate	T1228V1-D1,T1228V1-D2,T1228V1-D3,T1228V1-D4	1-164,165-300,301-401,402-467,468-535	A	A	1	3-537	535	0.996262	2	false	/scratch/10992/liaorunlong93/casp16-leaderboard/diagnostics/reference_gap/refmap_candidate_mmcif/9dxj.cif	b3bff78292d680d651082b779229f289e59719af091b2fb55334f1fff40378c8	full_construct_exact_candidate_needs_native_provenance_and_mapping | 9DXJ_1 | attPmm and attBmm bound serine integrase complex in the post-rotation state | 2026-01-21T00:00:00.000+00:00 | ELECTRON MICROSCOPY
T1228V1	9dxj	candidate	T1228V1-D1,T1228V1-D2,T1228V1-D3,T1228V1-D4	1-164,165-300,301-401,402-467,468-535	B	C	1	3-537	535	0.996262	2	false	/scratch/10992/liaorunlong93/casp16-leaderboard/diagnostics/reference_gap/refmap_candidate_mmcif/9dxj.cif	b3bff78292d680d651082b779229f289e59719af091b2fb55334f1fff40378c8	full_construct_exact_candidate_needs_native_provenance_and_mapping | 9DXJ_1 | attPmm and attBmm bound serine integrase complex in the post-rotation state | 2026-01-21T00:00:00.000+00:00 | ELECTRON MICROSCOPY
T1228V1	9dxj	candidate	T1228V1-D1,T1228V1-D2,T1228V1-D3,T1228V1-D4	1-164,165-300,301-401,402-467,468-535	C	E	2	1-34	34	0.063551	501	false	/scratch/10992/liaorunlong93/casp16-leaderboard/diagnostics/reference_gap/refmap_candidate_mmcif/9dxj.cif	b3bff78292d680d651082b779229f289e59719af091b2fb55334f1fff40378c8	full_construct_exact_candidate_needs_native_provenance_and_mapping | 9DXJ_1 | attPmm and attBmm bound serine integrase complex in the post-rotation state | 2026-01-21T00:00:00.000+00:00 | ELECTRON MICROSCOPY
T1228V1	9dxj	candidate	T1228V1-D1,T1228V1-D2,T1228V1-D3,T1228V1-D4	1-164,165-300,301-401,402-467,468-535	D	F	3	1-33	33	0.061682	502	false	/scratch/10992/liaorunlong93/casp16-leaderboard/diagnostics/reference_gap/refmap_candidate_mmcif/9dxj.cif	b3bff78292d680d651082b779229f289e59719af091b2fb55334f1fff40378c8	full_construct_exact_candidate_needs_native_provenance_and_mapping | 9DXJ_1 | attPmm and attBmm bound serine integrase complex in the post-rotation state | 2026-01-21T00:00:00.000+00:00 | ELECTRON MICROSCOPY
T1228V1	9dxj	candidate	T1228V1-D1,T1228V1-D2,T1228V1-D3,T1228V1-D4	1-164,165-300,301-401,402-467,468-535	E	G	4	1-25	25	0.046729	510	false	/scratch/10992/liaorunlong93/casp16-leaderboard/diagnostics/reference_gap/refmap_candidate_mmcif/9dxj.cif	b3bff78292d680d651082b779229f289e59719af091b2fb55334f1fff40378c8	full_construct_exact_candidate_needs_native_provenance_and_mapping | 9DXJ_1 | attPmm and attBmm bound serine integrase complex in the post-rotation state | 2026-01-21T00:00:00.000+00:00 | ELECTRON MICROSCOPY
T1228V1	9dxj	candidate	T1228V1-D1,T1228V1-D2,T1228V1-D3,T1228V1-D4	1-164,165-300,301-401,402-467,468-535	F	H	5	1-24	24	0.044860	511	false	/scratch/10992/liaorunlong93/casp16-leaderboard/diagnostics/reference_gap/refmap_candidate_mmcif/9dxj.cif	b3bff78292d680d651082b779229f289e59719af091b2fb55334f1fff40378c8	full_construct_exact_candidate_needs_native_provenance_and_mapping | 9DXJ_1 | attPmm and attBmm bound serine integrase complex in the post-rotation state | 2026-01-21T00:00:00.000+00:00 | ELECTRON MICROSCOPY
T1228V1	9dxj	candidate	T1228V1-D1,T1228V1-D2,T1228V1-D3,T1228V1-D4	1-164,165-300,301-401,402-467,468-535	G	I	1	3-537	535	0.996262	2	false	/scratch/10992/liaorunlong93/casp16-leaderboard/diagnostics/reference_gap/refmap_candidate_mmcif/9dxj.cif	b3bff78292d680d651082b779229f289e59719af091b2fb55334f1fff40378c8	full_construct_exact_candidate_needs_native_provenance_and_mapping | 9DXJ_1 | attPmm and attBmm bound serine integrase complex in the post-rotation state | 2026-01-21T00:00:00.000+00:00 | ELECTRON MICROSCOPY
T1228V1	9dxj	candidate	T1228V1-D1,T1228V1-D2,T1228V1-D3,T1228V1-D4	1-164,165-300,301-401,402-467,468-535	H	K	1	3-537	535	0.996262	2	false	/scratch/10992/liaorunlong93/casp16-leaderboard/diagnostics/reference_gap/refmap_candidate_mmcif/9dxj.cif	b3bff78292d680d651082b779229f289e59719af091b2fb55334f1fff40378c8	full_construct_exact_candidate_needs_native_provenance_and_mapping | 9DXJ_1 | attPmm and attBmm bound serine integrase complex in the post-rotation state | 2026-01-21T00:00:00.000+00:00 | ELECTRON MICROSCOPY
T1228V1	9dxj	candidate	T1228V1-D1,T1228V1-D2,T1228V1-D3,T1228V1-D4	1-164,165-300,301-401,402-467,468-535	I	M	2	1-34	34	0.063551	501	false	/scratch/10992/liaorunlong93/casp16-leaderboard/diagnostics/reference_gap/refmap_candidate_mmcif/9dxj.cif	b3bff78292d680d651082b779229f289e59719af091b2fb55334f1fff40378c8	full_construct_exact_candidate_needs_native_provenance_and_mapping | 9DXJ_1 | attPmm and attBmm bound serine integrase complex in the post-rotation state | 2026-01-21T00:00:00.000+00:00 | ELECTRON MICROSCOPY
T1228V1	9dxj	candidate	T1228V1-D1,T1228V1-D2,T1228V1-D3,T1228V1-D4	1-164,165-300,301-401,402-467,468-535	J	N	3	1-33	33	0.061682	502	false	/scratch/10992/liaorunlong93/casp16-leaderboard/diagnostics/reference_gap/refmap_candidate_mmcif/9dxj.cif	b3bff78292d680d651082b779229f289e59719af091b2fb55334f1fff40378c8	full_construct_exact_candidate_needs_native_provenance_and_mapping | 9DXJ_1 | attPmm and attBmm bound serine integrase complex in the post-rotation state | 2026-01-21T00:00:00.000+00:00 | ELECTRON MICROSCOPY
T1228V1	9dxj	candidate	T1228V1-D1,T1228V1-D2,T1228V1-D3,T1228V1-D4	1-164,165-300,301-401,402-467,468-535	K	O	4	1-25	25	0.046729	510	false	/scratch/10992/liaorunlong93/casp16-leaderboard/diagnostics/reference_gap/refmap_candidate_mmcif/9dxj.cif	b3bff78292d680d651082b779229f289e59719af091b2fb55334f1fff40378c8	full_construct_exact_candidate_needs_native_provenance_and_mapping | 9DXJ_1 | attPmm and attBmm bound serine integrase complex in the post-rotation state | 2026-01-21T00:00:00.000+00:00 | ELECTRON MICROSCOPY
T1228V1	9dxj	candidate	T1228V1-D1,T1228V1-D2,T1228V1-D3,T1228V1-D4	1-164,165-300,301-401,402-467,468-535	L	P	5	1-24	24	0.044860	511	false	/scratch/10992/liaorunlong93/casp16-leaderboard/diagnostics/reference_gap/refmap_candidate_mmcif/9dxj.cif	b3bff78292d680d651082b779229f289e59719af091b2fb55334f1fff40378c8	full_construct_exact_candidate_needs_native_provenance_and_mapping | 9DXJ_1 | attPmm and attBmm bound serine integrase complex in the post-rotation state | 2026-01-21T00:00:00.000+00:00 | ELECTRON MICROSCOPY
T1228V1	9dxk	candidate	T1228V1-D1,T1228V1-D2,T1228V1-D3,T1228V1-D4	1-164,165-300,301-401,402-467,468-535	A	A	1	1-535	535	1.000000	0	true	/scratch/10992/liaorunlong93/casp16-leaderboard/diagnostics/reference_gap/refmap_candidate_mmcif/9dxk.cif	3c026389051c7682890fd1120dfea335aab652c8d4e4c5841fe56bd621dbf74c	full_construct_exact_candidate_needs_native_provenance_and_mapping | 9DXK_1 | attPmm bound serine integrase complex in the tetrameric state | 2026-01-21T00:00:00.000+00:00 | ELECTRON MICROSCOPY
T1228V1	9dxk	candidate	T1228V1-D1,T1228V1-D2,T1228V1-D3,T1228V1-D4	1-164,165-300,301-401,402-467,468-535	B	C	1	1-535	535	1.000000	0	true	/scratch/10992/liaorunlong93/casp16-leaderboard/diagnostics/reference_gap/refmap_candidate_mmcif/9dxk.cif	3c026389051c7682890fd1120dfea335aab652c8d4e4c5841fe56bd621dbf74c	full_construct_exact_candidate_needs_native_provenance_and_mapping | 9DXK_1 | attPmm bound serine integrase complex in the tetrameric state | 2026-01-21T00:00:00.000+00:00 | ELECTRON MICROSCOPY
T1228V1	9dxk	candidate	T1228V1-D1,T1228V1-D2,T1228V1-D3,T1228V1-D4	1-164,165-300,301-401,402-467,468-535	C	I	1	1-535	535	1.000000	0	true	/scratch/10992/liaorunlong93/casp16-leaderboard/diagnostics/reference_gap/refmap_candidate_mmcif/9dxk.cif	3c026389051c7682890fd1120dfea335aab652c8d4e4c5841fe56bd621dbf74c	full_construct_exact_candidate_needs_native_provenance_and_mapping | 9DXK_1 | attPmm bound serine integrase complex in the tetrameric state | 2026-01-21T00:00:00.000+00:00 | ELECTRON MICROSCOPY
T1228V1	9dxk	candidate	T1228V1-D1,T1228V1-D2,T1228V1-D3,T1228V1-D4	1-164,165-300,301-401,402-467,468-535	D	K	1	1-535	535	1.000000	0	true	/scratch/10992/liaorunlong93/casp16-leaderboard/diagnostics/reference_gap/refmap_candidate_mmcif/9dxk.cif	3c026389051c7682890fd1120dfea335aab652c8d4e4c5841fe56bd621dbf74c	full_construct_exact_candidate_needs_native_provenance_and_mapping | 9DXK_1 | attPmm bound serine integrase complex in the tetrameric state | 2026-01-21T00:00:00.000+00:00 | ELECTRON MICROSCOPY
T1228V1	9dxk	candidate	T1228V1-D1,T1228V1-D2,T1228V1-D3,T1228V1-D4	1-164,165-300,301-401,402-467,468-535	E	E	2	7-34	28	0.052336	507	false	/scratch/10992/liaorunlong93/casp16-leaderboard/diagnostics/reference_gap/refmap_candidate_mmcif/9dxk.cif	3c026389051c7682890fd1120dfea335aab652c8d4e4c5841fe56bd621dbf74c	full_construct_exact_candidate_needs_native_provenance_and_mapping | 9DXK_1 | attPmm bound serine integrase complex in the tetrameric state | 2026-01-21T00:00:00.000+00:00 | ELECTRON MICROSCOPY
T1228V1	9dxk	candidate	T1228V1-D1,T1228V1-D2,T1228V1-D3,T1228V1-D4	1-164,165-300,301-401,402-467,468-535	F	F	3	1-27	27	0.050467	508	false	/scratch/10992/liaorunlong93/casp16-leaderboard/diagnostics/reference_gap/refmap_candidate_mmcif/9dxk.cif	3c026389051c7682890fd1120dfea335aab652c8d4e4c5841fe56bd621dbf74c	full_construct_exact_candidate_needs_native_provenance_and_mapping | 9DXK_1 | attPmm bound serine integrase complex in the tetrameric state | 2026-01-21T00:00:00.000+00:00 | ELECTRON MICROSCOPY
T1228V1	9dxk	candidate	T1228V1-D1,T1228V1-D2,T1228V1-D3,T1228V1-D4	1-164,165-300,301-401,402-467,468-535	G	G	2	9-34	26	0.048598	509	false	/scratch/10992/liaorunlong93/casp16-leaderboard/diagnostics/reference_gap/refmap_candidate_mmcif/9dxk.cif	3c026389051c7682890fd1120dfea335aab652c8d4e4c5841fe56bd621dbf74c	full_construct_exact_candidate_needs_native_provenance_and_mapping | 9DXK_1 | attPmm bound serine integrase complex in the tetrameric state | 2026-01-21T00:00:00.000+00:00 | ELECTRON MICROSCOPY
T1228V1	9dxk	candidate	T1228V1-D1,T1228V1-D2,T1228V1-D3,T1228V1-D4	1-164,165-300,301-401,402-467,468-535	H	H	3	1-25	25	0.046729	510	false	/scratch/10992/liaorunlong93/casp16-leaderboard/diagnostics/reference_gap/refmap_candidate_mmcif/9dxk.cif	3c026389051c7682890fd1120dfea335aab652c8d4e4c5841fe56bd621dbf74c	full_construct_exact_candidate_needs_native_provenance_and_mapping | 9DXK_1 | attPmm bound serine integrase complex in the tetrameric state | 2026-01-21T00:00:00.000+00:00 | ELECTRON MICROSCOPY
T1228V1	9dxk	candidate	T1228V1-D1,T1228V1-D2,T1228V1-D3,T1228V1-D4	1-164,165-300,301-401,402-467,468-535	I	M	2	7-34	28	0.052336	507	false	/scratch/10992/liaorunlong93/casp16-leaderboard/diagnostics/reference_gap/refmap_candidate_mmcif/9dxk.cif	3c026389051c7682890fd1120dfea335aab652c8d4e4c5841fe56bd621dbf74c	full_construct_exact_candidate_needs_native_provenance_and_mapping | 9DXK_1 | attPmm bound serine integrase complex in the tetrameric state | 2026-01-21T00:00:00.000+00:00 | ELECTRON MICROSCOPY
T1228V1	9dxk	candidate	T1228V1-D1,T1228V1-D2,T1228V1-D3,T1228V1-D4	1-164,165-300,301-401,402-467,468-535	J	N	3	1-27	27	0.050467	508	false	/scratch/10992/liaorunlong93/casp16-leaderboard/diagnostics/reference_gap/refmap_candidate_mmcif/9dxk.cif	3c026389051c7682890fd1120dfea335aab652c8d4e4c5841fe56bd621dbf74c	full_construct_exact_candidate_needs_native_provenance_and_mapping | 9DXK_1 | attPmm bound serine integrase complex in the tetrameric state | 2026-01-21T00:00:00.000+00:00 | ELECTRON MICROSCOPY
T1228V1	9dxk	candidate	T1228V1-D1,T1228V1-D2,T1228V1-D3,T1228V1-D4	1-164,165-300,301-401,402-467,468-535	K	O	2	7-34	28	0.052336	507	false	/scratch/10992/liaorunlong93/casp16-leaderboard/diagnostics/reference_gap/refmap_candidate_mmcif/9dxk.cif	3c026389051c7682890fd1120dfea335aab652c8d4e4c5841fe56bd621dbf74c	full_construct_exact_candidate_needs_native_provenance_and_mapping | 9DXK_1 | attPmm bound serine integrase complex in the tetrameric state | 2026-01-21T00:00:00.000+00:00 | ELECTRON MICROSCOPY
T1228V1	9dxk	candidate	T1228V1-D1,T1228V1-D2,T1228V1-D3,T1228V1-D4	1-164,165-300,301-401,402-467,468-535	L	P	3	1-27	27	0.050467	508	false	/scratch/10992/liaorunlong93/casp16-leaderboard/diagnostics/reference_gap/refmap_candidate_mmcif/9dxk.cif	3c026389051c7682890fd1120dfea335aab652c8d4e4c5841fe56bd621dbf74c	full_construct_exact_candidate_needs_native_provenance_and_mapping | 9DXK_1 | attPmm bound serine integrase complex in the tetrameric state | 2026-01-21T00:00:00.000+00:00 | ELECTRON MICROSCOPY
T1228V1	9y66	candidate	T1228V1-D1,T1228V1-D2,T1228V1-D3,T1228V1-D4	1-164,165-300,301-401,402-467,468-535	A	A	1	1-397,400-537	535	0.996262	2	false	/scratch/10992/liaorunlong93/casp16-leaderboard/diagnostics/reference_gap/refmap_candidate_mmcif/9y66.cif	b7bb600c5ddfb3f3055e633b7190f9c21de312aba251509a7f122c07ec3d1835	full_construct_exact_candidate_needs_native_provenance_and_mapping | 9Y66_1 | attLsym bound serine integrase complex in the dimeric state | 2026-02-04T00:00:00.000+00:00 | ELECTRON MICROSCOPY
T1228V1	9y66	candidate	T1228V1-D1,T1228V1-D2,T1228V1-D3,T1228V1-D4	1-164,165-300,301-401,402-467,468-535	B	C	1	1-537	537	1.000000	0	true	/scratch/10992/liaorunlong93/casp16-leaderboard/diagnostics/reference_gap/refmap_candidate_mmcif/9y66.cif	b7bb600c5ddfb3f3055e633b7190f9c21de312aba251509a7f122c07ec3d1835	full_construct_exact_candidate_needs_native_provenance_and_mapping | 9Y66_1 | attLsym bound serine integrase complex in the dimeric state | 2026-02-04T00:00:00.000+00:00 | ELECTRON MICROSCOPY
T1228V1	9y66	candidate	T1228V1-D1,T1228V1-D2,T1228V1-D3,T1228V1-D4	1-164,165-300,301-401,402-467,468-535	C	E	2	2-63	62	0.115888	473	false	/scratch/10992/liaorunlong93/casp16-leaderboard/diagnostics/reference_gap/refmap_candidate_mmcif/9y66.cif	b7bb600c5ddfb3f3055e633b7190f9c21de312aba251509a7f122c07ec3d1835	full_construct_exact_candidate_needs_native_provenance_and_mapping | 9Y66_1 | attLsym bound serine integrase complex in the dimeric state | 2026-02-04T00:00:00.000+00:00 | ELECTRON MICROSCOPY
T1228V1	9y66	candidate	T1228V1-D1,T1228V1-D2,T1228V1-D3,T1228V1-D4	1-164,165-300,301-401,402-467,468-535	D	F	3	1-62	62	0.115888	473	false	/scratch/10992/liaorunlong93/casp16-leaderboard/diagnostics/reference_gap/refmap_candidate_mmcif/9y66.cif	b7bb600c5ddfb3f3055e633b7190f9c21de312aba251509a7f122c07ec3d1835	full_construct_exact_candidate_needs_native_provenance_and_mapping | 9Y66_1 | attLsym bound serine integrase complex in the dimeric state | 2026-02-04T00:00:00.000+00:00 | ELECTRON MICROSCOPY
T1278	9hav	candidate	T1278-D1	34-370	A	A	1	33-370	338	1.000000	0	true	/scratch/10992/liaorunlong93/casp16-leaderboard/diagnostics/reference_gap/refmap_candidate_mmcif/9hav.cif	4883f756bc6db3c32b1ea09001e16ab3580252ec592d986276ab30a5d09f2b88	full_construct_exact_candidate_needs_native_provenance_and_mapping | 9HAV_1 | F420-dependent glucose-6-phosphate dehydrogenase from Thermomicrobium roseus with glucose | 2025-11-19T00:00:00.000+00:00 | X-RAY DIFFRACTION
T1278	9hav	candidate	T1278-D1	34-370	B	B	1	35-369	335	0.994065	2	false	/scratch/10992/liaorunlong93/casp16-leaderboard/diagnostics/reference_gap/refmap_candidate_mmcif/9hav.cif	4883f756bc6db3c32b1ea09001e16ab3580252ec592d986276ab30a5d09f2b88	full_construct_exact_candidate_needs_native_provenance_and_mapping | 9HAV_1 | F420-dependent glucose-6-phosphate dehydrogenase from Thermomicrobium roseus with glucose | 2025-11-19T00:00:00.000+00:00 | X-RAY DIFFRACTION
T1278	9hav	candidate	T1278-D1	34-370	C	C	1	34-369	336	0.997033	1	false	/scratch/10992/liaorunlong93/casp16-leaderboard/diagnostics/reference_gap/refmap_candidate_mmcif/9hav.cif	4883f756bc6db3c32b1ea09001e16ab3580252ec592d986276ab30a5d09f2b88	full_construct_exact_candidate_needs_native_provenance_and_mapping | 9HAV_1 | F420-dependent glucose-6-phosphate dehydrogenase from Thermomicrobium roseus with glucose | 2025-11-19T00:00:00.000+00:00 | X-RAY DIFFRACTION
T1278	9hav	candidate	T1278-D1	34-370	D	F	1	34-369	336	0.997033	1	false	/scratch/10992/liaorunlong93/casp16-leaderboard/diagnostics/reference_gap/refmap_candidate_mmcif/9hav.cif	4883f756bc6db3c32b1ea09001e16ab3580252ec592d986276ab30a5d09f2b88	full_construct_exact_candidate_needs_native_provenance_and_mapping | 9HAV_1 | F420-dependent glucose-6-phosphate dehydrogenase from Thermomicrobium roseus with glucose | 2025-11-19T00:00:00.000+00:00 | X-RAY DIFFRACTION
T1278	9hav	candidate	T1278-D1	34-370	E	E	1	34-369	336	0.997033	1	false	/scratch/10992/liaorunlong93/casp16-leaderboard/diagnostics/reference_gap/refmap_candidate_mmcif/9hav.cif	4883f756bc6db3c32b1ea09001e16ab3580252ec592d986276ab30a5d09f2b88	full_construct_exact_candidate_needs_native_provenance_and_mapping | 9HAV_1 | F420-dependent glucose-6-phosphate dehydrogenase from Thermomicrobium roseus with glucose | 2025-11-19T00:00:00.000+00:00 | X-RAY DIFFRACTION
T1278	9hav	candidate	T1278-D1	34-370	F	D	1	34-369	336	0.997033	1	false	/scratch/10992/liaorunlong93/casp16-leaderboard/diagnostics/reference_gap/refmap_candidate_mmcif/9hav.cif	4883f756bc6db3c32b1ea09001e16ab3580252ec592d986276ab30a5d09f2b88	full_construct_exact_candidate_needs_native_provenance_and_mapping | 9HAV_1 | F420-dependent glucose-6-phosphate dehydrogenase from Thermomicrobium roseus with glucose | 2025-11-19T00:00:00.000+00:00 | X-RAY DIFFRACTION
T1278	9haw	candidate	T1278-D1	34-370	A	A	1	33-371	339	1.000000	0	true	/scratch/10992/liaorunlong93/casp16-leaderboard/diagnostics/reference_gap/refmap_candidate_mmcif/9haw.cif	dc7cd87f5f373fa08b777ddb0adb488950b08b18c4fa871d3a5a758f85f020f3	full_construct_exact_candidate_needs_native_provenance_and_mapping | 9HAW_1 | F420-dependent glucose-6-phosphate dehydrogenase without ligand | 2025-11-19T00:00:00.000+00:00 | X-RAY DIFFRACTION
T1278	9haw	candidate	T1278-D1	34-370	B	B	1	34-370	337	1.000000	0	true	/scratch/10992/liaorunlong93/casp16-leaderboard/diagnostics/reference_gap/refmap_candidate_mmcif/9haw.cif	dc7cd87f5f373fa08b777ddb0adb488950b08b18c4fa871d3a5a758f85f020f3	full_construct_exact_candidate_needs_native_provenance_and_mapping | 9HAW_1 | F420-dependent glucose-6-phosphate dehydrogenase without ligand | 2025-11-19T00:00:00.000+00:00 | X-RAY DIFFRACTION
T1278	9haw	candidate	T1278-D1	34-370	C	C	1	33-370	338	1.000000	0	true	/scratch/10992/liaorunlong93/casp16-leaderboard/diagnostics/reference_gap/refmap_candidate_mmcif/9haw.cif	dc7cd87f5f373fa08b777ddb0adb488950b08b18c4fa871d3a5a758f85f020f3	full_construct_exact_candidate_needs_native_provenance_and_mapping | 9HAW_1 | F420-dependent glucose-6-phosphate dehydrogenase without ligand | 2025-11-19T00:00:00.000+00:00 | X-RAY DIFFRACTION
T1278	9haw	candidate	T1278-D1	34-370	D	D	1	34-371	338	1.000000	0	true	/scratch/10992/liaorunlong93/casp16-leaderboard/diagnostics/reference_gap/refmap_candidate_mmcif/9haw.cif	dc7cd87f5f373fa08b777ddb0adb488950b08b18c4fa871d3a5a758f85f020f3	full_construct_exact_candidate_needs_native_provenance_and_mapping | 9HAW_1 | F420-dependent glucose-6-phosphate dehydrogenase without ligand | 2025-11-19T00:00:00.000+00:00 | X-RAY DIFFRACTION
T1278	9haw	candidate	T1278-D1	34-370	E	E	1	32-370	339	1.000000	0	true	/scratch/10992/liaorunlong93/casp16-leaderboard/diagnostics/reference_gap/refmap_candidate_mmcif/9haw.cif	dc7cd87f5f373fa08b777ddb0adb488950b08b18c4fa871d3a5a758f85f020f3	full_construct_exact_candidate_needs_native_provenance_and_mapping | 9HAW_1 | F420-dependent glucose-6-phosphate dehydrogenase without ligand | 2025-11-19T00:00:00.000+00:00 | X-RAY DIFFRACTION
T1278	9haw	candidate	T1278-D1	34-370	F	F	1	34-370	337	1.000000	0	true	/scratch/10992/liaorunlong93/casp16-leaderboard/diagnostics/reference_gap/refmap_candidate_mmcif/9haw.cif	dc7cd87f5f373fa08b777ddb0adb488950b08b18c4fa871d3a5a758f85f020f3	full_construct_exact_candidate_needs_native_provenance_and_mapping | 9HAW_1 | F420-dependent glucose-6-phosphate dehydrogenase without ligand | 2025-11-19T00:00:00.000+00:00 | X-RAY DIFFRACTION
T1278	9haw	candidate	T1278-D1	34-370	G	G	1	32-371	340	1.000000	0	true	/scratch/10992/liaorunlong93/casp16-leaderboard/diagnostics/reference_gap/refmap_candidate_mmcif/9haw.cif	dc7cd87f5f373fa08b777ddb0adb488950b08b18c4fa871d3a5a758f85f020f3	full_construct_exact_candidate_needs_native_provenance_and_mapping | 9HAW_1 | F420-dependent glucose-6-phosphate dehydrogenase without ligand | 2025-11-19T00:00:00.000+00:00 | X-RAY DIFFRACTION
T1278	9haw	candidate	T1278-D1	34-370	H	H	1	34-371	338	1.000000	0	true	/scratch/10992/liaorunlong93/casp16-leaderboard/diagnostics/reference_gap/refmap_candidate_mmcif/9haw.cif	dc7cd87f5f373fa08b777ddb0adb488950b08b18c4fa871d3a5a758f85f020f3	full_construct_exact_candidate_needs_native_provenance_and_mapping | 9HAW_1 | F420-dependent glucose-6-phosphate dehydrogenase without ligand | 2025-11-19T00:00:00.000+00:00 | X-RAY DIFFRACTION
T1278	9haw	candidate	T1278-D1	34-370	I	I	1	34-370	337	1.000000	0	true	/scratch/10992/liaorunlong93/casp16-leaderboard/diagnostics/reference_gap/refmap_candidate_mmcif/9haw.cif	dc7cd87f5f373fa08b777ddb0adb488950b08b18c4fa871d3a5a758f85f020f3	full_construct_exact_candidate_needs_native_provenance_and_mapping | 9HAW_1 | F420-dependent glucose-6-phosphate dehydrogenase without ligand | 2025-11-19T00:00:00.000+00:00 | X-RAY DIFFRACTION
T1278	9haw	candidate	T1278-D1	34-370	J	J	1	34-370	337	1.000000	0	true	/scratch/10992/liaorunlong93/casp16-leaderboard/diagnostics/reference_gap/refmap_candidate_mmcif/9haw.cif	dc7cd87f5f373fa08b777ddb0adb488950b08b18c4fa871d3a5a758f85f020f3	full_construct_exact_candidate_needs_native_provenance_and_mapping | 9HAW_1 | F420-dependent glucose-6-phosphate dehydrogenase without ligand | 2025-11-19T00:00:00.000+00:00 | X-RAY DIFFRACTION
T1278	9haw	candidate	T1278-D1	34-370	K	K	1	32-371	340	1.000000	0	true	/scratch/10992/liaorunlong93/casp16-leaderboard/diagnostics/reference_gap/refmap_candidate_mmcif/9haw.cif	dc7cd87f5f373fa08b777ddb0adb488950b08b18c4fa871d3a5a758f85f020f3	full_construct_exact_candidate_needs_native_provenance_and_mapping | 9HAW_1 | F420-dependent glucose-6-phosphate dehydrogenase without ligand | 2025-11-19T00:00:00.000+00:00 | X-RAY DIFFRACTION
T1278	9haw	candidate	T1278-D1	34-370	L	L	1	34-371	338	1.000000	0	true	/scratch/10992/liaorunlong93/casp16-leaderboard/diagnostics/reference_gap/refmap_candidate_mmcif/9haw.cif	dc7cd87f5f373fa08b777ddb0adb488950b08b18c4fa871d3a5a758f85f020f3	full_construct_exact_candidate_needs_native_provenance_and_mapping | 9HAW_1 | F420-dependent glucose-6-phosphate dehydrogenase without ligand | 2025-11-19T00:00:00.000+00:00 | X-RAY DIFFRACTION
T1278	9haw	candidate	T1278-D1	34-370	M	M	1	34-371	338	1.000000	0	true	/scratch/10992/liaorunlong93/casp16-leaderboard/diagnostics/reference_gap/refmap_candidate_mmcif/9haw.cif	dc7cd87f5f373fa08b777ddb0adb488950b08b18c4fa871d3a5a758f85f020f3	full_construct_exact_candidate_needs_native_provenance_and_mapping | 9HAW_1 | F420-dependent glucose-6-phosphate dehydrogenase without ligand | 2025-11-19T00:00:00.000+00:00 | X-RAY DIFFRACTION
T1278	9haw	candidate	T1278-D1	34-370	N	N	1	34-372	339	1.000000	0	true	/scratch/10992/liaorunlong93/casp16-leaderboard/diagnostics/reference_gap/refmap_candidate_mmcif/9haw.cif	dc7cd87f5f373fa08b777ddb0adb488950b08b18c4fa871d3a5a758f85f020f3	full_construct_exact_candidate_needs_native_provenance_and_mapping | 9HAW_1 | F420-dependent glucose-6-phosphate dehydrogenase without ligand | 2025-11-19T00:00:00.000+00:00 | X-RAY DIFFRACTION
T1278	9haw	candidate	T1278-D1	34-370	O	Q	1	33-371	339	1.000000	0	true	/scratch/10992/liaorunlong93/casp16-leaderboard/diagnostics/reference_gap/refmap_candidate_mmcif/9haw.cif	dc7cd87f5f373fa08b777ddb0adb488950b08b18c4fa871d3a5a758f85f020f3	full_construct_exact_candidate_needs_native_provenance_and_mapping | 9HAW_1 | F420-dependent glucose-6-phosphate dehydrogenase without ligand | 2025-11-19T00:00:00.000+00:00 | X-RAY DIFFRACTION
T1278	9haw	candidate	T1278-D1	34-370	P	R	1	33-370	338	1.000000	0	true	/scratch/10992/liaorunlong93/casp16-leaderboard/diagnostics/reference_gap/refmap_candidate_mmcif/9haw.cif	dc7cd87f5f373fa08b777ddb0adb488950b08b18c4fa871d3a5a758f85f020f3	full_construct_exact_candidate_needs_native_provenance_and_mapping | 9HAW_1 | F420-dependent glucose-6-phosphate dehydrogenase without ligand | 2025-11-19T00:00:00.000+00:00 | X-RAY DIFFRACTION
T1278	9haw	candidate	T1278-D1	34-370	Q	O	1	34-371	338	1.000000	0	true	/scratch/10992/liaorunlong93/casp16-leaderboard/diagnostics/reference_gap/refmap_candidate_mmcif/9haw.cif	dc7cd87f5f373fa08b777ddb0adb488950b08b18c4fa871d3a5a758f85f020f3	full_construct_exact_candidate_needs_native_provenance_and_mapping | 9HAW_1 | F420-dependent glucose-6-phosphate dehydrogenase without ligand | 2025-11-19T00:00:00.000+00:00 | X-RAY DIFFRACTION
T1278	9haw	candidate	T1278-D1	34-370	R	P	1	32-371	340	1.000000	0	true	/scratch/10992/liaorunlong93/casp16-leaderboard/diagnostics/reference_gap/refmap_candidate_mmcif/9haw.cif	dc7cd87f5f373fa08b777ddb0adb488950b08b18c4fa871d3a5a758f85f020f3	full_construct_exact_candidate_needs_native_provenance_and_mapping | 9HAW_1 | F420-dependent glucose-6-phosphate dehydrogenase without ligand | 2025-11-19T00:00:00.000+00:00 | X-RAY DIFFRACTION
T1278	9hax	candidate	T1278-D1	34-370	A	A	1	30-370	341	1.000000	0	true	/scratch/10992/liaorunlong93/casp16-leaderboard/diagnostics/reference_gap/refmap_candidate_mmcif/9hax.cif	26366f0c5825a8818d2f00774a3f99ad7b2c4736cfbfa622a4205163a5358437	full_construct_exact_candidate_needs_native_provenance_and_mapping | 9HAX_1 | F420-dependent glucose-6-phosphate dehydrogenase | 2025-11-19T00:00:00.000+00:00 | X-RAY DIFFRACTION
T1278	9hax	candidate	T1278-D1	34-370	B	B	1	34-370	337	1.000000	0	true	/scratch/10992/liaorunlong93/casp16-leaderboard/diagnostics/reference_gap/refmap_candidate_mmcif/9hax.cif	26366f0c5825a8818d2f00774a3f99ad7b2c4736cfbfa622a4205163a5358437	full_construct_exact_candidate_needs_native_provenance_and_mapping | 9HAX_1 | F420-dependent glucose-6-phosphate dehydrogenase | 2025-11-19T00:00:00.000+00:00 | X-RAY DIFFRACTION
T1278	9hax	candidate	T1278-D1	34-370	C	C	1	30-370	341	1.000000	0	true	/scratch/10992/liaorunlong93/casp16-leaderboard/diagnostics/reference_gap/refmap_candidate_mmcif/9hax.cif	26366f0c5825a8818d2f00774a3f99ad7b2c4736cfbfa622a4205163a5358437	full_construct_exact_candidate_needs_native_provenance_and_mapping | 9HAX_1 | F420-dependent glucose-6-phosphate dehydrogenase | 2025-11-19T00:00:00.000+00:00 | X-RAY DIFFRACTION
T1278	9hax	candidate	T1278-D1	34-370	D	D	1	30-370	341	1.000000	0	true	/scratch/10992/liaorunlong93/casp16-leaderboard/diagnostics/reference_gap/refmap_candidate_mmcif/9hax.cif	26366f0c5825a8818d2f00774a3f99ad7b2c4736cfbfa622a4205163a5358437	full_construct_exact_candidate_needs_native_provenance_and_mapping | 9HAX_1 | F420-dependent glucose-6-phosphate dehydrogenase | 2025-11-19T00:00:00.000+00:00 | X-RAY DIFFRACTION
T1278	9hax	candidate	T1278-D1	34-370	E	E	1	34-370	337	1.000000	0	true	/scratch/10992/liaorunlong93/casp16-leaderboard/diagnostics/reference_gap/refmap_candidate_mmcif/9hax.cif	26366f0c5825a8818d2f00774a3f99ad7b2c4736cfbfa622a4205163a5358437	full_construct_exact_candidate_needs_native_provenance_and_mapping | 9HAX_1 | F420-dependent glucose-6-phosphate dehydrogenase | 2025-11-19T00:00:00.000+00:00 | X-RAY DIFFRACTION
T1278	9hax	candidate	T1278-D1	34-370	F	F	1	31-370	340	1.000000	0	true	/scratch/10992/liaorunlong93/casp16-leaderboard/diagnostics/reference_gap/refmap_candidate_mmcif/9hax.cif	26366f0c5825a8818d2f00774a3f99ad7b2c4736cfbfa622a4205163a5358437	full_construct_exact_candidate_needs_native_provenance_and_mapping | 9HAX_1 | F420-dependent glucose-6-phosphate dehydrogenase | 2025-11-19T00:00:00.000+00:00 | X-RAY DIFFRACTION
T1278	9hax	candidate	T1278-D1	34-370	G	G	1	30-370	341	1.000000	0	true	/scratch/10992/liaorunlong93/casp16-leaderboard/diagnostics/reference_gap/refmap_candidate_mmcif/9hax.cif	26366f0c5825a8818d2f00774a3f99ad7b2c4736cfbfa622a4205163a5358437	full_construct_exact_candidate_needs_native_provenance_and_mapping | 9HAX_1 | F420-dependent glucose-6-phosphate dehydrogenase | 2025-11-19T00:00:00.000+00:00 | X-RAY DIFFRACTION
T1278	9hax	candidate	T1278-D1	34-370	H	H	1	32-370	339	1.000000	0	true	/scratch/10992/liaorunlong93/casp16-leaderboard/diagnostics/reference_gap/refmap_candidate_mmcif/9hax.cif	26366f0c5825a8818d2f00774a3f99ad7b2c4736cfbfa622a4205163a5358437	full_construct_exact_candidate_needs_native_provenance_and_mapping | 9HAX_1 | F420-dependent glucose-6-phosphate dehydrogenase | 2025-11-19T00:00:00.000+00:00 | X-RAY DIFFRACTION
T1278	9hax	candidate	T1278-D1	34-370	I	I	1	32-370	339	1.000000	0	true	/scratch/10992/liaorunlong93/casp16-leaderboard/diagnostics/reference_gap/refmap_candidate_mmcif/9hax.cif	26366f0c5825a8818d2f00774a3f99ad7b2c4736cfbfa622a4205163a5358437	full_construct_exact_candidate_needs_native_provenance_and_mapping | 9HAX_1 | F420-dependent glucose-6-phosphate dehydrogenase | 2025-11-19T00:00:00.000+00:00 | X-RAY DIFFRACTION
T1278	9hax	candidate	T1278-D1	34-370	J	J	1	30-370	341	1.000000	0	true	/scratch/10992/liaorunlong93/casp16-leaderboard/diagnostics/reference_gap/refmap_candidate_mmcif/9hax.cif	26366f0c5825a8818d2f00774a3f99ad7b2c4736cfbfa622a4205163a5358437	full_construct_exact_candidate_needs_native_provenance_and_mapping | 9HAX_1 | F420-dependent glucose-6-phosphate dehydrogenase | 2025-11-19T00:00:00.000+00:00 | X-RAY DIFFRACTION
T1278	9hax	candidate	T1278-D1	34-370	K	K	1	30-370	341	1.000000	0	true	/scratch/10992/liaorunlong93/casp16-leaderboard/diagnostics/reference_gap/refmap_candidate_mmcif/9hax.cif	26366f0c5825a8818d2f00774a3f99ad7b2c4736cfbfa622a4205163a5358437	full_construct_exact_candidate_needs_native_provenance_and_mapping | 9HAX_1 | F420-dependent glucose-6-phosphate dehydrogenase | 2025-11-19T00:00:00.000+00:00 | X-RAY DIFFRACTION
T1278	9hax	candidate	T1278-D1	34-370	L	L	1	30-370	341	1.000000	0	true	/scratch/10992/liaorunlong93/casp16-leaderboard/diagnostics/reference_gap/refmap_candidate_mmcif/9hax.cif	26366f0c5825a8818d2f00774a3f99ad7b2c4736cfbfa622a4205163a5358437	full_construct_exact_candidate_needs_native_provenance_and_mapping | 9HAX_1 | F420-dependent glucose-6-phosphate dehydrogenase | 2025-11-19T00:00:00.000+00:00 | X-RAY DIFFRACTION
T1278	9hay	candidate	T1278-D1	34-370	A	A	1	34-370	337	1.000000	0	true	/scratch/10992/liaorunlong93/casp16-leaderboard/diagnostics/reference_gap/refmap_candidate_mmcif/9hay.cif	2b873270844ea497acaf12812bda01c5f18b3f110b51d25e19ecfddeac536c25	full_construct_exact_candidate_needs_native_provenance_and_mapping | 9HAY_1 | F420-dependent glucose-6-phosphate dehydrogenase with glucose-6-phosphate | 2025-11-19T00:00:00.000+00:00 | X-RAY DIFFRACTION
T1278	9hay	candidate	T1278-D1	34-370	B	B	1	34-371	338	1.000000	0	true	/scratch/10992/liaorunlong93/casp16-leaderboard/diagnostics/reference_gap/refmap_candidate_mmcif/9hay.cif	2b873270844ea497acaf12812bda01c5f18b3f110b51d25e19ecfddeac536c25	full_construct_exact_candidate_needs_native_provenance_and_mapping | 9HAY_1 | F420-dependent glucose-6-phosphate dehydrogenase with glucose-6-phosphate | 2025-11-19T00:00:00.000+00:00 | X-RAY DIFFRACTION
T1278	9hay	candidate	T1278-D1	34-370	C	C	1	34-371	338	1.000000	0	true	/scratch/10992/liaorunlong93/casp16-leaderboard/diagnostics/reference_gap/refmap_candidate_mmcif/9hay.cif	2b873270844ea497acaf12812bda01c5f18b3f110b51d25e19ecfddeac536c25	full_construct_exact_candidate_needs_native_provenance_and_mapping | 9HAY_1 | F420-dependent glucose-6-phosphate dehydrogenase with glucose-6-phosphate | 2025-11-19T00:00:00.000+00:00 | X-RAY DIFFRACTION
T1278	9hay	candidate	T1278-D1	34-370	D	D	1	32-371	340	1.000000	0	true	/scratch/10992/liaorunlong93/casp16-leaderboard/diagnostics/reference_gap/refmap_candidate_mmcif/9hay.cif	2b873270844ea497acaf12812bda01c5f18b3f110b51d25e19ecfddeac536c25	full_construct_exact_candidate_needs_native_provenance_and_mapping | 9HAY_1 | F420-dependent glucose-6-phosphate dehydrogenase with glucose-6-phosphate | 2025-11-19T00:00:00.000+00:00 | X-RAY DIFFRACTION
T1278	9hay	candidate	T1278-D1	34-370	E	E	1	34-371	338	1.000000	0	true	/scratch/10992/liaorunlong93/casp16-leaderboard/diagnostics/reference_gap/refmap_candidate_mmcif/9hay.cif	2b873270844ea497acaf12812bda01c5f18b3f110b51d25e19ecfddeac536c25	full_construct_exact_candidate_needs_native_provenance_and_mapping | 9HAY_1 | F420-dependent glucose-6-phosphate dehydrogenase with glucose-6-phosphate | 2025-11-19T00:00:00.000+00:00 | X-RAY DIFFRACTION
T1278	9hay	candidate	T1278-D1	34-370	F	F	1	34-370	337	1.000000	0	true	/scratch/10992/liaorunlong93/casp16-leaderboard/diagnostics/reference_gap/refmap_candidate_mmcif/9hay.cif	2b873270844ea497acaf12812bda01c5f18b3f110b51d25e19ecfddeac536c25	full_construct_exact_candidate_needs_native_provenance_and_mapping | 9HAY_1 | F420-dependent glucose-6-phosphate dehydrogenase with glucose-6-phosphate | 2025-11-19T00:00:00.000+00:00 | X-RAY DIFFRACTION
T1278	9hay	candidate	T1278-D1	34-370	G	G	1	34-370	337	1.000000	0	true	/scratch/10992/liaorunlong93/casp16-leaderboard/diagnostics/reference_gap/refmap_candidate_mmcif/9hay.cif	2b873270844ea497acaf12812bda01c5f18b3f110b51d25e19ecfddeac536c25	full_construct_exact_candidate_needs_native_provenance_and_mapping | 9HAY_1 | F420-dependent glucose-6-phosphate dehydrogenase with glucose-6-phosphate | 2025-11-19T00:00:00.000+00:00 | X-RAY DIFFRACTION
T1278	9hay	candidate	T1278-D1	34-370	H	H	1	34-370	337	1.000000	0	true	/scratch/10992/liaorunlong93/casp16-leaderboard/diagnostics/reference_gap/refmap_candidate_mmcif/9hay.cif	2b873270844ea497acaf12812bda01c5f18b3f110b51d25e19ecfddeac536c25	full_construct_exact_candidate_needs_native_provenance_and_mapping | 9HAY_1 | F420-dependent glucose-6-phosphate dehydrogenase with glucose-6-phosphate | 2025-11-19T00:00:00.000+00:00 | X-RAY DIFFRACTION
T1278	9hay	candidate	T1278-D1	34-370	I	I	1	34-371	338	1.000000	0	true	/scratch/10992/liaorunlong93/casp16-leaderboard/diagnostics/reference_gap/refmap_candidate_mmcif/9hay.cif	2b873270844ea497acaf12812bda01c5f18b3f110b51d25e19ecfddeac536c25	full_construct_exact_candidate_needs_native_provenance_and_mapping | 9HAY_1 | F420-dependent glucose-6-phosphate dehydrogenase with glucose-6-phosphate | 2025-11-19T00:00:00.000+00:00 | X-RAY DIFFRACTION
T1278	9hay	candidate	T1278-D1	34-370	J	J	1	34-371	338	1.000000	0	true	/scratch/10992/liaorunlong93/casp16-leaderboard/diagnostics/reference_gap/refmap_candidate_mmcif/9hay.cif	2b873270844ea497acaf12812bda01c5f18b3f110b51d25e19ecfddeac536c25	full_construct_exact_candidate_needs_native_provenance_and_mapping | 9HAY_1 | F420-dependent glucose-6-phosphate dehydrogenase with glucose-6-phosphate | 2025-11-19T00:00:00.000+00:00 | X-RAY DIFFRACTION
T1278	9hay	candidate	T1278-D1	34-370	K	K	1	34-371	338	1.000000	0	true	/scratch/10992/liaorunlong93/casp16-leaderboard/diagnostics/reference_gap/refmap_candidate_mmcif/9hay.cif	2b873270844ea497acaf12812bda01c5f18b3f110b51d25e19ecfddeac536c25	full_construct_exact_candidate_needs_native_provenance_and_mapping | 9HAY_1 | F420-dependent glucose-6-phosphate dehydrogenase with glucose-6-phosphate | 2025-11-19T00:00:00.000+00:00 | X-RAY DIFFRACTION
T1278	9hay	candidate	T1278-D1	34-370	L	L	1	34-371	338	1.000000	0	true	/scratch/10992/liaorunlong93/casp16-leaderboard/diagnostics/reference_gap/refmap_candidate_mmcif/9hay.cif	2b873270844ea497acaf12812bda01c5f18b3f110b51d25e19ecfddeac536c25	full_construct_exact_candidate_needs_native_provenance_and_mapping | 9HAY_1 | F420-dependent glucose-6-phosphate dehydrogenase with glucose-6-phosphate | 2025-11-19T00:00:00.000+00:00 | X-RAY DIFFRACTION
T1278	9hay	candidate	T1278-D1	34-370	M	M	1	34-370	337	1.000000	0	true	/scratch/10992/liaorunlong93/casp16-leaderboard/diagnostics/reference_gap/refmap_candidate_mmcif/9hay.cif	2b873270844ea497acaf12812bda01c5f18b3f110b51d25e19ecfddeac536c25	full_construct_exact_candidate_needs_native_provenance_and_mapping | 9HAY_1 | F420-dependent glucose-6-phosphate dehydrogenase with glucose-6-phosphate | 2025-11-19T00:00:00.000+00:00 | X-RAY DIFFRACTION
T1278	9hay	candidate	T1278-D1	34-370	N	N	1	34-371	338	1.000000	0	true	/scratch/10992/liaorunlong93/casp16-leaderboard/diagnostics/reference_gap/refmap_candidate_mmcif/9hay.cif	2b873270844ea497acaf12812bda01c5f18b3f110b51d25e19ecfddeac536c25	full_construct_exact_candidate_needs_native_provenance_and_mapping | 9HAY_1 | F420-dependent glucose-6-phosphate dehydrogenase with glucose-6-phosphate | 2025-11-19T00:00:00.000+00:00 | X-RAY DIFFRACTION
T1278	9hay	candidate	T1278-D1	34-370	O	O	1	34-371	338	1.000000	0	true	/scratch/10992/liaorunlong93/casp16-leaderboard/diagnostics/reference_gap/refmap_candidate_mmcif/9hay.cif	2b873270844ea497acaf12812bda01c5f18b3f110b51d25e19ecfddeac536c25	full_construct_exact_candidate_needs_native_provenance_and_mapping | 9HAY_1 | F420-dependent glucose-6-phosphate dehydrogenase with glucose-6-phosphate | 2025-11-19T00:00:00.000+00:00 | X-RAY DIFFRACTION
T1278	9hay	candidate	T1278-D1	34-370	P	P	1	34-371	338	1.000000	0	true	/scratch/10992/liaorunlong93/casp16-leaderboard/diagnostics/reference_gap/refmap_candidate_mmcif/9hay.cif	2b873270844ea497acaf12812bda01c5f18b3f110b51d25e19ecfddeac536c25	full_construct_exact_candidate_needs_native_provenance_and_mapping | 9HAY_1 | F420-dependent glucose-6-phosphate dehydrogenase with glucose-6-phosphate | 2025-11-19T00:00:00.000+00:00 | X-RAY DIFFRACTION
T1278	9hay	candidate	T1278-D1	34-370	Q	Q	1	34-371	338	1.000000	0	true	/scratch/10992/liaorunlong93/casp16-leaderboard/diagnostics/reference_gap/refmap_candidate_mmcif/9hay.cif	2b873270844ea497acaf12812bda01c5f18b3f110b51d25e19ecfddeac536c25	full_construct_exact_candidate_needs_native_provenance_and_mapping | 9HAY_1 | F420-dependent glucose-6-phosphate dehydrogenase with glucose-6-phosphate | 2025-11-19T00:00:00.000+00:00 | X-RAY DIFFRACTION
T1278	9hay	candidate	T1278-D1	34-370	R	R	1	34-371	338	1.000000	0	true	/scratch/10992/liaorunlong93/casp16-leaderboard/diagnostics/reference_gap/refmap_candidate_mmcif/9hay.cif	2b873270844ea497acaf12812bda01c5f18b3f110b51d25e19ecfddeac536c25	full_construct_exact_candidate_needs_native_provenance_and_mapping | 9HAY_1 | F420-dependent glucose-6-phosphate dehydrogenase with glucose-6-phosphate | 2025-11-19T00:00:00.000+00:00 | X-RAY DIFFRACTION
T2278	9hav	candidate	T1278-D1		A	A	1	33-370	338	0.000000	0	false	/scratch/10992/liaorunlong93/casp16-leaderboard/diagnostics/reference_gap/refmap_candidate_mmcif/9hav.cif	4883f756bc6db3c32b1ea09001e16ab3580252ec592d986276ab30a5d09f2b88	full_construct_exact_candidate_needs_native_provenance_and_mapping | 9HAV_1 | F420-dependent glucose-6-phosphate dehydrogenase from Thermomicrobium roseus with glucose | 2025-11-19T00:00:00.000+00:00 | X-RAY DIFFRACTION
T2278	9hav	candidate	T1278-D1		B	B	1	35-369	335	0.000000	0	false	/scratch/10992/liaorunlong93/casp16-leaderboard/diagnostics/reference_gap/refmap_candidate_mmcif/9hav.cif	4883f756bc6db3c32b1ea09001e16ab3580252ec592d986276ab30a5d09f2b88	full_construct_exact_candidate_needs_native_provenance_and_mapping | 9HAV_1 | F420-dependent glucose-6-phosphate dehydrogenase from Thermomicrobium roseus with glucose | 2025-11-19T00:00:00.000+00:00 | X-RAY DIFFRACTION
T2278	9hav	candidate	T1278-D1		C	C	1	34-369	336	0.000000	0	false	/scratch/10992/liaorunlong93/casp16-leaderboard/diagnostics/reference_gap/refmap_candidate_mmcif/9hav.cif	4883f756bc6db3c32b1ea09001e16ab3580252ec592d986276ab30a5d09f2b88	full_construct_exact_candidate_needs_native_provenance_and_mapping | 9HAV_1 | F420-dependent glucose-6-phosphate dehydrogenase from Thermomicrobium roseus with glucose | 2025-11-19T00:00:00.000+00:00 | X-RAY DIFFRACTION
T2278	9hav	candidate	T1278-D1		D	F	1	34-369	336	0.000000	0	false	/scratch/10992/liaorunlong93/casp16-leaderboard/diagnostics/reference_gap/refmap_candidate_mmcif/9hav.cif	4883f756bc6db3c32b1ea09001e16ab3580252ec592d986276ab30a5d09f2b88	full_construct_exact_candidate_needs_native_provenance_and_mapping | 9HAV_1 | F420-dependent glucose-6-phosphate dehydrogenase from Thermomicrobium roseus with glucose | 2025-11-19T00:00:00.000+00:00 | X-RAY DIFFRACTION
T2278	9hav	candidate	T1278-D1		E	E	1	34-369	336	0.000000	0	false	/scratch/10992/liaorunlong93/casp16-leaderboard/diagnostics/reference_gap/refmap_candidate_mmcif/9hav.cif	4883f756bc6db3c32b1ea09001e16ab3580252ec592d986276ab30a5d09f2b88	full_construct_exact_candidate_needs_native_provenance_and_mapping | 9HAV_1 | F420-dependent glucose-6-phosphate dehydrogenase from Thermomicrobium roseus with glucose | 2025-11-19T00:00:00.000+00:00 | X-RAY DIFFRACTION
T2278	9hav	candidate	T1278-D1		F	D	1	34-369	336	0.000000	0	false	/scratch/10992/liaorunlong93/casp16-leaderboard/diagnostics/reference_gap/refmap_candidate_mmcif/9hav.cif	4883f756bc6db3c32b1ea09001e16ab3580252ec592d986276ab30a5d09f2b88	full_construct_exact_candidate_needs_native_provenance_and_mapping | 9HAV_1 | F420-dependent glucose-6-phosphate dehydrogenase from Thermomicrobium roseus with glucose | 2025-11-19T00:00:00.000+00:00 | X-RAY DIFFRACTION
T2278	9haw	candidate	T1278-D1		A	A	1	33-371	339	0.000000	0	false	/scratch/10992/liaorunlong93/casp16-leaderboard/diagnostics/reference_gap/refmap_candidate_mmcif/9haw.cif	dc7cd87f5f373fa08b777ddb0adb488950b08b18c4fa871d3a5a758f85f020f3	full_construct_exact_candidate_needs_native_provenance_and_mapping | 9HAW_1 | F420-dependent glucose-6-phosphate dehydrogenase without ligand | 2025-11-19T00:00:00.000+00:00 | X-RAY DIFFRACTION
T2278	9haw	candidate	T1278-D1		B	B	1	34-370	337	0.000000	0	false	/scratch/10992/liaorunlong93/casp16-leaderboard/diagnostics/reference_gap/refmap_candidate_mmcif/9haw.cif	dc7cd87f5f373fa08b777ddb0adb488950b08b18c4fa871d3a5a758f85f020f3	full_construct_exact_candidate_needs_native_provenance_and_mapping | 9HAW_1 | F420-dependent glucose-6-phosphate dehydrogenase without ligand | 2025-11-19T00:00:00.000+00:00 | X-RAY DIFFRACTION
T2278	9haw	candidate	T1278-D1		C	C	1	33-370	338	0.000000	0	false	/scratch/10992/liaorunlong93/casp16-leaderboard/diagnostics/reference_gap/refmap_candidate_mmcif/9haw.cif	dc7cd87f5f373fa08b777ddb0adb488950b08b18c4fa871d3a5a758f85f020f3	full_construct_exact_candidate_needs_native_provenance_and_mapping | 9HAW_1 | F420-dependent glucose-6-phosphate dehydrogenase without ligand | 2025-11-19T00:00:00.000+00:00 | X-RAY DIFFRACTION
T2278	9haw	candidate	T1278-D1		D	D	1	34-371	338	0.000000	0	false	/scratch/10992/liaorunlong93/casp16-leaderboard/diagnostics/reference_gap/refmap_candidate_mmcif/9haw.cif	dc7cd87f5f373fa08b777ddb0adb488950b08b18c4fa871d3a5a758f85f020f3	full_construct_exact_candidate_needs_native_provenance_and_mapping | 9HAW_1 | F420-dependent glucose-6-phosphate dehydrogenase without ligand | 2025-11-19T00:00:00.000+00:00 | X-RAY DIFFRACTION
T2278	9haw	candidate	T1278-D1		E	E	1	32-370	339	0.000000	0	false	/scratch/10992/liaorunlong93/casp16-leaderboard/diagnostics/reference_gap/refmap_candidate_mmcif/9haw.cif	dc7cd87f5f373fa08b777ddb0adb488950b08b18c4fa871d3a5a758f85f020f3	full_construct_exact_candidate_needs_native_provenance_and_mapping | 9HAW_1 | F420-dependent glucose-6-phosphate dehydrogenase without ligand | 2025-11-19T00:00:00.000+00:00 | X-RAY DIFFRACTION
T2278	9haw	candidate	T1278-D1		F	F	1	34-370	337	0.000000	0	false	/scratch/10992/liaorunlong93/casp16-leaderboard/diagnostics/reference_gap/refmap_candidate_mmcif/9haw.cif	dc7cd87f5f373fa08b777ddb0adb488950b08b18c4fa871d3a5a758f85f020f3	full_construct_exact_candidate_needs_native_provenance_and_mapping | 9HAW_1 | F420-dependent glucose-6-phosphate dehydrogenase without ligand | 2025-11-19T00:00:00.000+00:00 | X-RAY DIFFRACTION
T2278	9haw	candidate	T1278-D1		G	G	1	32-371	340	0.000000	0	false	/scratch/10992/liaorunlong93/casp16-leaderboard/diagnostics/reference_gap/refmap_candidate_mmcif/9haw.cif	dc7cd87f5f373fa08b777ddb0adb488950b08b18c4fa871d3a5a758f85f020f3	full_construct_exact_candidate_needs_native_provenance_and_mapping | 9HAW_1 | F420-dependent glucose-6-phosphate dehydrogenase without ligand | 2025-11-19T00:00:00.000+00:00 | X-RAY DIFFRACTION
T2278	9haw	candidate	T1278-D1		H	H	1	34-371	338	0.000000	0	false	/scratch/10992/liaorunlong93/casp16-leaderboard/diagnostics/reference_gap/refmap_candidate_mmcif/9haw.cif	dc7cd87f5f373fa08b777ddb0adb488950b08b18c4fa871d3a5a758f85f020f3	full_construct_exact_candidate_needs_native_provenance_and_mapping | 9HAW_1 | F420-dependent glucose-6-phosphate dehydrogenase without ligand | 2025-11-19T00:00:00.000+00:00 | X-RAY DIFFRACTION
T2278	9haw	candidate	T1278-D1		I	I	1	34-370	337	0.000000	0	false	/scratch/10992/liaorunlong93/casp16-leaderboard/diagnostics/reference_gap/refmap_candidate_mmcif/9haw.cif	dc7cd87f5f373fa08b777ddb0adb488950b08b18c4fa871d3a5a758f85f020f3	full_construct_exact_candidate_needs_native_provenance_and_mapping | 9HAW_1 | F420-dependent glucose-6-phosphate dehydrogenase without ligand | 2025-11-19T00:00:00.000+00:00 | X-RAY DIFFRACTION
T2278	9haw	candidate	T1278-D1		J	J	1	34-370	337	0.000000	0	false	/scratch/10992/liaorunlong93/casp16-leaderboard/diagnostics/reference_gap/refmap_candidate_mmcif/9haw.cif	dc7cd87f5f373fa08b777ddb0adb488950b08b18c4fa871d3a5a758f85f020f3	full_construct_exact_candidate_needs_native_provenance_and_mapping | 9HAW_1 | F420-dependent glucose-6-phosphate dehydrogenase without ligand | 2025-11-19T00:00:00.000+00:00 | X-RAY DIFFRACTION
T2278	9haw	candidate	T1278-D1		K	K	1	32-371	340	0.000000	0	false	/scratch/10992/liaorunlong93/casp16-leaderboard/diagnostics/reference_gap/refmap_candidate_mmcif/9haw.cif	dc7cd87f5f373fa08b777ddb0adb488950b08b18c4fa871d3a5a758f85f020f3	full_construct_exact_candidate_needs_native_provenance_and_mapping | 9HAW_1 | F420-dependent glucose-6-phosphate dehydrogenase without ligand | 2025-11-19T00:00:00.000+00:00 | X-RAY DIFFRACTION
T2278	9haw	candidate	T1278-D1		L	L	1	34-371	338	0.000000	0	false	/scratch/10992/liaorunlong93/casp16-leaderboard/diagnostics/reference_gap/refmap_candidate_mmcif/9haw.cif	dc7cd87f5f373fa08b777ddb0adb488950b08b18c4fa871d3a5a758f85f020f3	full_construct_exact_candidate_needs_native_provenance_and_mapping | 9HAW_1 | F420-dependent glucose-6-phosphate dehydrogenase without ligand | 2025-11-19T00:00:00.000+00:00 | X-RAY DIFFRACTION
T2278	9haw	candidate	T1278-D1		M	M	1	34-371	338	0.000000	0	false	/scratch/10992/liaorunlong93/casp16-leaderboard/diagnostics/reference_gap/refmap_candidate_mmcif/9haw.cif	dc7cd87f5f373fa08b777ddb0adb488950b08b18c4fa871d3a5a758f85f020f3	full_construct_exact_candidate_needs_native_provenance_and_mapping | 9HAW_1 | F420-dependent glucose-6-phosphate dehydrogenase without ligand | 2025-11-19T00:00:00.000+00:00 | X-RAY DIFFRACTION
T2278	9haw	candidate	T1278-D1		N	N	1	34-372	339	0.000000	0	false	/scratch/10992/liaorunlong93/casp16-leaderboard/diagnostics/reference_gap/refmap_candidate_mmcif/9haw.cif	dc7cd87f5f373fa08b777ddb0adb488950b08b18c4fa871d3a5a758f85f020f3	full_construct_exact_candidate_needs_native_provenance_and_mapping | 9HAW_1 | F420-dependent glucose-6-phosphate dehydrogenase without ligand | 2025-11-19T00:00:00.000+00:00 | X-RAY DIFFRACTION
T2278	9haw	candidate	T1278-D1		O	Q	1	33-371	339	0.000000	0	false	/scratch/10992/liaorunlong93/casp16-leaderboard/diagnostics/reference_gap/refmap_candidate_mmcif/9haw.cif	dc7cd87f5f373fa08b777ddb0adb488950b08b18c4fa871d3a5a758f85f020f3	full_construct_exact_candidate_needs_native_provenance_and_mapping | 9HAW_1 | F420-dependent glucose-6-phosphate dehydrogenase without ligand | 2025-11-19T00:00:00.000+00:00 | X-RAY DIFFRACTION
T2278	9haw	candidate	T1278-D1		P	R	1	33-370	338	0.000000	0	false	/scratch/10992/liaorunlong93/casp16-leaderboard/diagnostics/reference_gap/refmap_candidate_mmcif/9haw.cif	dc7cd87f5f373fa08b777ddb0adb488950b08b18c4fa871d3a5a758f85f020f3	full_construct_exact_candidate_needs_native_provenance_and_mapping | 9HAW_1 | F420-dependent glucose-6-phosphate dehydrogenase without ligand | 2025-11-19T00:00:00.000+00:00 | X-RAY DIFFRACTION
T2278	9haw	candidate	T1278-D1		Q	O	1	34-371	338	0.000000	0	false	/scratch/10992/liaorunlong93/casp16-leaderboard/diagnostics/reference_gap/refmap_candidate_mmcif/9haw.cif	dc7cd87f5f373fa08b777ddb0adb488950b08b18c4fa871d3a5a758f85f020f3	full_construct_exact_candidate_needs_native_provenance_and_mapping | 9HAW_1 | F420-dependent glucose-6-phosphate dehydrogenase without ligand | 2025-11-19T00:00:00.000+00:00 | X-RAY DIFFRACTION
T2278	9haw	candidate	T1278-D1		R	P	1	32-371	340	0.000000	0	false	/scratch/10992/liaorunlong93/casp16-leaderboard/diagnostics/reference_gap/refmap_candidate_mmcif/9haw.cif	dc7cd87f5f373fa08b777ddb0adb488950b08b18c4fa871d3a5a758f85f020f3	full_construct_exact_candidate_needs_native_provenance_and_mapping | 9HAW_1 | F420-dependent glucose-6-phosphate dehydrogenase without ligand | 2025-11-19T00:00:00.000+00:00 | X-RAY DIFFRACTION
T2278	9hax	candidate	T1278-D1		A	A	1	30-370	341	0.000000	0	false	/scratch/10992/liaorunlong93/casp16-leaderboard/diagnostics/reference_gap/refmap_candidate_mmcif/9hax.cif	26366f0c5825a8818d2f00774a3f99ad7b2c4736cfbfa622a4205163a5358437	full_construct_exact_candidate_needs_native_provenance_and_mapping | 9HAX_1 | F420-dependent glucose-6-phosphate dehydrogenase | 2025-11-19T00:00:00.000+00:00 | X-RAY DIFFRACTION
T2278	9hax	candidate	T1278-D1		B	B	1	34-370	337	0.000000	0	false	/scratch/10992/liaorunlong93/casp16-leaderboard/diagnostics/reference_gap/refmap_candidate_mmcif/9hax.cif	26366f0c5825a8818d2f00774a3f99ad7b2c4736cfbfa622a4205163a5358437	full_construct_exact_candidate_needs_native_provenance_and_mapping | 9HAX_1 | F420-dependent glucose-6-phosphate dehydrogenase | 2025-11-19T00:00:00.000+00:00 | X-RAY DIFFRACTION
T2278	9hax	candidate	T1278-D1		C	C	1	30-370	341	0.000000	0	false	/scratch/10992/liaorunlong93/casp16-leaderboard/diagnostics/reference_gap/refmap_candidate_mmcif/9hax.cif	26366f0c5825a8818d2f00774a3f99ad7b2c4736cfbfa622a4205163a5358437	full_construct_exact_candidate_needs_native_provenance_and_mapping | 9HAX_1 | F420-dependent glucose-6-phosphate dehydrogenase | 2025-11-19T00:00:00.000+00:00 | X-RAY DIFFRACTION
T2278	9hax	candidate	T1278-D1		D	D	1	30-370	341	0.000000	0	false	/scratch/10992/liaorunlong93/casp16-leaderboard/diagnostics/reference_gap/refmap_candidate_mmcif/9hax.cif	26366f0c5825a8818d2f00774a3f99ad7b2c4736cfbfa622a4205163a5358437	full_construct_exact_candidate_needs_native_provenance_and_mapping | 9HAX_1 | F420-dependent glucose-6-phosphate dehydrogenase | 2025-11-19T00:00:00.000+00:00 | X-RAY DIFFRACTION
T2278	9hax	candidate	T1278-D1		E	E	1	34-370	337	0.000000	0	false	/scratch/10992/liaorunlong93/casp16-leaderboard/diagnostics/reference_gap/refmap_candidate_mmcif/9hax.cif	26366f0c5825a8818d2f00774a3f99ad7b2c4736cfbfa622a4205163a5358437	full_construct_exact_candidate_needs_native_provenance_and_mapping | 9HAX_1 | F420-dependent glucose-6-phosphate dehydrogenase | 2025-11-19T00:00:00.000+00:00 | X-RAY DIFFRACTION
T2278	9hax	candidate	T1278-D1		F	F	1	31-370	340	0.000000	0	false	/scratch/10992/liaorunlong93/casp16-leaderboard/diagnostics/reference_gap/refmap_candidate_mmcif/9hax.cif	26366f0c5825a8818d2f00774a3f99ad7b2c4736cfbfa622a4205163a5358437	full_construct_exact_candidate_needs_native_provenance_and_mapping | 9HAX_1 | F420-dependent glucose-6-phosphate dehydrogenase | 2025-11-19T00:00:00.000+00:00 | X-RAY DIFFRACTION
T2278	9hax	candidate	T1278-D1		G	G	1	30-370	341	0.000000	0	false	/scratch/10992/liaorunlong93/casp16-leaderboard/diagnostics/reference_gap/refmap_candidate_mmcif/9hax.cif	26366f0c5825a8818d2f00774a3f99ad7b2c4736cfbfa622a4205163a5358437	full_construct_exact_candidate_needs_native_provenance_and_mapping | 9HAX_1 | F420-dependent glucose-6-phosphate dehydrogenase | 2025-11-19T00:00:00.000+00:00 | X-RAY DIFFRACTION
T2278	9hax	candidate	T1278-D1		H	H	1	32-370	339	0.000000	0	false	/scratch/10992/liaorunlong93/casp16-leaderboard/diagnostics/reference_gap/refmap_candidate_mmcif/9hax.cif	26366f0c5825a8818d2f00774a3f99ad7b2c4736cfbfa622a4205163a5358437	full_construct_exact_candidate_needs_native_provenance_and_mapping | 9HAX_1 | F420-dependent glucose-6-phosphate dehydrogenase | 2025-11-19T00:00:00.000+00:00 | X-RAY DIFFRACTION
T2278	9hax	candidate	T1278-D1		I	I	1	32-370	339	0.000000	0	false	/scratch/10992/liaorunlong93/casp16-leaderboard/diagnostics/reference_gap/refmap_candidate_mmcif/9hax.cif	26366f0c5825a8818d2f00774a3f99ad7b2c4736cfbfa622a4205163a5358437	full_construct_exact_candidate_needs_native_provenance_and_mapping | 9HAX_1 | F420-dependent glucose-6-phosphate dehydrogenase | 2025-11-19T00:00:00.000+00:00 | X-RAY DIFFRACTION
T2278	9hax	candidate	T1278-D1		J	J	1	30-370	341	0.000000	0	false	/scratch/10992/liaorunlong93/casp16-leaderboard/diagnostics/reference_gap/refmap_candidate_mmcif/9hax.cif	26366f0c5825a8818d2f00774a3f99ad7b2c4736cfbfa622a4205163a5358437	full_construct_exact_candidate_needs_native_provenance_and_mapping | 9HAX_1 | F420-dependent glucose-6-phosphate dehydrogenase | 2025-11-19T00:00:00.000+00:00 | X-RAY DIFFRACTION
T2278	9hax	candidate	T1278-D1		K	K	1	30-370	341	0.000000	0	false	/scratch/10992/liaorunlong93/casp16-leaderboard/diagnostics/reference_gap/refmap_candidate_mmcif/9hax.cif	26366f0c5825a8818d2f00774a3f99ad7b2c4736cfbfa622a4205163a5358437	full_construct_exact_candidate_needs_native_provenance_and_mapping | 9HAX_1 | F420-dependent glucose-6-phosphate dehydrogenase | 2025-11-19T00:00:00.000+00:00 | X-RAY DIFFRACTION
T2278	9hax	candidate	T1278-D1		L	L	1	30-370	341	0.000000	0	false	/scratch/10992/liaorunlong93/casp16-leaderboard/diagnostics/reference_gap/refmap_candidate_mmcif/9hax.cif	26366f0c5825a8818d2f00774a3f99ad7b2c4736cfbfa622a4205163a5358437	full_construct_exact_candidate_needs_native_provenance_and_mapping | 9HAX_1 | F420-dependent glucose-6-phosphate dehydrogenase | 2025-11-19T00:00:00.000+00:00 | X-RAY DIFFRACTION
T2278	9hay	candidate	T1278-D1		A	A	1	34-370	337	0.000000	0	false	/scratch/10992/liaorunlong93/casp16-leaderboard/diagnostics/reference_gap/refmap_candidate_mmcif/9hay.cif	2b873270844ea497acaf12812bda01c5f18b3f110b51d25e19ecfddeac536c25	full_construct_exact_candidate_needs_native_provenance_and_mapping | 9HAY_1 | F420-dependent glucose-6-phosphate dehydrogenase with glucose-6-phosphate | 2025-11-19T00:00:00.000+00:00 | X-RAY DIFFRACTION
T2278	9hay	candidate	T1278-D1		B	B	1	34-371	338	0.000000	0	false	/scratch/10992/liaorunlong93/casp16-leaderboard/diagnostics/reference_gap/refmap_candidate_mmcif/9hay.cif	2b873270844ea497acaf12812bda01c5f18b3f110b51d25e19ecfddeac536c25	full_construct_exact_candidate_needs_native_provenance_and_mapping | 9HAY_1 | F420-dependent glucose-6-phosphate dehydrogenase with glucose-6-phosphate | 2025-11-19T00:00:00.000+00:00 | X-RAY DIFFRACTION
T2278	9hay	candidate	T1278-D1		C	C	1	34-371	338	0.000000	0	false	/scratch/10992/liaorunlong93/casp16-leaderboard/diagnostics/reference_gap/refmap_candidate_mmcif/9hay.cif	2b873270844ea497acaf12812bda01c5f18b3f110b51d25e19ecfddeac536c25	full_construct_exact_candidate_needs_native_provenance_and_mapping | 9HAY_1 | F420-dependent glucose-6-phosphate dehydrogenase with glucose-6-phosphate | 2025-11-19T00:00:00.000+00:00 | X-RAY DIFFRACTION
T2278	9hay	candidate	T1278-D1		D	D	1	32-371	340	0.000000	0	false	/scratch/10992/liaorunlong93/casp16-leaderboard/diagnostics/reference_gap/refmap_candidate_mmcif/9hay.cif	2b873270844ea497acaf12812bda01c5f18b3f110b51d25e19ecfddeac536c25	full_construct_exact_candidate_needs_native_provenance_and_mapping | 9HAY_1 | F420-dependent glucose-6-phosphate dehydrogenase with glucose-6-phosphate | 2025-11-19T00:00:00.000+00:00 | X-RAY DIFFRACTION
T2278	9hay	candidate	T1278-D1		E	E	1	34-371	338	0.000000	0	false	/scratch/10992/liaorunlong93/casp16-leaderboard/diagnostics/reference_gap/refmap_candidate_mmcif/9hay.cif	2b873270844ea497acaf12812bda01c5f18b3f110b51d25e19ecfddeac536c25	full_construct_exact_candidate_needs_native_provenance_and_mapping | 9HAY_1 | F420-dependent glucose-6-phosphate dehydrogenase with glucose-6-phosphate | 2025-11-19T00:00:00.000+00:00 | X-RAY DIFFRACTION
T2278	9hay	candidate	T1278-D1		F	F	1	34-370	337	0.000000	0	false	/scratch/10992/liaorunlong93/casp16-leaderboard/diagnostics/reference_gap/refmap_candidate_mmcif/9hay.cif	2b873270844ea497acaf12812bda01c5f18b3f110b51d25e19ecfddeac536c25	full_construct_exact_candidate_needs_native_provenance_and_mapping | 9HAY_1 | F420-dependent glucose-6-phosphate dehydrogenase with glucose-6-phosphate | 2025-11-19T00:00:00.000+00:00 | X-RAY DIFFRACTION
T2278	9hay	candidate	T1278-D1		G	G	1	34-370	337	0.000000	0	false	/scratch/10992/liaorunlong93/casp16-leaderboard/diagnostics/reference_gap/refmap_candidate_mmcif/9hay.cif	2b873270844ea497acaf12812bda01c5f18b3f110b51d25e19ecfddeac536c25	full_construct_exact_candidate_needs_native_provenance_and_mapping | 9HAY_1 | F420-dependent glucose-6-phosphate dehydrogenase with glucose-6-phosphate | 2025-11-19T00:00:00.000+00:00 | X-RAY DIFFRACTION
T2278	9hay	candidate	T1278-D1		H	H	1	34-370	337	0.000000	0	false	/scratch/10992/liaorunlong93/casp16-leaderboard/diagnostics/reference_gap/refmap_candidate_mmcif/9hay.cif	2b873270844ea497acaf12812bda01c5f18b3f110b51d25e19ecfddeac536c25	full_construct_exact_candidate_needs_native_provenance_and_mapping | 9HAY_1 | F420-dependent glucose-6-phosphate dehydrogenase with glucose-6-phosphate | 2025-11-19T00:00:00.000+00:00 | X-RAY DIFFRACTION
T2278	9hay	candidate	T1278-D1		I	I	1	34-371	338	0.000000	0	false	/scratch/10992/liaorunlong93/casp16-leaderboard/diagnostics/reference_gap/refmap_candidate_mmcif/9hay.cif	2b873270844ea497acaf12812bda01c5f18b3f110b51d25e19ecfddeac536c25	full_construct_exact_candidate_needs_native_provenance_and_mapping | 9HAY_1 | F420-dependent glucose-6-phosphate dehydrogenase with glucose-6-phosphate | 2025-11-19T00:00:00.000+00:00 | X-RAY DIFFRACTION
T2278	9hay	candidate	T1278-D1		J	J	1	34-371	338	0.000000	0	false	/scratch/10992/liaorunlong93/casp16-leaderboard/diagnostics/reference_gap/refmap_candidate_mmcif/9hay.cif	2b873270844ea497acaf12812bda01c5f18b3f110b51d25e19ecfddeac536c25	full_construct_exact_candidate_needs_native_provenance_and_mapping | 9HAY_1 | F420-dependent glucose-6-phosphate dehydrogenase with glucose-6-phosphate | 2025-11-19T00:00:00.000+00:00 | X-RAY DIFFRACTION
T2278	9hay	candidate	T1278-D1		K	K	1	34-371	338	0.000000	0	false	/scratch/10992/liaorunlong93/casp16-leaderboard/diagnostics/reference_gap/refmap_candidate_mmcif/9hay.cif	2b873270844ea497acaf12812bda01c5f18b3f110b51d25e19ecfddeac536c25	full_construct_exact_candidate_needs_native_provenance_and_mapping | 9HAY_1 | F420-dependent glucose-6-phosphate dehydrogenase with glucose-6-phosphate | 2025-11-19T00:00:00.000+00:00 | X-RAY DIFFRACTION
T2278	9hay	candidate	T1278-D1		L	L	1	34-371	338	0.000000	0	false	/scratch/10992/liaorunlong93/casp16-leaderboard/diagnostics/reference_gap/refmap_candidate_mmcif/9hay.cif	2b873270844ea497acaf12812bda01c5f18b3f110b51d25e19ecfddeac536c25	full_construct_exact_candidate_needs_native_provenance_and_mapping | 9HAY_1 | F420-dependent glucose-6-phosphate dehydrogenase with glucose-6-phosphate | 2025-11-19T00:00:00.000+00:00 | X-RAY DIFFRACTION
T2278	9hay	candidate	T1278-D1		M	M	1	34-370	337	0.000000	0	false	/scratch/10992/liaorunlong93/casp16-leaderboard/diagnostics/reference_gap/refmap_candidate_mmcif/9hay.cif	2b873270844ea497acaf12812bda01c5f18b3f110b51d25e19ecfddeac536c25	full_construct_exact_candidate_needs_native_provenance_and_mapping | 9HAY_1 | F420-dependent glucose-6-phosphate dehydrogenase with glucose-6-phosphate | 2025-11-19T00:00:00.000+00:00 | X-RAY DIFFRACTION
T2278	9hay	candidate	T1278-D1		N	N	1	34-371	338	0.000000	0	false	/scratch/10992/liaorunlong93/casp16-leaderboard/diagnostics/reference_gap/refmap_candidate_mmcif/9hay.cif	2b873270844ea497acaf12812bda01c5f18b3f110b51d25e19ecfddeac536c25	full_construct_exact_candidate_needs_native_provenance_and_mapping | 9HAY_1 | F420-dependent glucose-6-phosphate dehydrogenase with glucose-6-phosphate | 2025-11-19T00:00:00.000+00:00 | X-RAY DIFFRACTION
T2278	9hay	candidate	T1278-D1		O	O	1	34-371	338	0.000000	0	false	/scratch/10992/liaorunlong93/casp16-leaderboard/diagnostics/reference_gap/refmap_candidate_mmcif/9hay.cif	2b873270844ea497acaf12812bda01c5f18b3f110b51d25e19ecfddeac536c25	full_construct_exact_candidate_needs_native_provenance_and_mapping | 9HAY_1 | F420-dependent glucose-6-phosphate dehydrogenase with glucose-6-phosphate | 2025-11-19T00:00:00.000+00:00 | X-RAY DIFFRACTION
T2278	9hay	candidate	T1278-D1		P	P	1	34-371	338	0.000000	0	false	/scratch/10992/liaorunlong93/casp16-leaderboard/diagnostics/reference_gap/refmap_candidate_mmcif/9hay.cif	2b873270844ea497acaf12812bda01c5f18b3f110b51d25e19ecfddeac536c25	full_construct_exact_candidate_needs_native_provenance_and_mapping | 9HAY_1 | F420-dependent glucose-6-phosphate dehydrogenase with glucose-6-phosphate | 2025-11-19T00:00:00.000+00:00 | X-RAY DIFFRACTION
T2278	9hay	candidate	T1278-D1		Q	Q	1	34-371	338	0.000000	0	false	/scratch/10992/liaorunlong93/casp16-leaderboard/diagnostics/reference_gap/refmap_candidate_mmcif/9hay.cif	2b873270844ea497acaf12812bda01c5f18b3f110b51d25e19ecfddeac536c25	full_construct_exact_candidate_needs_native_provenance_and_mapping | 9HAY_1 | F420-dependent glucose-6-phosphate dehydrogenase with glucose-6-phosphate | 2025-11-19T00:00:00.000+00:00 | X-RAY DIFFRACTION
T2278	9hay	candidate	T1278-D1		R	R	1	34-371	338	0.000000	0	false	/scratch/10992/liaorunlong93/casp16-leaderboard/diagnostics/reference_gap/refmap_candidate_mmcif/9hay.cif	2b873270844ea497acaf12812bda01c5f18b3f110b51d25e19ecfddeac536c25	full_construct_exact_candidate_needs_native_provenance_and_mapping | 9HAY_1 | F420-dependent glucose-6-phosphate dehydrogenase with glucose-6-phosphate | 2025-11-19T00:00:00.000+00:00 | X-RAY DIFFRACTION
H0267	9qbl	candidate			A	A	1	24-187,194-265,276-314	275	0.000000	0	false	/scratch/10992/liaorunlong93/casp16-leaderboard/diagnostics/reference_gap/refmap_candidate_mmcif/9qbl.cif	051c26ce7a3a47d774bb5b434b900cc8e287a49aef8b5f048419b43076be0a38	full_construct_exact_candidate_needs_native_provenance_and_mapping | 9QBL_2 | Crystal structure of Xanthobacter autotrophicus SPARDA mutant lacking DREN nuclease domains | 2025-12-17T00:00:00.000+00:00 | X-RAY DIFFRACTION
H0267	9qbl	candidate			B	B	2	3-162,175-216,222-482	463	0.000000	0	false	/scratch/10992/liaorunlong93/casp16-leaderboard/diagnostics/reference_gap/refmap_candidate_mmcif/9qbl.cif	051c26ce7a3a47d774bb5b434b900cc8e287a49aef8b5f048419b43076be0a38	full_construct_exact_candidate_needs_native_provenance_and_mapping | 9QBL_2 | Crystal structure of Xanthobacter autotrophicus SPARDA mutant lacking DREN nuclease domains | 2025-12-17T00:00:00.000+00:00 | X-RAY DIFFRACTION
H0267	9qbl	candidate			C	C	1	40-186,194-270,275-297,299-314	263	0.000000	0	false	/scratch/10992/liaorunlong93/casp16-leaderboard/diagnostics/reference_gap/refmap_candidate_mmcif/9qbl.cif	051c26ce7a3a47d774bb5b434b900cc8e287a49aef8b5f048419b43076be0a38	full_construct_exact_candidate_needs_native_provenance_and_mapping | 9QBL_2 | Crystal structure of Xanthobacter autotrophicus SPARDA mutant lacking DREN nuclease domains | 2025-12-17T00:00:00.000+00:00 | X-RAY DIFFRACTION
H0267	9qbl	candidate			D	D	2	3-163,175-215,222-248,253-482	459	0.000000	0	false	/scratch/10992/liaorunlong93/casp16-leaderboard/diagnostics/reference_gap/refmap_candidate_mmcif/9qbl.cif	051c26ce7a3a47d774bb5b434b900cc8e287a49aef8b5f048419b43076be0a38	full_construct_exact_candidate_needs_native_provenance_and_mapping | 9QBL_2 | Crystal structure of Xanthobacter autotrophicus SPARDA mutant lacking DREN nuclease domains | 2025-12-17T00:00:00.000+00:00 | X-RAY DIFFRACTION
H0267	9qbq	candidate			A	A	1	20-47,53-79,100-121,128-134,147-324,331-403,410-451	377	0.000000	0	false	/scratch/10992/liaorunlong93/casp16-leaderboard/diagnostics/reference_gap/refmap_candidate_mmcif/9qbq.cif	c374cfb0939a47c28e4bbf5c71a0bd9ad5eef5e2e55797534e5317b547b778ad	full_construct_exact_candidate_needs_native_provenance_and_mapping | 9QBQ_2 | Crystal structure of apo SPARDA complex from Xanthobacter autotrophicus | 2025-12-17T00:00:00.000+00:00 | X-RAY DIFFRACTION
H0267	9qbq	candidate			B	B	2	2-163,175-216,223-482	464	0.000000	0	false	/scratch/10992/liaorunlong93/casp16-leaderboard/diagnostics/reference_gap/refmap_candidate_mmcif/9qbq.cif	c374cfb0939a47c28e4bbf5c71a0bd9ad5eef5e2e55797534e5317b547b778ad	full_construct_exact_candidate_needs_native_provenance_and_mapping | 9QBQ_2 | Crystal structure of apo SPARDA complex from Xanthobacter autotrophicus | 2025-12-17T00:00:00.000+00:00 | X-RAY DIFFRACTION
H0267	9qbq	candidate			C	C	1	20-62,66-323,330-451	423	0.000000	0	false	/scratch/10992/liaorunlong93/casp16-leaderboard/diagnostics/reference_gap/refmap_candidate_mmcif/9qbq.cif	c374cfb0939a47c28e4bbf5c71a0bd9ad5eef5e2e55797534e5317b547b778ad	full_construct_exact_candidate_needs_native_provenance_and_mapping | 9QBQ_2 | Crystal structure of apo SPARDA complex from Xanthobacter autotrophicus | 2025-12-17T00:00:00.000+00:00 | X-RAY DIFFRACTION
H0267	9qbq	candidate			D	D	2	1-163,175-215,222-482	465	0.000000	0	false	/scratch/10992/liaorunlong93/casp16-leaderboard/diagnostics/reference_gap/refmap_candidate_mmcif/9qbq.cif	c374cfb0939a47c28e4bbf5c71a0bd9ad5eef5e2e55797534e5317b547b778ad	full_construct_exact_candidate_needs_native_provenance_and_mapping | 9QBQ_2 | Crystal structure of apo SPARDA complex from Xanthobacter autotrophicus | 2025-12-17T00:00:00.000+00:00 | X-RAY DIFFRACTION
H0267	9qcc	candidate			A	A	1	16-309,317-405,411-439	412	0.000000	0	false	/scratch/10992/liaorunlong93/casp16-leaderboard/diagnostics/reference_gap/refmap_candidate_mmcif/9qcc.cif	de11b6c64871fbe074abc11bb5b7af20c31d0a27d61ba58404599bec779eb843	full_construct_exact_candidate_needs_native_provenance_and_mapping | 9QCC_2 | Activated XauSPARDA filament assembly with bound dsDNA substrate | 2025-12-17T00:00:00.000+00:00 | ELECTRON MICROSCOPY
H0267	9qcc	candidate			AA	5	3	1-17	17	0.000000	0	false	/scratch/10992/liaorunlong93/casp16-leaderboard/diagnostics/reference_gap/refmap_candidate_mmcif/9qcc.cif	de11b6c64871fbe074abc11bb5b7af20c31d0a27d61ba58404599bec779eb843	full_construct_exact_candidate_needs_native_provenance_and_mapping | 9QCC_2 | Activated XauSPARDA filament assembly with bound dsDNA substrate | 2025-12-17T00:00:00.000+00:00 | ELECTRON MICROSCOPY
H0267	9qcc	candidate			B	B	2	3-482	480	0.000000	0	false	/scratch/10992/liaorunlong93/casp16-leaderboard/diagnostics/reference_gap/refmap_candidate_mmcif/9qcc.cif	de11b6c64871fbe074abc11bb5b7af20c31d0a27d61ba58404599bec779eb843	full_construct_exact_candidate_needs_native_provenance_and_mapping | 9QCC_2 | Activated XauSPARDA filament assembly with bound dsDNA substrate | 2025-12-17T00:00:00.000+00:00 | ELECTRON MICROSCOPY
H0267	9qcc	candidate			BA	6	4	1-17	17	0.000000	0	false	/scratch/10992/liaorunlong93/casp16-leaderboard/diagnostics/reference_gap/refmap_candidate_mmcif/9qcc.cif	de11b6c64871fbe074abc11bb5b7af20c31d0a27d61ba58404599bec779eb843	full_construct_exact_candidate_needs_native_provenance_and_mapping | 9QCC_2 | Activated XauSPARDA filament assembly with bound dsDNA substrate | 2025-12-17T00:00:00.000+00:00 | ELECTRON MICROSCOPY
H0267	9qcc	candidate			C	C	3	1-17	17	0.000000	0	false	/scratch/10992/liaorunlong93/casp16-leaderboard/diagnostics/reference_gap/refmap_candidate_mmcif/9qcc.cif	de11b6c64871fbe074abc11bb5b7af20c31d0a27d61ba58404599bec779eb843	full_construct_exact_candidate_needs_native_provenance_and_mapping | 9QCC_2 | Activated XauSPARDA filament assembly with bound dsDNA substrate | 2025-12-17T00:00:00.000+00:00 | ELECTRON MICROSCOPY
H0267	9qcc	candidate			CA	Y	1	17-295,303-307,320-402,416-438	390	0.000000	0	false	/scratch/10992/liaorunlong93/casp16-leaderboard/diagnostics/reference_gap/refmap_candidate_mmcif/9qcc.cif	de11b6c64871fbe074abc11bb5b7af20c31d0a27d61ba58404599bec779eb843	full_construct_exact_candidate_needs_native_provenance_and_mapping | 9QCC_2 | Activated XauSPARDA filament assembly with bound dsDNA substrate | 2025-12-17T00:00:00.000+00:00 | ELECTRON MICROSCOPY
H0267	9qcc	candidate			D	D	4	1-17	17	0.000000	0	false	/scratch/10992/liaorunlong93/casp16-leaderboard/diagnostics/reference_gap/refmap_candidate_mmcif/9qcc.cif	de11b6c64871fbe074abc11bb5b7af20c31d0a27d61ba58404599bec779eb843	full_construct_exact_candidate_needs_native_provenance_and_mapping | 9QCC_2 | Activated XauSPARDA filament assembly with bound dsDNA substrate | 2025-12-17T00:00:00.000+00:00 | ELECTRON MICROSCOPY
H0267	9qcc	candidate			DA	Z	2	3-162,176-482	467	0.000000	0	false	/scratch/10992/liaorunlong93/casp16-leaderboard/diagnostics/reference_gap/refmap_candidate_mmcif/9qcc.cif	de11b6c64871fbe074abc11bb5b7af20c31d0a27d61ba58404599bec779eb843	full_construct_exact_candidate_needs_native_provenance_and_mapping | 9QCC_2 | Activated XauSPARDA filament assembly with bound dsDNA substrate | 2025-12-17T00:00:00.000+00:00 | ELECTRON MICROSCOPY
H0267	9qcc	candidate			E	E	1	19-101,109-309,316-438	407	0.000000	0	false	/scratch/10992/liaorunlong93/casp16-leaderboard/diagnostics/reference_gap/refmap_candidate_mmcif/9qcc.cif	de11b6c64871fbe074abc11bb5b7af20c31d0a27d61ba58404599bec779eb843	full_construct_exact_candidate_needs_native_provenance_and_mapping | 9QCC_2 | Activated XauSPARDA filament assembly with bound dsDNA substrate | 2025-12-17T00:00:00.000+00:00 | ELECTRON MICROSCOPY
H0267	9qcc	candidate			EA	7	3	1-17	17	0.000000	0	false	/scratch/10992/liaorunlong93/casp16-leaderboard/diagnostics/reference_gap/refmap_candidate_mmcif/9qcc.cif	de11b6c64871fbe074abc11bb5b7af20c31d0a27d61ba58404599bec779eb843	full_construct_exact_candidate_needs_native_provenance_and_mapping | 9QCC_2 | Activated XauSPARDA filament assembly with bound dsDNA substrate | 2025-12-17T00:00:00.000+00:00 | ELECTRON MICROSCOPY
H0267	9qcc	candidate			F	F	2	2-163,169-482	476	0.000000	0	false	/scratch/10992/liaorunlong93/casp16-leaderboard/diagnostics/reference_gap/refmap_candidate_mmcif/9qcc.cif	de11b6c64871fbe074abc11bb5b7af20c31d0a27d61ba58404599bec779eb843	full_construct_exact_candidate_needs_native_provenance_and_mapping | 9QCC_2 | Activated XauSPARDA filament assembly with bound dsDNA substrate | 2025-12-17T00:00:00.000+00:00 | ELECTRON MICROSCOPY
H0267	9qcc	candidate			FA	8	4	1-17	17	0.000000	0	false	/scratch/10992/liaorunlong93/casp16-leaderboard/diagnostics/reference_gap/refmap_candidate_mmcif/9qcc.cif	de11b6c64871fbe074abc11bb5b7af20c31d0a27d61ba58404599bec779eb843	full_construct_exact_candidate_needs_native_provenance_and_mapping | 9QCC_2 | Activated XauSPARDA filament assembly with bound dsDNA substrate | 2025-12-17T00:00:00.000+00:00 | ELECTRON MICROSCOPY
H0267	9qcc	candidate			G	G	3	1-17	17	0.000000	0	false	/scratch/10992/liaorunlong93/casp16-leaderboard/diagnostics/reference_gap/refmap_candidate_mmcif/9qcc.cif	de11b6c64871fbe074abc11bb5b7af20c31d0a27d61ba58404599bec779eb843	full_construct_exact_candidate_needs_native_provenance_and_mapping | 9QCC_2 | Activated XauSPARDA filament assembly with bound dsDNA substrate | 2025-12-17T00:00:00.000+00:00 | ELECTRON MICROSCOPY
H0267	9qcc	candidate			GA	S	5	13-31	19	0.000000	0	false	/scratch/10992/liaorunlong93/casp16-leaderboard/diagnostics/reference_gap/refmap_candidate_mmcif/9qcc.cif	de11b6c64871fbe074abc11bb5b7af20c31d0a27d61ba58404599bec779eb843	full_construct_exact_candidate_needs_native_provenance_and_mapping | 9QCC_2 | Activated XauSPARDA filament assembly with bound dsDNA substrate | 2025-12-17T00:00:00.000+00:00 | ELECTRON MICROSCOPY
H0267	9qcc	candidate			H	H	4	1-17	17	0.000000	0	false	/scratch/10992/liaorunlong93/casp16-leaderboard/diagnostics/reference_gap/refmap_candidate_mmcif/9qcc.cif	de11b6c64871fbe074abc11bb5b7af20c31d0a27d61ba58404599bec779eb843	full_construct_exact_candidate_needs_native_provenance_and_mapping | 9QCC_2 | Activated XauSPARDA filament assembly with bound dsDNA substrate | 2025-12-17T00:00:00.000+00:00 | ELECTRON MICROSCOPY
H0267	9qcc	candidate			HA	T	6	12-30	19	0.000000	0	false	/scratch/10992/liaorunlong93/casp16-leaderboard/diagnostics/reference_gap/refmap_candidate_mmcif/9qcc.cif	de11b6c64871fbe074abc11bb5b7af20c31d0a27d61ba58404599bec779eb843	full_construct_exact_candidate_needs_native_provenance_and_mapping | 9QCC_2 | Activated XauSPARDA filament assembly with bound dsDNA substrate | 2025-12-17T00:00:00.000+00:00 | ELECTRON MICROSCOPY
H0267	9qcc	candidate			I	I	1	175-309,317-438	257	0.000000	0	false	/scratch/10992/liaorunlong93/casp16-leaderboard/diagnostics/reference_gap/refmap_candidate_mmcif/9qcc.cif	de11b6c64871fbe074abc11bb5b7af20c31d0a27d61ba58404599bec779eb843	full_construct_exact_candidate_needs_native_provenance_and_mapping | 9QCC_2 | Activated XauSPARDA filament assembly with bound dsDNA substrate | 2025-12-17T00:00:00.000+00:00 | ELECTRON MICROSCOPY
H0267	9qcc	candidate			J	J	2	2-162,176-482	468	0.000000	0	false	/scratch/10992/liaorunlong93/casp16-leaderboard/diagnostics/reference_gap/refmap_candidate_mmcif/9qcc.cif	de11b6c64871fbe074abc11bb5b7af20c31d0a27d61ba58404599bec779eb843	full_construct_exact_candidate_needs_native_provenance_and_mapping | 9QCC_2 | Activated XauSPARDA filament assembly with bound dsDNA substrate | 2025-12-17T00:00:00.000+00:00 | ELECTRON MICROSCOPY
H0267	9qcc	candidate			K	K	3	1-17	17	0.000000	0	false	/scratch/10992/liaorunlong93/casp16-leaderboard/diagnostics/reference_gap/refmap_candidate_mmcif/9qcc.cif	de11b6c64871fbe074abc11bb5b7af20c31d0a27d61ba58404599bec779eb843	full_construct_exact_candidate_needs_native_provenance_and_mapping | 9QCC_2 | Activated XauSPARDA filament assembly with bound dsDNA substrate | 2025-12-17T00:00:00.000+00:00 | ELECTRON MICROSCOPY
H0267	9qcc	candidate			L	L	4	1-17	17	0.000000	0	false	/scratch/10992/liaorunlong93/casp16-leaderboard/diagnostics/reference_gap/refmap_candidate_mmcif/9qcc.cif	de11b6c64871fbe074abc11bb5b7af20c31d0a27d61ba58404599bec779eb843	full_construct_exact_candidate_needs_native_provenance_and_mapping | 9QCC_2 | Activated XauSPARDA filament assembly with bound dsDNA substrate | 2025-12-17T00:00:00.000+00:00 | ELECTRON MICROSCOPY
H0267	9qcc	candidate			M	M	1	17-308,318-403,416-438	401	0.000000	0	false	/scratch/10992/liaorunlong93/casp16-leaderboard/diagnostics/reference_gap/refmap_candidate_mmcif/9qcc.cif	de11b6c64871fbe074abc11bb5b7af20c31d0a27d61ba58404599bec779eb843	full_construct_exact_candidate_needs_native_provenance_and_mapping | 9QCC_2 | Activated XauSPARDA filament assembly with bound dsDNA substrate | 2025-12-17T00:00:00.000+00:00 | ELECTRON MICROSCOPY
H0267	9qcc	candidate			N	N	2	3-161,176-482	466	0.000000	0	false	/scratch/10992/liaorunlong93/casp16-leaderboard/diagnostics/reference_gap/refmap_candidate_mmcif/9qcc.cif	de11b6c64871fbe074abc11bb5b7af20c31d0a27d61ba58404599bec779eb843	full_construct_exact_candidate_needs_native_provenance_and_mapping | 9QCC_2 | Activated XauSPARDA filament assembly with bound dsDNA substrate | 2025-12-17T00:00:00.000+00:00 | ELECTRON MICROSCOPY
H0267	9qcc	candidate			O	O	3	1-17	17	0.000000	0	false	/scratch/10992/liaorunlong93/casp16-leaderboard/diagnostics/reference_gap/refmap_candidate_mmcif/9qcc.cif	de11b6c64871fbe074abc11bb5b7af20c31d0a27d61ba58404599bec779eb843	full_construct_exact_candidate_needs_native_provenance_and_mapping | 9QCC_2 | Activated XauSPARDA filament assembly with bound dsDNA substrate | 2025-12-17T00:00:00.000+00:00 | ELECTRON MICROSCOPY
H0267	9qcc	candidate			P	P	4	1-17	17	0.000000	0	false	/scratch/10992/liaorunlong93/casp16-leaderboard/diagnostics/reference_gap/refmap_candidate_mmcif/9qcc.cif	de11b6c64871fbe074abc11bb5b7af20c31d0a27d61ba58404599bec779eb843	full_construct_exact_candidate_needs_native_provenance_and_mapping | 9QCC_2 | Activated XauSPARDA filament assembly with bound dsDNA substrate | 2025-12-17T00:00:00.000+00:00 | ELECTRON MICROSCOPY
H0267	9qcc	candidate			Q	Q	1	16-309,317-438	416	0.000000	0	false	/scratch/10992/liaorunlong93/casp16-leaderboard/diagnostics/reference_gap/refmap_candidate_mmcif/9qcc.cif	de11b6c64871fbe074abc11bb5b7af20c31d0a27d61ba58404599bec779eb843	full_construct_exact_candidate_needs_native_provenance_and_mapping | 9QCC_2 | Activated XauSPARDA filament assembly with bound dsDNA substrate | 2025-12-17T00:00:00.000+00:00 | ELECTRON MICROSCOPY
H0267	9qcc	candidate			R	R	2	2-162,176-482	468	0.000000	0	false	/scratch/10992/liaorunlong93/casp16-leaderboard/diagnostics/reference_gap/refmap_candidate_mmcif/9qcc.cif	de11b6c64871fbe074abc11bb5b7af20c31d0a27d61ba58404599bec779eb843	full_construct_exact_candidate_needs_native_provenance_and_mapping | 9QCC_2 | Activated XauSPARDA filament assembly with bound dsDNA substrate | 2025-12-17T00:00:00.000+00:00 | ELECTRON MICROSCOPY
H0267	9qcc	candidate			S	1	3	1-17	17	0.000000	0	false	/scratch/10992/liaorunlong93/casp16-leaderboard/diagnostics/reference_gap/refmap_candidate_mmcif/9qcc.cif	de11b6c64871fbe074abc11bb5b7af20c31d0a27d61ba58404599bec779eb843	full_construct_exact_candidate_needs_native_provenance_and_mapping | 9QCC_2 | Activated XauSPARDA filament assembly with bound dsDNA substrate | 2025-12-17T00:00:00.000+00:00 | ELECTRON MICROSCOPY
H0267	9qcc	candidate			T	2	4	1-17	17	0.000000	0	false	/scratch/10992/liaorunlong93/casp16-leaderboard/diagnostics/reference_gap/refmap_candidate_mmcif/9qcc.cif	de11b6c64871fbe074abc11bb5b7af20c31d0a27d61ba58404599bec779eb843	full_construct_exact_candidate_needs_native_provenance_and_mapping | 9QCC_2 | Activated XauSPARDA filament assembly with bound dsDNA substrate | 2025-12-17T00:00:00.000+00:00 | ELECTRON MICROSCOPY
H0267	9qcc	candidate			U	U	1	19-130,138-310,317-438	407	0.000000	0	false	/scratch/10992/liaorunlong93/casp16-leaderboard/diagnostics/reference_gap/refmap_candidate_mmcif/9qcc.cif	de11b6c64871fbe074abc11bb5b7af20c31d0a27d61ba58404599bec779eb843	full_construct_exact_candidate_needs_native_provenance_and_mapping | 9QCC_2 | Activated XauSPARDA filament assembly with bound dsDNA substrate | 2025-12-17T00:00:00.000+00:00 | ELECTRON MICROSCOPY
H0267	9qcc	candidate			V	V	2	2-482	481	0.000000	0	false	/scratch/10992/liaorunlong93/casp16-leaderboard/diagnostics/reference_gap/refmap_candidate_mmcif/9qcc.cif	de11b6c64871fbe074abc11bb5b7af20c31d0a27d61ba58404599bec779eb843	full_construct_exact_candidate_needs_native_provenance_and_mapping | 9QCC_2 | Activated XauSPARDA filament assembly with bound dsDNA substrate | 2025-12-17T00:00:00.000+00:00 | ELECTRON MICROSCOPY
H0267	9qcc	candidate			W	3	3	1-17	17	0.000000	0	false	/scratch/10992/liaorunlong93/casp16-leaderboard/diagnostics/reference_gap/refmap_candidate_mmcif/9qcc.cif	de11b6c64871fbe074abc11bb5b7af20c31d0a27d61ba58404599bec779eb843	full_construct_exact_candidate_needs_native_provenance_and_mapping | 9QCC_2 | Activated XauSPARDA filament assembly with bound dsDNA substrate | 2025-12-17T00:00:00.000+00:00 | ELECTRON MICROSCOPY
H0267	9qcc	candidate			X	4	4	1-17	17	0.000000	0	false	/scratch/10992/liaorunlong93/casp16-leaderboard/diagnostics/reference_gap/refmap_candidate_mmcif/9qcc.cif	de11b6c64871fbe074abc11bb5b7af20c31d0a27d61ba58404599bec779eb843	full_construct_exact_candidate_needs_native_provenance_and_mapping | 9QCC_2 | Activated XauSPARDA filament assembly with bound dsDNA substrate | 2025-12-17T00:00:00.000+00:00 | ELECTRON MICROSCOPY
H0267	9qcc	candidate			Y	X	2	3-162,176-482	467	0.000000	0	false	/scratch/10992/liaorunlong93/casp16-leaderboard/diagnostics/reference_gap/refmap_candidate_mmcif/9qcc.cif	de11b6c64871fbe074abc11bb5b7af20c31d0a27d61ba58404599bec779eb843	full_construct_exact_candidate_needs_native_provenance_and_mapping | 9QCC_2 | Activated XauSPARDA filament assembly with bound dsDNA substrate | 2025-12-17T00:00:00.000+00:00 | ELECTRON MICROSCOPY
H0267	9qcc	candidate			Z	W	1	174-308,319-405,412-438	249	0.000000	0	false	/scratch/10992/liaorunlong93/casp16-leaderboard/diagnostics/reference_gap/refmap_candidate_mmcif/9qcc.cif	de11b6c64871fbe074abc11bb5b7af20c31d0a27d61ba58404599bec779eb843	full_construct_exact_candidate_needs_native_provenance_and_mapping | 9QCC_2 | Activated XauSPARDA filament assembly with bound dsDNA substrate | 2025-12-17T00:00:00.000+00:00 | ELECTRON MICROSCOPY
H1267	9qbl	candidate			A	A	1	24-187,194-265,276-314	275	0.000000	0	false	/scratch/10992/liaorunlong93/casp16-leaderboard/diagnostics/reference_gap/refmap_candidate_mmcif/9qbl.cif	051c26ce7a3a47d774bb5b434b900cc8e287a49aef8b5f048419b43076be0a38	full_construct_exact_candidate_needs_native_provenance_and_mapping | 9QBL_2 | Crystal structure of Xanthobacter autotrophicus SPARDA mutant lacking DREN nuclease domains | 2025-12-17T00:00:00.000+00:00 | X-RAY DIFFRACTION
H1267	9qbl	candidate			B	B	2	3-162,175-216,222-482	463	0.000000	0	false	/scratch/10992/liaorunlong93/casp16-leaderboard/diagnostics/reference_gap/refmap_candidate_mmcif/9qbl.cif	051c26ce7a3a47d774bb5b434b900cc8e287a49aef8b5f048419b43076be0a38	full_construct_exact_candidate_needs_native_provenance_and_mapping | 9QBL_2 | Crystal structure of Xanthobacter autotrophicus SPARDA mutant lacking DREN nuclease domains | 2025-12-17T00:00:00.000+00:00 | X-RAY DIFFRACTION
H1267	9qbl	candidate			C	C	1	40-186,194-270,275-297,299-314	263	0.000000	0	false	/scratch/10992/liaorunlong93/casp16-leaderboard/diagnostics/reference_gap/refmap_candidate_mmcif/9qbl.cif	051c26ce7a3a47d774bb5b434b900cc8e287a49aef8b5f048419b43076be0a38	full_construct_exact_candidate_needs_native_provenance_and_mapping | 9QBL_2 | Crystal structure of Xanthobacter autotrophicus SPARDA mutant lacking DREN nuclease domains | 2025-12-17T00:00:00.000+00:00 | X-RAY DIFFRACTION
H1267	9qbl	candidate			D	D	2	3-163,175-215,222-248,253-482	459	0.000000	0	false	/scratch/10992/liaorunlong93/casp16-leaderboard/diagnostics/reference_gap/refmap_candidate_mmcif/9qbl.cif	051c26ce7a3a47d774bb5b434b900cc8e287a49aef8b5f048419b43076be0a38	full_construct_exact_candidate_needs_native_provenance_and_mapping | 9QBL_2 | Crystal structure of Xanthobacter autotrophicus SPARDA mutant lacking DREN nuclease domains | 2025-12-17T00:00:00.000+00:00 | X-RAY DIFFRACTION
H1267	9qbq	candidate			A	A	1	20-47,53-79,100-121,128-134,147-324,331-403,410-451	377	0.000000	0	false	/scratch/10992/liaorunlong93/casp16-leaderboard/diagnostics/reference_gap/refmap_candidate_mmcif/9qbq.cif	c374cfb0939a47c28e4bbf5c71a0bd9ad5eef5e2e55797534e5317b547b778ad	full_construct_exact_candidate_needs_native_provenance_and_mapping | 9QBQ_2 | Crystal structure of apo SPARDA complex from Xanthobacter autotrophicus | 2025-12-17T00:00:00.000+00:00 | X-RAY DIFFRACTION
H1267	9qbq	candidate			B	B	2	2-163,175-216,223-482	464	0.000000	0	false	/scratch/10992/liaorunlong93/casp16-leaderboard/diagnostics/reference_gap/refmap_candidate_mmcif/9qbq.cif	c374cfb0939a47c28e4bbf5c71a0bd9ad5eef5e2e55797534e5317b547b778ad	full_construct_exact_candidate_needs_native_provenance_and_mapping | 9QBQ_2 | Crystal structure of apo SPARDA complex from Xanthobacter autotrophicus | 2025-12-17T00:00:00.000+00:00 | X-RAY DIFFRACTION
H1267	9qbq	candidate			C	C	1	20-62,66-323,330-451	423	0.000000	0	false	/scratch/10992/liaorunlong93/casp16-leaderboard/diagnostics/reference_gap/refmap_candidate_mmcif/9qbq.cif	c374cfb0939a47c28e4bbf5c71a0bd9ad5eef5e2e55797534e5317b547b778ad	full_construct_exact_candidate_needs_native_provenance_and_mapping | 9QBQ_2 | Crystal structure of apo SPARDA complex from Xanthobacter autotrophicus | 2025-12-17T00:00:00.000+00:00 | X-RAY DIFFRACTION
H1267	9qbq	candidate			D	D	2	1-163,175-215,222-482	465	0.000000	0	false	/scratch/10992/liaorunlong93/casp16-leaderboard/diagnostics/reference_gap/refmap_candidate_mmcif/9qbq.cif	c374cfb0939a47c28e4bbf5c71a0bd9ad5eef5e2e55797534e5317b547b778ad	full_construct_exact_candidate_needs_native_provenance_and_mapping | 9QBQ_2 | Crystal structure of apo SPARDA complex from Xanthobacter autotrophicus | 2025-12-17T00:00:00.000+00:00 | X-RAY DIFFRACTION
H1267	9qcc	candidate			A	A	1	16-309,317-405,411-439	412	0.000000	0	false	/scratch/10992/liaorunlong93/casp16-leaderboard/diagnostics/reference_gap/refmap_candidate_mmcif/9qcc.cif	de11b6c64871fbe074abc11bb5b7af20c31d0a27d61ba58404599bec779eb843	full_construct_exact_candidate_needs_native_provenance_and_mapping | 9QCC_2 | Activated XauSPARDA filament assembly with bound dsDNA substrate | 2025-12-17T00:00:00.000+00:00 | ELECTRON MICROSCOPY
H1267	9qcc	candidate			AA	5	3	1-17	17	0.000000	0	false	/scratch/10992/liaorunlong93/casp16-leaderboard/diagnostics/reference_gap/refmap_candidate_mmcif/9qcc.cif	de11b6c64871fbe074abc11bb5b7af20c31d0a27d61ba58404599bec779eb843	full_construct_exact_candidate_needs_native_provenance_and_mapping | 9QCC_2 | Activated XauSPARDA filament assembly with bound dsDNA substrate | 2025-12-17T00:00:00.000+00:00 | ELECTRON MICROSCOPY
H1267	9qcc	candidate			B	B	2	3-482	480	0.000000	0	false	/scratch/10992/liaorunlong93/casp16-leaderboard/diagnostics/reference_gap/refmap_candidate_mmcif/9qcc.cif	de11b6c64871fbe074abc11bb5b7af20c31d0a27d61ba58404599bec779eb843	full_construct_exact_candidate_needs_native_provenance_and_mapping | 9QCC_2 | Activated XauSPARDA filament assembly with bound dsDNA substrate | 2025-12-17T00:00:00.000+00:00 | ELECTRON MICROSCOPY
H1267	9qcc	candidate			BA	6	4	1-17	17	0.000000	0	false	/scratch/10992/liaorunlong93/casp16-leaderboard/diagnostics/reference_gap/refmap_candidate_mmcif/9qcc.cif	de11b6c64871fbe074abc11bb5b7af20c31d0a27d61ba58404599bec779eb843	full_construct_exact_candidate_needs_native_provenance_and_mapping | 9QCC_2 | Activated XauSPARDA filament assembly with bound dsDNA substrate | 2025-12-17T00:00:00.000+00:00 | ELECTRON MICROSCOPY
H1267	9qcc	candidate			C	C	3	1-17	17	0.000000	0	false	/scratch/10992/liaorunlong93/casp16-leaderboard/diagnostics/reference_gap/refmap_candidate_mmcif/9qcc.cif	de11b6c64871fbe074abc11bb5b7af20c31d0a27d61ba58404599bec779eb843	full_construct_exact_candidate_needs_native_provenance_and_mapping | 9QCC_2 | Activated XauSPARDA filament assembly with bound dsDNA substrate | 2025-12-17T00:00:00.000+00:00 | ELECTRON MICROSCOPY
H1267	9qcc	candidate			CA	Y	1	17-295,303-307,320-402,416-438	390	0.000000	0	false	/scratch/10992/liaorunlong93/casp16-leaderboard/diagnostics/reference_gap/refmap_candidate_mmcif/9qcc.cif	de11b6c64871fbe074abc11bb5b7af20c31d0a27d61ba58404599bec779eb843	full_construct_exact_candidate_needs_native_provenance_and_mapping | 9QCC_2 | Activated XauSPARDA filament assembly with bound dsDNA substrate | 2025-12-17T00:00:00.000+00:00 | ELECTRON MICROSCOPY
H1267	9qcc	candidate			D	D	4	1-17	17	0.000000	0	false	/scratch/10992/liaorunlong93/casp16-leaderboard/diagnostics/reference_gap/refmap_candidate_mmcif/9qcc.cif	de11b6c64871fbe074abc11bb5b7af20c31d0a27d61ba58404599bec779eb843	full_construct_exact_candidate_needs_native_provenance_and_mapping | 9QCC_2 | Activated XauSPARDA filament assembly with bound dsDNA substrate | 2025-12-17T00:00:00.000+00:00 | ELECTRON MICROSCOPY
H1267	9qcc	candidate			DA	Z	2	3-162,176-482	467	0.000000	0	false	/scratch/10992/liaorunlong93/casp16-leaderboard/diagnostics/reference_gap/refmap_candidate_mmcif/9qcc.cif	de11b6c64871fbe074abc11bb5b7af20c31d0a27d61ba58404599bec779eb843	full_construct_exact_candidate_needs_native_provenance_and_mapping | 9QCC_2 | Activated XauSPARDA filament assembly with bound dsDNA substrate | 2025-12-17T00:00:00.000+00:00 | ELECTRON MICROSCOPY
H1267	9qcc	candidate			E	E	1	19-101,109-309,316-438	407	0.000000	0	false	/scratch/10992/liaorunlong93/casp16-leaderboard/diagnostics/reference_gap/refmap_candidate_mmcif/9qcc.cif	de11b6c64871fbe074abc11bb5b7af20c31d0a27d61ba58404599bec779eb843	full_construct_exact_candidate_needs_native_provenance_and_mapping | 9QCC_2 | Activated XauSPARDA filament assembly with bound dsDNA substrate | 2025-12-17T00:00:00.000+00:00 | ELECTRON MICROSCOPY
H1267	9qcc	candidate			EA	7	3	1-17	17	0.000000	0	false	/scratch/10992/liaorunlong93/casp16-leaderboard/diagnostics/reference_gap/refmap_candidate_mmcif/9qcc.cif	de11b6c64871fbe074abc11bb5b7af20c31d0a27d61ba58404599bec779eb843	full_construct_exact_candidate_needs_native_provenance_and_mapping | 9QCC_2 | Activated XauSPARDA filament assembly with bound dsDNA substrate | 2025-12-17T00:00:00.000+00:00 | ELECTRON MICROSCOPY
H1267	9qcc	candidate			F	F	2	2-163,169-482	476	0.000000	0	false	/scratch/10992/liaorunlong93/casp16-leaderboard/diagnostics/reference_gap/refmap_candidate_mmcif/9qcc.cif	de11b6c64871fbe074abc11bb5b7af20c31d0a27d61ba58404599bec779eb843	full_construct_exact_candidate_needs_native_provenance_and_mapping | 9QCC_2 | Activated XauSPARDA filament assembly with bound dsDNA substrate | 2025-12-17T00:00:00.000+00:00 | ELECTRON MICROSCOPY
H1267	9qcc	candidate			FA	8	4	1-17	17	0.000000	0	false	/scratch/10992/liaorunlong93/casp16-leaderboard/diagnostics/reference_gap/refmap_candidate_mmcif/9qcc.cif	de11b6c64871fbe074abc11bb5b7af20c31d0a27d61ba58404599bec779eb843	full_construct_exact_candidate_needs_native_provenance_and_mapping | 9QCC_2 | Activated XauSPARDA filament assembly with bound dsDNA substrate | 2025-12-17T00:00:00.000+00:00 | ELECTRON MICROSCOPY
H1267	9qcc	candidate			G	G	3	1-17	17	0.000000	0	false	/scratch/10992/liaorunlong93/casp16-leaderboard/diagnostics/reference_gap/refmap_candidate_mmcif/9qcc.cif	de11b6c64871fbe074abc11bb5b7af20c31d0a27d61ba58404599bec779eb843	full_construct_exact_candidate_needs_native_provenance_and_mapping | 9QCC_2 | Activated XauSPARDA filament assembly with bound dsDNA substrate | 2025-12-17T00:00:00.000+00:00 | ELECTRON MICROSCOPY
H1267	9qcc	candidate			GA	S	5	13-31	19	0.000000	0	false	/scratch/10992/liaorunlong93/casp16-leaderboard/diagnostics/reference_gap/refmap_candidate_mmcif/9qcc.cif	de11b6c64871fbe074abc11bb5b7af20c31d0a27d61ba58404599bec779eb843	full_construct_exact_candidate_needs_native_provenance_and_mapping | 9QCC_2 | Activated XauSPARDA filament assembly with bound dsDNA substrate | 2025-12-17T00:00:00.000+00:00 | ELECTRON MICROSCOPY
H1267	9qcc	candidate			H	H	4	1-17	17	0.000000	0	false	/scratch/10992/liaorunlong93/casp16-leaderboard/diagnostics/reference_gap/refmap_candidate_mmcif/9qcc.cif	de11b6c64871fbe074abc11bb5b7af20c31d0a27d61ba58404599bec779eb843	full_construct_exact_candidate_needs_native_provenance_and_mapping | 9QCC_2 | Activated XauSPARDA filament assembly with bound dsDNA substrate | 2025-12-17T00:00:00.000+00:00 | ELECTRON MICROSCOPY
H1267	9qcc	candidate			HA	T	6	12-30	19	0.000000	0	false	/scratch/10992/liaorunlong93/casp16-leaderboard/diagnostics/reference_gap/refmap_candidate_mmcif/9qcc.cif	de11b6c64871fbe074abc11bb5b7af20c31d0a27d61ba58404599bec779eb843	full_construct_exact_candidate_needs_native_provenance_and_mapping | 9QCC_2 | Activated XauSPARDA filament assembly with bound dsDNA substrate | 2025-12-17T00:00:00.000+00:00 | ELECTRON MICROSCOPY
H1267	9qcc	candidate			I	I	1	175-309,317-438	257	0.000000	0	false	/scratch/10992/liaorunlong93/casp16-leaderboard/diagnostics/reference_gap/refmap_candidate_mmcif/9qcc.cif	de11b6c64871fbe074abc11bb5b7af20c31d0a27d61ba58404599bec779eb843	full_construct_exact_candidate_needs_native_provenance_and_mapping | 9QCC_2 | Activated XauSPARDA filament assembly with bound dsDNA substrate | 2025-12-17T00:00:00.000+00:00 | ELECTRON MICROSCOPY
H1267	9qcc	candidate			J	J	2	2-162,176-482	468	0.000000	0	false	/scratch/10992/liaorunlong93/casp16-leaderboard/diagnostics/reference_gap/refmap_candidate_mmcif/9qcc.cif	de11b6c64871fbe074abc11bb5b7af20c31d0a27d61ba58404599bec779eb843	full_construct_exact_candidate_needs_native_provenance_and_mapping | 9QCC_2 | Activated XauSPARDA filament assembly with bound dsDNA substrate | 2025-12-17T00:00:00.000+00:00 | ELECTRON MICROSCOPY
H1267	9qcc	candidate			K	K	3	1-17	17	0.000000	0	false	/scratch/10992/liaorunlong93/casp16-leaderboard/diagnostics/reference_gap/refmap_candidate_mmcif/9qcc.cif	de11b6c64871fbe074abc11bb5b7af20c31d0a27d61ba58404599bec779eb843	full_construct_exact_candidate_needs_native_provenance_and_mapping | 9QCC_2 | Activated XauSPARDA filament assembly with bound dsDNA substrate | 2025-12-17T00:00:00.000+00:00 | ELECTRON MICROSCOPY
H1267	9qcc	candidate			L	L	4	1-17	17	0.000000	0	false	/scratch/10992/liaorunlong93/casp16-leaderboard/diagnostics/reference_gap/refmap_candidate_mmcif/9qcc.cif	de11b6c64871fbe074abc11bb5b7af20c31d0a27d61ba58404599bec779eb843	full_construct_exact_candidate_needs_native_provenance_and_mapping | 9QCC_2 | Activated XauSPARDA filament assembly with bound dsDNA substrate | 2025-12-17T00:00:00.000+00:00 | ELECTRON MICROSCOPY
H1267	9qcc	candidate			M	M	1	17-308,318-403,416-438	401	0.000000	0	false	/scratch/10992/liaorunlong93/casp16-leaderboard/diagnostics/reference_gap/refmap_candidate_mmcif/9qcc.cif	de11b6c64871fbe074abc11bb5b7af20c31d0a27d61ba58404599bec779eb843	full_construct_exact_candidate_needs_native_provenance_and_mapping | 9QCC_2 | Activated XauSPARDA filament assembly with bound dsDNA substrate | 2025-12-17T00:00:00.000+00:00 | ELECTRON MICROSCOPY
H1267	9qcc	candidate			N	N	2	3-161,176-482	466	0.000000	0	false	/scratch/10992/liaorunlong93/casp16-leaderboard/diagnostics/reference_gap/refmap_candidate_mmcif/9qcc.cif	de11b6c64871fbe074abc11bb5b7af20c31d0a27d61ba58404599bec779eb843	full_construct_exact_candidate_needs_native_provenance_and_mapping | 9QCC_2 | Activated XauSPARDA filament assembly with bound dsDNA substrate | 2025-12-17T00:00:00.000+00:00 | ELECTRON MICROSCOPY
H1267	9qcc	candidate			O	O	3	1-17	17	0.000000	0	false	/scratch/10992/liaorunlong93/casp16-leaderboard/diagnostics/reference_gap/refmap_candidate_mmcif/9qcc.cif	de11b6c64871fbe074abc11bb5b7af20c31d0a27d61ba58404599bec779eb843	full_construct_exact_candidate_needs_native_provenance_and_mapping | 9QCC_2 | Activated XauSPARDA filament assembly with bound dsDNA substrate | 2025-12-17T00:00:00.000+00:00 | ELECTRON MICROSCOPY
H1267	9qcc	candidate			P	P	4	1-17	17	0.000000	0	false	/scratch/10992/liaorunlong93/casp16-leaderboard/diagnostics/reference_gap/refmap_candidate_mmcif/9qcc.cif	de11b6c64871fbe074abc11bb5b7af20c31d0a27d61ba58404599bec779eb843	full_construct_exact_candidate_needs_native_provenance_and_mapping | 9QCC_2 | Activated XauSPARDA filament assembly with bound dsDNA substrate | 2025-12-17T00:00:00.000+00:00 | ELECTRON MICROSCOPY
H1267	9qcc	candidate			Q	Q	1	16-309,317-438	416	0.000000	0	false	/scratch/10992/liaorunlong93/casp16-leaderboard/diagnostics/reference_gap/refmap_candidate_mmcif/9qcc.cif	de11b6c64871fbe074abc11bb5b7af20c31d0a27d61ba58404599bec779eb843	full_construct_exact_candidate_needs_native_provenance_and_mapping | 9QCC_2 | Activated XauSPARDA filament assembly with bound dsDNA substrate | 2025-12-17T00:00:00.000+00:00 | ELECTRON MICROSCOPY
H1267	9qcc	candidate			R	R	2	2-162,176-482	468	0.000000	0	false	/scratch/10992/liaorunlong93/casp16-leaderboard/diagnostics/reference_gap/refmap_candidate_mmcif/9qcc.cif	de11b6c64871fbe074abc11bb5b7af20c31d0a27d61ba58404599bec779eb843	full_construct_exact_candidate_needs_native_provenance_and_mapping | 9QCC_2 | Activated XauSPARDA filament assembly with bound dsDNA substrate | 2025-12-17T00:00:00.000+00:00 | ELECTRON MICROSCOPY
H1267	9qcc	candidate			S	1	3	1-17	17	0.000000	0	false	/scratch/10992/liaorunlong93/casp16-leaderboard/diagnostics/reference_gap/refmap_candidate_mmcif/9qcc.cif	de11b6c64871fbe074abc11bb5b7af20c31d0a27d61ba58404599bec779eb843	full_construct_exact_candidate_needs_native_provenance_and_mapping | 9QCC_2 | Activated XauSPARDA filament assembly with bound dsDNA substrate | 2025-12-17T00:00:00.000+00:00 | ELECTRON MICROSCOPY
H1267	9qcc	candidate			T	2	4	1-17	17	0.000000	0	false	/scratch/10992/liaorunlong93/casp16-leaderboard/diagnostics/reference_gap/refmap_candidate_mmcif/9qcc.cif	de11b6c64871fbe074abc11bb5b7af20c31d0a27d61ba58404599bec779eb843	full_construct_exact_candidate_needs_native_provenance_and_mapping | 9QCC_2 | Activated XauSPARDA filament assembly with bound dsDNA substrate | 2025-12-17T00:00:00.000+00:00 | ELECTRON MICROSCOPY
H1267	9qcc	candidate			U	U	1	19-130,138-310,317-438	407	0.000000	0	false	/scratch/10992/liaorunlong93/casp16-leaderboard/diagnostics/reference_gap/refmap_candidate_mmcif/9qcc.cif	de11b6c64871fbe074abc11bb5b7af20c31d0a27d61ba58404599bec779eb843	full_construct_exact_candidate_needs_native_provenance_and_mapping | 9QCC_2 | Activated XauSPARDA filament assembly with bound dsDNA substrate | 2025-12-17T00:00:00.000+00:00 | ELECTRON MICROSCOPY
H1267	9qcc	candidate			V	V	2	2-482	481	0.000000	0	false	/scratch/10992/liaorunlong93/casp16-leaderboard/diagnostics/reference_gap/refmap_candidate_mmcif/9qcc.cif	de11b6c64871fbe074abc11bb5b7af20c31d0a27d61ba58404599bec779eb843	full_construct_exact_candidate_needs_native_provenance_and_mapping | 9QCC_2 | Activated XauSPARDA filament assembly with bound dsDNA substrate | 2025-12-17T00:00:00.000+00:00 | ELECTRON MICROSCOPY
H1267	9qcc	candidate			W	3	3	1-17	17	0.000000	0	false	/scratch/10992/liaorunlong93/casp16-leaderboard/diagnostics/reference_gap/refmap_candidate_mmcif/9qcc.cif	de11b6c64871fbe074abc11bb5b7af20c31d0a27d61ba58404599bec779eb843	full_construct_exact_candidate_needs_native_provenance_and_mapping | 9QCC_2 | Activated XauSPARDA filament assembly with bound dsDNA substrate | 2025-12-17T00:00:00.000+00:00 | ELECTRON MICROSCOPY
H1267	9qcc	candidate			X	4	4	1-17	17	0.000000	0	false	/scratch/10992/liaorunlong93/casp16-leaderboard/diagnostics/reference_gap/refmap_candidate_mmcif/9qcc.cif	de11b6c64871fbe074abc11bb5b7af20c31d0a27d61ba58404599bec779eb843	full_construct_exact_candidate_needs_native_provenance_and_mapping | 9QCC_2 | Activated XauSPARDA filament assembly with bound dsDNA substrate | 2025-12-17T00:00:00.000+00:00 | ELECTRON MICROSCOPY
H1267	9qcc	candidate			Y	X	2	3-162,176-482	467	0.000000	0	false	/scratch/10992/liaorunlong93/casp16-leaderboard/diagnostics/reference_gap/refmap_candidate_mmcif/9qcc.cif	de11b6c64871fbe074abc11bb5b7af20c31d0a27d61ba58404599bec779eb843	full_construct_exact_candidate_needs_native_provenance_and_mapping | 9QCC_2 | Activated XauSPARDA filament assembly with bound dsDNA substrate | 2025-12-17T00:00:00.000+00:00 | ELECTRON MICROSCOPY
H1267	9qcc	candidate			Z	W	1	174-308,319-405,412-438	249	0.000000	0	false	/scratch/10992/liaorunlong93/casp16-leaderboard/diagnostics/reference_gap/refmap_candidate_mmcif/9qcc.cif	de11b6c64871fbe074abc11bb5b7af20c31d0a27d61ba58404599bec779eb843	full_construct_exact_candidate_needs_native_provenance_and_mapping | 9QCC_2 | Activated XauSPARDA filament assembly with bound dsDNA substrate | 2025-12-17T00:00:00.000+00:00 | ELECTRON MICROSCOPY
H2267	9qbl	candidate			A	A	1	24-187,194-265,276-314	275	0.000000	0	false	/scratch/10992/liaorunlong93/casp16-leaderboard/diagnostics/reference_gap/refmap_candidate_mmcif/9qbl.cif	051c26ce7a3a47d774bb5b434b900cc8e287a49aef8b5f048419b43076be0a38	full_construct_exact_candidate_needs_native_provenance_and_mapping | 9QBL_2 | Crystal structure of Xanthobacter autotrophicus SPARDA mutant lacking DREN nuclease domains | 2025-12-17T00:00:00.000+00:00 | X-RAY DIFFRACTION
H2267	9qbl	candidate			B	B	2	3-162,175-216,222-482	463	0.000000	0	false	/scratch/10992/liaorunlong93/casp16-leaderboard/diagnostics/reference_gap/refmap_candidate_mmcif/9qbl.cif	051c26ce7a3a47d774bb5b434b900cc8e287a49aef8b5f048419b43076be0a38	full_construct_exact_candidate_needs_native_provenance_and_mapping | 9QBL_2 | Crystal structure of Xanthobacter autotrophicus SPARDA mutant lacking DREN nuclease domains | 2025-12-17T00:00:00.000+00:00 | X-RAY DIFFRACTION
H2267	9qbl	candidate			C	C	1	40-186,194-270,275-297,299-314	263	0.000000	0	false	/scratch/10992/liaorunlong93/casp16-leaderboard/diagnostics/reference_gap/refmap_candidate_mmcif/9qbl.cif	051c26ce7a3a47d774bb5b434b900cc8e287a49aef8b5f048419b43076be0a38	full_construct_exact_candidate_needs_native_provenance_and_mapping | 9QBL_2 | Crystal structure of Xanthobacter autotrophicus SPARDA mutant lacking DREN nuclease domains | 2025-12-17T00:00:00.000+00:00 | X-RAY DIFFRACTION
H2267	9qbl	candidate			D	D	2	3-163,175-215,222-248,253-482	459	0.000000	0	false	/scratch/10992/liaorunlong93/casp16-leaderboard/diagnostics/reference_gap/refmap_candidate_mmcif/9qbl.cif	051c26ce7a3a47d774bb5b434b900cc8e287a49aef8b5f048419b43076be0a38	full_construct_exact_candidate_needs_native_provenance_and_mapping | 9QBL_2 | Crystal structure of Xanthobacter autotrophicus SPARDA mutant lacking DREN nuclease domains | 2025-12-17T00:00:00.000+00:00 | X-RAY DIFFRACTION
H2267	9qbq	candidate			A	A	1	20-47,53-79,100-121,128-134,147-324,331-403,410-451	377	0.000000	0	false	/scratch/10992/liaorunlong93/casp16-leaderboard/diagnostics/reference_gap/refmap_candidate_mmcif/9qbq.cif	c374cfb0939a47c28e4bbf5c71a0bd9ad5eef5e2e55797534e5317b547b778ad	full_construct_exact_candidate_needs_native_provenance_and_mapping | 9QBQ_2 | Crystal structure of apo SPARDA complex from Xanthobacter autotrophicus | 2025-12-17T00:00:00.000+00:00 | X-RAY DIFFRACTION
H2267	9qbq	candidate			B	B	2	2-163,175-216,223-482	464	0.000000	0	false	/scratch/10992/liaorunlong93/casp16-leaderboard/diagnostics/reference_gap/refmap_candidate_mmcif/9qbq.cif	c374cfb0939a47c28e4bbf5c71a0bd9ad5eef5e2e55797534e5317b547b778ad	full_construct_exact_candidate_needs_native_provenance_and_mapping | 9QBQ_2 | Crystal structure of apo SPARDA complex from Xanthobacter autotrophicus | 2025-12-17T00:00:00.000+00:00 | X-RAY DIFFRACTION
H2267	9qbq	candidate			C	C	1	20-62,66-323,330-451	423	0.000000	0	false	/scratch/10992/liaorunlong93/casp16-leaderboard/diagnostics/reference_gap/refmap_candidate_mmcif/9qbq.cif	c374cfb0939a47c28e4bbf5c71a0bd9ad5eef5e2e55797534e5317b547b778ad	full_construct_exact_candidate_needs_native_provenance_and_mapping | 9QBQ_2 | Crystal structure of apo SPARDA complex from Xanthobacter autotrophicus | 2025-12-17T00:00:00.000+00:00 | X-RAY DIFFRACTION
H2267	9qbq	candidate			D	D	2	1-163,175-215,222-482	465	0.000000	0	false	/scratch/10992/liaorunlong93/casp16-leaderboard/diagnostics/reference_gap/refmap_candidate_mmcif/9qbq.cif	c374cfb0939a47c28e4bbf5c71a0bd9ad5eef5e2e55797534e5317b547b778ad	full_construct_exact_candidate_needs_native_provenance_and_mapping | 9QBQ_2 | Crystal structure of apo SPARDA complex from Xanthobacter autotrophicus | 2025-12-17T00:00:00.000+00:00 | X-RAY DIFFRACTION
H2267	9qcc	candidate			A	A	1	16-309,317-405,411-439	412	0.000000	0	false	/scratch/10992/liaorunlong93/casp16-leaderboard/diagnostics/reference_gap/refmap_candidate_mmcif/9qcc.cif	de11b6c64871fbe074abc11bb5b7af20c31d0a27d61ba58404599bec779eb843	full_construct_exact_candidate_needs_native_provenance_and_mapping | 9QCC_2 | Activated XauSPARDA filament assembly with bound dsDNA substrate | 2025-12-17T00:00:00.000+00:00 | ELECTRON MICROSCOPY
H2267	9qcc	candidate			AA	5	3	1-17	17	0.000000	0	false	/scratch/10992/liaorunlong93/casp16-leaderboard/diagnostics/reference_gap/refmap_candidate_mmcif/9qcc.cif	de11b6c64871fbe074abc11bb5b7af20c31d0a27d61ba58404599bec779eb843	full_construct_exact_candidate_needs_native_provenance_and_mapping | 9QCC_2 | Activated XauSPARDA filament assembly with bound dsDNA substrate | 2025-12-17T00:00:00.000+00:00 | ELECTRON MICROSCOPY
H2267	9qcc	candidate			B	B	2	3-482	480	0.000000	0	false	/scratch/10992/liaorunlong93/casp16-leaderboard/diagnostics/reference_gap/refmap_candidate_mmcif/9qcc.cif	de11b6c64871fbe074abc11bb5b7af20c31d0a27d61ba58404599bec779eb843	full_construct_exact_candidate_needs_native_provenance_and_mapping | 9QCC_2 | Activated XauSPARDA filament assembly with bound dsDNA substrate | 2025-12-17T00:00:00.000+00:00 | ELECTRON MICROSCOPY
H2267	9qcc	candidate			BA	6	4	1-17	17	0.000000	0	false	/scratch/10992/liaorunlong93/casp16-leaderboard/diagnostics/reference_gap/refmap_candidate_mmcif/9qcc.cif	de11b6c64871fbe074abc11bb5b7af20c31d0a27d61ba58404599bec779eb843	full_construct_exact_candidate_needs_native_provenance_and_mapping | 9QCC_2 | Activated XauSPARDA filament assembly with bound dsDNA substrate | 2025-12-17T00:00:00.000+00:00 | ELECTRON MICROSCOPY
H2267	9qcc	candidate			C	C	3	1-17	17	0.000000	0	false	/scratch/10992/liaorunlong93/casp16-leaderboard/diagnostics/reference_gap/refmap_candidate_mmcif/9qcc.cif	de11b6c64871fbe074abc11bb5b7af20c31d0a27d61ba58404599bec779eb843	full_construct_exact_candidate_needs_native_provenance_and_mapping | 9QCC_2 | Activated XauSPARDA filament assembly with bound dsDNA substrate | 2025-12-17T00:00:00.000+00:00 | ELECTRON MICROSCOPY
H2267	9qcc	candidate			CA	Y	1	17-295,303-307,320-402,416-438	390	0.000000	0	false	/scratch/10992/liaorunlong93/casp16-leaderboard/diagnostics/reference_gap/refmap_candidate_mmcif/9qcc.cif	de11b6c64871fbe074abc11bb5b7af20c31d0a27d61ba58404599bec779eb843	full_construct_exact_candidate_needs_native_provenance_and_mapping | 9QCC_2 | Activated XauSPARDA filament assembly with bound dsDNA substrate | 2025-12-17T00:00:00.000+00:00 | ELECTRON MICROSCOPY
H2267	9qcc	candidate			D	D	4	1-17	17	0.000000	0	false	/scratch/10992/liaorunlong93/casp16-leaderboard/diagnostics/reference_gap/refmap_candidate_mmcif/9qcc.cif	de11b6c64871fbe074abc11bb5b7af20c31d0a27d61ba58404599bec779eb843	full_construct_exact_candidate_needs_native_provenance_and_mapping | 9QCC_2 | Activated XauSPARDA filament assembly with bound dsDNA substrate | 2025-12-17T00:00:00.000+00:00 | ELECTRON MICROSCOPY
H2267	9qcc	candidate			DA	Z	2	3-162,176-482	467	0.000000	0	false	/scratch/10992/liaorunlong93/casp16-leaderboard/diagnostics/reference_gap/refmap_candidate_mmcif/9qcc.cif	de11b6c64871fbe074abc11bb5b7af20c31d0a27d61ba58404599bec779eb843	full_construct_exact_candidate_needs_native_provenance_and_mapping | 9QCC_2 | Activated XauSPARDA filament assembly with bound dsDNA substrate | 2025-12-17T00:00:00.000+00:00 | ELECTRON MICROSCOPY
H2267	9qcc	candidate			E	E	1	19-101,109-309,316-438	407	0.000000	0	false	/scratch/10992/liaorunlong93/casp16-leaderboard/diagnostics/reference_gap/refmap_candidate_mmcif/9qcc.cif	de11b6c64871fbe074abc11bb5b7af20c31d0a27d61ba58404599bec779eb843	full_construct_exact_candidate_needs_native_provenance_and_mapping | 9QCC_2 | Activated XauSPARDA filament assembly with bound dsDNA substrate | 2025-12-17T00:00:00.000+00:00 | ELECTRON MICROSCOPY
H2267	9qcc	candidate			EA	7	3	1-17	17	0.000000	0	false	/scratch/10992/liaorunlong93/casp16-leaderboard/diagnostics/reference_gap/refmap_candidate_mmcif/9qcc.cif	de11b6c64871fbe074abc11bb5b7af20c31d0a27d61ba58404599bec779eb843	full_construct_exact_candidate_needs_native_provenance_and_mapping | 9QCC_2 | Activated XauSPARDA filament assembly with bound dsDNA substrate | 2025-12-17T00:00:00.000+00:00 | ELECTRON MICROSCOPY
H2267	9qcc	candidate			F	F	2	2-163,169-482	476	0.000000	0	false	/scratch/10992/liaorunlong93/casp16-leaderboard/diagnostics/reference_gap/refmap_candidate_mmcif/9qcc.cif	de11b6c64871fbe074abc11bb5b7af20c31d0a27d61ba58404599bec779eb843	full_construct_exact_candidate_needs_native_provenance_and_mapping | 9QCC_2 | Activated XauSPARDA filament assembly with bound dsDNA substrate | 2025-12-17T00:00:00.000+00:00 | ELECTRON MICROSCOPY
H2267	9qcc	candidate			FA	8	4	1-17	17	0.000000	0	false	/scratch/10992/liaorunlong93/casp16-leaderboard/diagnostics/reference_gap/refmap_candidate_mmcif/9qcc.cif	de11b6c64871fbe074abc11bb5b7af20c31d0a27d61ba58404599bec779eb843	full_construct_exact_candidate_needs_native_provenance_and_mapping | 9QCC_2 | Activated XauSPARDA filament assembly with bound dsDNA substrate | 2025-12-17T00:00:00.000+00:00 | ELECTRON MICROSCOPY
H2267	9qcc	candidate			G	G	3	1-17	17	0.000000	0	false	/scratch/10992/liaorunlong93/casp16-leaderboard/diagnostics/reference_gap/refmap_candidate_mmcif/9qcc.cif	de11b6c64871fbe074abc11bb5b7af20c31d0a27d61ba58404599bec779eb843	full_construct_exact_candidate_needs_native_provenance_and_mapping | 9QCC_2 | Activated XauSPARDA filament assembly with bound dsDNA substrate | 2025-12-17T00:00:00.000+00:00 | ELECTRON MICROSCOPY
H2267	9qcc	candidate			GA	S	5	13-31	19	0.000000	0	false	/scratch/10992/liaorunlong93/casp16-leaderboard/diagnostics/reference_gap/refmap_candidate_mmcif/9qcc.cif	de11b6c64871fbe074abc11bb5b7af20c31d0a27d61ba58404599bec779eb843	full_construct_exact_candidate_needs_native_provenance_and_mapping | 9QCC_2 | Activated XauSPARDA filament assembly with bound dsDNA substrate | 2025-12-17T00:00:00.000+00:00 | ELECTRON MICROSCOPY
H2267	9qcc	candidate			H	H	4	1-17	17	0.000000	0	false	/scratch/10992/liaorunlong93/casp16-leaderboard/diagnostics/reference_gap/refmap_candidate_mmcif/9qcc.cif	de11b6c64871fbe074abc11bb5b7af20c31d0a27d61ba58404599bec779eb843	full_construct_exact_candidate_needs_native_provenance_and_mapping | 9QCC_2 | Activated XauSPARDA filament assembly with bound dsDNA substrate | 2025-12-17T00:00:00.000+00:00 | ELECTRON MICROSCOPY
H2267	9qcc	candidate			HA	T	6	12-30	19	0.000000	0	false	/scratch/10992/liaorunlong93/casp16-leaderboard/diagnostics/reference_gap/refmap_candidate_mmcif/9qcc.cif	de11b6c64871fbe074abc11bb5b7af20c31d0a27d61ba58404599bec779eb843	full_construct_exact_candidate_needs_native_provenance_and_mapping | 9QCC_2 | Activated XauSPARDA filament assembly with bound dsDNA substrate | 2025-12-17T00:00:00.000+00:00 | ELECTRON MICROSCOPY
H2267	9qcc	candidate			I	I	1	175-309,317-438	257	0.000000	0	false	/scratch/10992/liaorunlong93/casp16-leaderboard/diagnostics/reference_gap/refmap_candidate_mmcif/9qcc.cif	de11b6c64871fbe074abc11bb5b7af20c31d0a27d61ba58404599bec779eb843	full_construct_exact_candidate_needs_native_provenance_and_mapping | 9QCC_2 | Activated XauSPARDA filament assembly with bound dsDNA substrate | 2025-12-17T00:00:00.000+00:00 | ELECTRON MICROSCOPY
H2267	9qcc	candidate			J	J	2	2-162,176-482	468	0.000000	0	false	/scratch/10992/liaorunlong93/casp16-leaderboard/diagnostics/reference_gap/refmap_candidate_mmcif/9qcc.cif	de11b6c64871fbe074abc11bb5b7af20c31d0a27d61ba58404599bec779eb843	full_construct_exact_candidate_needs_native_provenance_and_mapping | 9QCC_2 | Activated XauSPARDA filament assembly with bound dsDNA substrate | 2025-12-17T00:00:00.000+00:00 | ELECTRON MICROSCOPY
H2267	9qcc	candidate			K	K	3	1-17	17	0.000000	0	false	/scratch/10992/liaorunlong93/casp16-leaderboard/diagnostics/reference_gap/refmap_candidate_mmcif/9qcc.cif	de11b6c64871fbe074abc11bb5b7af20c31d0a27d61ba58404599bec779eb843	full_construct_exact_candidate_needs_native_provenance_and_mapping | 9QCC_2 | Activated XauSPARDA filament assembly with bound dsDNA substrate | 2025-12-17T00:00:00.000+00:00 | ELECTRON MICROSCOPY
H2267	9qcc	candidate			L	L	4	1-17	17	0.000000	0	false	/scratch/10992/liaorunlong93/casp16-leaderboard/diagnostics/reference_gap/refmap_candidate_mmcif/9qcc.cif	de11b6c64871fbe074abc11bb5b7af20c31d0a27d61ba58404599bec779eb843	full_construct_exact_candidate_needs_native_provenance_and_mapping | 9QCC_2 | Activated XauSPARDA filament assembly with bound dsDNA substrate | 2025-12-17T00:00:00.000+00:00 | ELECTRON MICROSCOPY
H2267	9qcc	candidate			M	M	1	17-308,318-403,416-438	401	0.000000	0	false	/scratch/10992/liaorunlong93/casp16-leaderboard/diagnostics/reference_gap/refmap_candidate_mmcif/9qcc.cif	de11b6c64871fbe074abc11bb5b7af20c31d0a27d61ba58404599bec779eb843	full_construct_exact_candidate_needs_native_provenance_and_mapping | 9QCC_2 | Activated XauSPARDA filament assembly with bound dsDNA substrate | 2025-12-17T00:00:00.000+00:00 | ELECTRON MICROSCOPY
H2267	9qcc	candidate			N	N	2	3-161,176-482	466	0.000000	0	false	/scratch/10992/liaorunlong93/casp16-leaderboard/diagnostics/reference_gap/refmap_candidate_mmcif/9qcc.cif	de11b6c64871fbe074abc11bb5b7af20c31d0a27d61ba58404599bec779eb843	full_construct_exact_candidate_needs_native_provenance_and_mapping | 9QCC_2 | Activated XauSPARDA filament assembly with bound dsDNA substrate | 2025-12-17T00:00:00.000+00:00 | ELECTRON MICROSCOPY
H2267	9qcc	candidate			O	O	3	1-17	17	0.000000	0	false	/scratch/10992/liaorunlong93/casp16-leaderboard/diagnostics/reference_gap/refmap_candidate_mmcif/9qcc.cif	de11b6c64871fbe074abc11bb5b7af20c31d0a27d61ba58404599bec779eb843	full_construct_exact_candidate_needs_native_provenance_and_mapping | 9QCC_2 | Activated XauSPARDA filament assembly with bound dsDNA substrate | 2025-12-17T00:00:00.000+00:00 | ELECTRON MICROSCOPY
H2267	9qcc	candidate			P	P	4	1-17	17	0.000000	0	false	/scratch/10992/liaorunlong93/casp16-leaderboard/diagnostics/reference_gap/refmap_candidate_mmcif/9qcc.cif	de11b6c64871fbe074abc11bb5b7af20c31d0a27d61ba58404599bec779eb843	full_construct_exact_candidate_needs_native_provenance_and_mapping | 9QCC_2 | Activated XauSPARDA filament assembly with bound dsDNA substrate | 2025-12-17T00:00:00.000+00:00 | ELECTRON MICROSCOPY
H2267	9qcc	candidate			Q	Q	1	16-309,317-438	416	0.000000	0	false	/scratch/10992/liaorunlong93/casp16-leaderboard/diagnostics/reference_gap/refmap_candidate_mmcif/9qcc.cif	de11b6c64871fbe074abc11bb5b7af20c31d0a27d61ba58404599bec779eb843	full_construct_exact_candidate_needs_native_provenance_and_mapping | 9QCC_2 | Activated XauSPARDA filament assembly with bound dsDNA substrate | 2025-12-17T00:00:00.000+00:00 | ELECTRON MICROSCOPY
H2267	9qcc	candidate			R	R	2	2-162,176-482	468	0.000000	0	false	/scratch/10992/liaorunlong93/casp16-leaderboard/diagnostics/reference_gap/refmap_candidate_mmcif/9qcc.cif	de11b6c64871fbe074abc11bb5b7af20c31d0a27d61ba58404599bec779eb843	full_construct_exact_candidate_needs_native_provenance_and_mapping | 9QCC_2 | Activated XauSPARDA filament assembly with bound dsDNA substrate | 2025-12-17T00:00:00.000+00:00 | ELECTRON MICROSCOPY
H2267	9qcc	candidate			S	1	3	1-17	17	0.000000	0	false	/scratch/10992/liaorunlong93/casp16-leaderboard/diagnostics/reference_gap/refmap_candidate_mmcif/9qcc.cif	de11b6c64871fbe074abc11bb5b7af20c31d0a27d61ba58404599bec779eb843	full_construct_exact_candidate_needs_native_provenance_and_mapping | 9QCC_2 | Activated XauSPARDA filament assembly with bound dsDNA substrate | 2025-12-17T00:00:00.000+00:00 | ELECTRON MICROSCOPY
H2267	9qcc	candidate			T	2	4	1-17	17	0.000000	0	false	/scratch/10992/liaorunlong93/casp16-leaderboard/diagnostics/reference_gap/refmap_candidate_mmcif/9qcc.cif	de11b6c64871fbe074abc11bb5b7af20c31d0a27d61ba58404599bec779eb843	full_construct_exact_candidate_needs_native_provenance_and_mapping | 9QCC_2 | Activated XauSPARDA filament assembly with bound dsDNA substrate | 2025-12-17T00:00:00.000+00:00 | ELECTRON MICROSCOPY
H2267	9qcc	candidate			U	U	1	19-130,138-310,317-438	407	0.000000	0	false	/scratch/10992/liaorunlong93/casp16-leaderboard/diagnostics/reference_gap/refmap_candidate_mmcif/9qcc.cif	de11b6c64871fbe074abc11bb5b7af20c31d0a27d61ba58404599bec779eb843	full_construct_exact_candidate_needs_native_provenance_and_mapping | 9QCC_2 | Activated XauSPARDA filament assembly with bound dsDNA substrate | 2025-12-17T00:00:00.000+00:00 | ELECTRON MICROSCOPY
H2267	9qcc	candidate			V	V	2	2-482	481	0.000000	0	false	/scratch/10992/liaorunlong93/casp16-leaderboard/diagnostics/reference_gap/refmap_candidate_mmcif/9qcc.cif	de11b6c64871fbe074abc11bb5b7af20c31d0a27d61ba58404599bec779eb843	full_construct_exact_candidate_needs_native_provenance_and_mapping | 9QCC_2 | Activated XauSPARDA filament assembly with bound dsDNA substrate | 2025-12-17T00:00:00.000+00:00 | ELECTRON MICROSCOPY
H2267	9qcc	candidate			W	3	3	1-17	17	0.000000	0	false	/scratch/10992/liaorunlong93/casp16-leaderboard/diagnostics/reference_gap/refmap_candidate_mmcif/9qcc.cif	de11b6c64871fbe074abc11bb5b7af20c31d0a27d61ba58404599bec779eb843	full_construct_exact_candidate_needs_native_provenance_and_mapping | 9QCC_2 | Activated XauSPARDA filament assembly with bound dsDNA substrate | 2025-12-17T00:00:00.000+00:00 | ELECTRON MICROSCOPY
H2267	9qcc	candidate			X	4	4	1-17	17	0.000000	0	false	/scratch/10992/liaorunlong93/casp16-leaderboard/diagnostics/reference_gap/refmap_candidate_mmcif/9qcc.cif	de11b6c64871fbe074abc11bb5b7af20c31d0a27d61ba58404599bec779eb843	full_construct_exact_candidate_needs_native_provenance_and_mapping | 9QCC_2 | Activated XauSPARDA filament assembly with bound dsDNA substrate | 2025-12-17T00:00:00.000+00:00 | ELECTRON MICROSCOPY
H2267	9qcc	candidate			Y	X	2	3-162,176-482	467	0.000000	0	false	/scratch/10992/liaorunlong93/casp16-leaderboard/diagnostics/reference_gap/refmap_candidate_mmcif/9qcc.cif	de11b6c64871fbe074abc11bb5b7af20c31d0a27d61ba58404599bec779eb843	full_construct_exact_candidate_needs_native_provenance_and_mapping | 9QCC_2 | Activated XauSPARDA filament assembly with bound dsDNA substrate | 2025-12-17T00:00:00.000+00:00 | ELECTRON MICROSCOPY
H2267	9qcc	candidate			Z	W	1	174-308,319-405,412-438	249	0.000000	0	false	/scratch/10992/liaorunlong93/casp16-leaderboard/diagnostics/reference_gap/refmap_candidate_mmcif/9qcc.cif	de11b6c64871fbe074abc11bb5b7af20c31d0a27d61ba58404599bec779eb843	full_construct_exact_candidate_needs_native_provenance_and_mapping | 9QCC_2 | Activated XauSPARDA filament assembly with bound dsDNA substrate | 2025-12-17T00:00:00.000+00:00 | ELECTRON MICROSCOPY
H1217	6ezo	candidate			A	A	1	6-58,61-250,269-305	280	0.000000	0	false	/scratch/10992/liaorunlong93/casp16-leaderboard/diagnostics/reference_gap/refmap_candidate_mmcif/6ezo.cif	9b1e48287dbcfea1ce9906ded05285038731828a3ad687ea72f14154dcd0d972	full_construct_exact_candidate_needs_native_provenance_and_mapping | 6EZO_5 | Eukaryotic initiation factor EIF2B in complex with ISRIB | 2018-03-28T00:00:00.000+00:00 | ELECTRON MICROSCOPY
H1217	6ezo	candidate			B	B	1	6-58,61-250,269-305	280	0.000000	0	false	/scratch/10992/liaorunlong93/casp16-leaderboard/diagnostics/reference_gap/refmap_candidate_mmcif/6ezo.cif	9b1e48287dbcfea1ce9906ded05285038731828a3ad687ea72f14154dcd0d972	full_construct_exact_candidate_needs_native_provenance_and_mapping | 6EZO_5 | Eukaryotic initiation factor EIF2B in complex with ISRIB | 2018-03-28T00:00:00.000+00:00 | ELECTRON MICROSCOPY
H1217	6ezo	candidate			C	C	2	34-118,150-371	307	0.000000	0	false	/scratch/10992/liaorunlong93/casp16-leaderboard/diagnostics/reference_gap/refmap_candidate_mmcif/6ezo.cif	9b1e48287dbcfea1ce9906ded05285038731828a3ad687ea72f14154dcd0d972	full_construct_exact_candidate_needs_native_provenance_and_mapping | 6EZO_5 | Eukaryotic initiation factor EIF2B in complex with ISRIB | 2018-03-28T00:00:00.000+00:00 | ELECTRON MICROSCOPY
H1217	6ezo	candidate			D	D	2	34-119,150-371	308	0.000000	0	false	/scratch/10992/liaorunlong93/casp16-leaderboard/diagnostics/reference_gap/refmap_candidate_mmcif/6ezo.cif	9b1e48287dbcfea1ce9906ded05285038731828a3ad687ea72f14154dcd0d972	full_construct_exact_candidate_needs_native_provenance_and_mapping | 6EZO_5 | Eukaryotic initiation factor EIF2B in complex with ISRIB | 2018-03-28T00:00:00.000+00:00 | ELECTRON MICROSCOPY
H1217	6ezo	candidate			E	E	3	1-134,155-235,302-330,342-444	347	0.000000	0	false	/scratch/10992/liaorunlong93/casp16-leaderboard/diagnostics/reference_gap/refmap_candidate_mmcif/6ezo.cif	9b1e48287dbcfea1ce9906ded05285038731828a3ad687ea72f14154dcd0d972	full_construct_exact_candidate_needs_native_provenance_and_mapping | 6EZO_5 | Eukaryotic initiation factor EIF2B in complex with ISRIB | 2018-03-28T00:00:00.000+00:00 | ELECTRON MICROSCOPY
H1217	6ezo	candidate			F	F	3	1-134,155-235,302-330,342-444	347	0.000000	0	false	/scratch/10992/liaorunlong93/casp16-leaderboard/diagnostics/reference_gap/refmap_candidate_mmcif/6ezo.cif	9b1e48287dbcfea1ce9906ded05285038731828a3ad687ea72f14154dcd0d972	full_construct_exact_candidate_needs_native_provenance_and_mapping | 6EZO_5 | Eukaryotic initiation factor EIF2B in complex with ISRIB | 2018-03-28T00:00:00.000+00:00 | ELECTRON MICROSCOPY
H1217	6ezo	candidate			G	G	4	166-520	355	0.000000	0	false	/scratch/10992/liaorunlong93/casp16-leaderboard/diagnostics/reference_gap/refmap_candidate_mmcif/6ezo.cif	9b1e48287dbcfea1ce9906ded05285038731828a3ad687ea72f14154dcd0d972	full_construct_exact_candidate_needs_native_provenance_and_mapping | 6EZO_5 | Eukaryotic initiation factor EIF2B in complex with ISRIB | 2018-03-28T00:00:00.000+00:00 | ELECTRON MICROSCOPY
H1217	6ezo	candidate			H	H	4	166-518	353	0.000000	0	false	/scratch/10992/liaorunlong93/casp16-leaderboard/diagnostics/reference_gap/refmap_candidate_mmcif/6ezo.cif	9b1e48287dbcfea1ce9906ded05285038731828a3ad687ea72f14154dcd0d972	full_construct_exact_candidate_needs_native_provenance_and_mapping | 6EZO_5 | Eukaryotic initiation factor EIF2B in complex with ISRIB | 2018-03-28T00:00:00.000+00:00 | ELECTRON MICROSCOPY
H1217	6ezo	candidate			I	I	5	38-47,58-326,334-450	396	0.000000	0	false	/scratch/10992/liaorunlong93/casp16-leaderboard/diagnostics/reference_gap/refmap_candidate_mmcif/6ezo.cif	9b1e48287dbcfea1ce9906ded05285038731828a3ad687ea72f14154dcd0d972	full_construct_exact_candidate_needs_native_provenance_and_mapping | 6EZO_5 | Eukaryotic initiation factor EIF2B in complex with ISRIB | 2018-03-28T00:00:00.000+00:00 | ELECTRON MICROSCOPY
H1217	6ezo	candidate			J	J	5	40-47,58-326,334-450	394	0.000000	0	false	/scratch/10992/liaorunlong93/casp16-leaderboard/diagnostics/reference_gap/refmap_candidate_mmcif/6ezo.cif	9b1e48287dbcfea1ce9906ded05285038731828a3ad687ea72f14154dcd0d972	full_construct_exact_candidate_needs_native_provenance_and_mapping | 6EZO_5 | Eukaryotic initiation factor EIF2B in complex with ISRIB | 2018-03-28T00:00:00.000+00:00 | ELECTRON MICROSCOPY
H1217	6k71	candidate			A	A	1	4-36,44-77,91-252,270-305	265	0.000000	0	false	/scratch/10992/liaorunlong93/casp16-leaderboard/diagnostics/reference_gap/refmap_candidate_mmcif/6k71.cif	d302f40f34666e56cfc47671e3747ef3f3038339ba2cfc6af2dfb871b52950e7	full_construct_exact_candidate_needs_native_provenance_and_mapping | 6K71_5 | eIF2 - eIF2B complex | 2019-07-10T00:00:00.000+00:00 | ELECTRON MICROSCOPY
H1217	6k71	candidate			B	B	1	4-36,44-77,91-252,270-305	265	0.000000	0	false	/scratch/10992/liaorunlong93/casp16-leaderboard/diagnostics/reference_gap/refmap_candidate_mmcif/6k71.cif	d302f40f34666e56cfc47671e3747ef3f3038339ba2cfc6af2dfb871b52950e7	full_construct_exact_candidate_needs_native_provenance_and_mapping | 6K71_5 | eIF2 - eIF2B complex | 2019-07-10T00:00:00.000+00:00 | ELECTRON MICROSCOPY
H1217	6k71	candidate			C	C	2	8-98,125-351	318	0.000000	0	false	/scratch/10992/liaorunlong93/casp16-leaderboard/diagnostics/reference_gap/refmap_candidate_mmcif/6k71.cif	d302f40f34666e56cfc47671e3747ef3f3038339ba2cfc6af2dfb871b52950e7	full_construct_exact_candidate_needs_native_provenance_and_mapping | 6K71_5 | eIF2 - eIF2B complex | 2019-07-10T00:00:00.000+00:00 | ELECTRON MICROSCOPY
H1217	6k71	candidate			D	D	2	8-98,125-351	318	0.000000	0	false	/scratch/10992/liaorunlong93/casp16-leaderboard/diagnostics/reference_gap/refmap_candidate_mmcif/6k71.cif	d302f40f34666e56cfc47671e3747ef3f3038339ba2cfc6af2dfb871b52950e7	full_construct_exact_candidate_needs_native_provenance_and_mapping | 6K71_5 | eIF2 - eIF2B complex | 2019-07-10T00:00:00.000+00:00 | ELECTRON MICROSCOPY
H1217	6k71	candidate			E	E	3	1-12,26-56,61-134,155-236,239-243,260-267,272-292,342-444	336	0.000000	0	false	/scratch/10992/liaorunlong93/casp16-leaderboard/diagnostics/reference_gap/refmap_candidate_mmcif/6k71.cif	d302f40f34666e56cfc47671e3747ef3f3038339ba2cfc6af2dfb871b52950e7	full_construct_exact_candidate_needs_native_provenance_and_mapping | 6K71_5 | eIF2 - eIF2B complex | 2019-07-10T00:00:00.000+00:00 | ELECTRON MICROSCOPY
H1217	6k71	candidate			F	F	3	1-12,26-56,61-134,155-236,239-243,260-267,276-292,342-444	332	0.000000	0	false	/scratch/10992/liaorunlong93/casp16-leaderboard/diagnostics/reference_gap/refmap_candidate_mmcif/6k71.cif	d302f40f34666e56cfc47671e3747ef3f3038339ba2cfc6af2dfb871b52950e7	full_construct_exact_candidate_needs_native_provenance_and_mapping | 6K71_5 | eIF2 - eIF2B complex | 2019-07-10T00:00:00.000+00:00 | ELECTRON MICROSCOPY
H1217	6k71	candidate			G	G	4	166-522	357	0.000000	0	false	/scratch/10992/liaorunlong93/casp16-leaderboard/diagnostics/reference_gap/refmap_candidate_mmcif/6k71.cif	d302f40f34666e56cfc47671e3747ef3f3038339ba2cfc6af2dfb871b52950e7	full_construct_exact_candidate_needs_native_provenance_and_mapping | 6K71_5 | eIF2 - eIF2B complex | 2019-07-10T00:00:00.000+00:00 | ELECTRON MICROSCOPY
H1217	6k71	candidate			H	H	4	166-522	357	0.000000	0	false	/scratch/10992/liaorunlong93/casp16-leaderboard/diagnostics/reference_gap/refmap_candidate_mmcif/6k71.cif	d302f40f34666e56cfc47671e3747ef3f3038339ba2cfc6af2dfb871b52950e7	full_construct_exact_candidate_needs_native_provenance_and_mapping | 6K71_5 | eIF2 - eIF2B complex | 2019-07-10T00:00:00.000+00:00 | ELECTRON MICROSCOPY
H1217	6k71	candidate			I	I	5	41-279,285-466	421	0.000000	0	false	/scratch/10992/liaorunlong93/casp16-leaderboard/diagnostics/reference_gap/refmap_candidate_mmcif/6k71.cif	d302f40f34666e56cfc47671e3747ef3f3038339ba2cfc6af2dfb871b52950e7	full_construct_exact_candidate_needs_native_provenance_and_mapping | 6K71_5 | eIF2 - eIF2B complex | 2019-07-10T00:00:00.000+00:00 | ELECTRON MICROSCOPY
H1217	6k71	candidate			J	J	5	41-279,285-466,547-689,692-715	588	0.000000	0	false	/scratch/10992/liaorunlong93/casp16-leaderboard/diagnostics/reference_gap/refmap_candidate_mmcif/6k71.cif	d302f40f34666e56cfc47671e3747ef3f3038339ba2cfc6af2dfb871b52950e7	full_construct_exact_candidate_needs_native_provenance_and_mapping | 6K71_5 | eIF2 - eIF2B complex | 2019-07-10T00:00:00.000+00:00 | ELECTRON MICROSCOPY
H1217	6k71	candidate			K	K	6	7-271	265	0.000000	0	false	/scratch/10992/liaorunlong93/casp16-leaderboard/diagnostics/reference_gap/refmap_candidate_mmcif/6k71.cif	d302f40f34666e56cfc47671e3747ef3f3038339ba2cfc6af2dfb871b52950e7	full_construct_exact_candidate_needs_native_provenance_and_mapping | 6K71_5 | eIF2 - eIF2B complex | 2019-07-10T00:00:00.000+00:00 | ELECTRON MICROSCOPY
H1217	6k71	candidate			L	M	7	173-188	16	0.000000	0	false	/scratch/10992/liaorunlong93/casp16-leaderboard/diagnostics/reference_gap/refmap_candidate_mmcif/6k71.cif	d302f40f34666e56cfc47671e3747ef3f3038339ba2cfc6af2dfb871b52950e7	full_construct_exact_candidate_needs_native_provenance_and_mapping | 6K71_5 | eIF2 - eIF2B complex | 2019-07-10T00:00:00.000+00:00 | ELECTRON MICROSCOPY
H1217	6k71	candidate			M	P	8	40-103,119-460	406	0.000000	0	false	/scratch/10992/liaorunlong93/casp16-leaderboard/diagnostics/reference_gap/refmap_candidate_mmcif/6k71.cif	d302f40f34666e56cfc47671e3747ef3f3038339ba2cfc6af2dfb871b52950e7	full_construct_exact_candidate_needs_native_provenance_and_mapping | 6K71_5 | eIF2 - eIF2B complex | 2019-07-10T00:00:00.000+00:00 | ELECTRON MICROSCOPY
H1217	6k72	candidate			A	A	1	4-252,270-305	285	0.000000	0	false	/scratch/10992/liaorunlong93/casp16-leaderboard/diagnostics/reference_gap/refmap_candidate_mmcif/6k72.cif	74adb8c4e9b3b0680c411f0b2093a66e732c5350189dcc488186ceffe5c214ef	full_construct_exact_candidate_needs_native_provenance_and_mapping | 6K72_5 | eIF2(aP) - eIF2B complex | 2019-07-10T00:00:00.000+00:00 | ELECTRON MICROSCOPY
H1217	6k72	candidate			B	B	1	5-252,270-305	284	0.000000	0	false	/scratch/10992/liaorunlong93/casp16-leaderboard/diagnostics/reference_gap/refmap_candidate_mmcif/6k72.cif	74adb8c4e9b3b0680c411f0b2093a66e732c5350189dcc488186ceffe5c214ef	full_construct_exact_candidate_needs_native_provenance_and_mapping | 6K72_5 | eIF2(aP) - eIF2B complex | 2019-07-10T00:00:00.000+00:00 | ELECTRON MICROSCOPY
H1217	6k72	candidate			C	C	2	8-98,125-351	318	0.000000	0	false	/scratch/10992/liaorunlong93/casp16-leaderboard/diagnostics/reference_gap/refmap_candidate_mmcif/6k72.cif	74adb8c4e9b3b0680c411f0b2093a66e732c5350189dcc488186ceffe5c214ef	full_construct_exact_candidate_needs_native_provenance_and_mapping | 6K72_5 | eIF2(aP) - eIF2B complex | 2019-07-10T00:00:00.000+00:00 | ELECTRON MICROSCOPY
H1217	6k72	candidate			D	D	2	8-98,125-351	318	0.000000	0	false	/scratch/10992/liaorunlong93/casp16-leaderboard/diagnostics/reference_gap/refmap_candidate_mmcif/6k72.cif	74adb8c4e9b3b0680c411f0b2093a66e732c5350189dcc488186ceffe5c214ef	full_construct_exact_candidate_needs_native_provenance_and_mapping | 6K72_5 | eIF2(aP) - eIF2B complex | 2019-07-10T00:00:00.000+00:00 | ELECTRON MICROSCOPY
H1217	6k72	candidate			E	E	3	1-12,26-56,61-134,155-235,241-243,260-267,272-292,342-444	333	0.000000	0	false	/scratch/10992/liaorunlong93/casp16-leaderboard/diagnostics/reference_gap/refmap_candidate_mmcif/6k72.cif	74adb8c4e9b3b0680c411f0b2093a66e732c5350189dcc488186ceffe5c214ef	full_construct_exact_candidate_needs_native_provenance_and_mapping | 6K72_5 | eIF2(aP) - eIF2B complex | 2019-07-10T00:00:00.000+00:00 | ELECTRON MICROSCOPY
H1217	6k72	candidate			F	F	3	1-12,26-56,61-134,155-235,241-243,260-267,276-292,342-444	329	0.000000	0	false	/scratch/10992/liaorunlong93/casp16-leaderboard/diagnostics/reference_gap/refmap_candidate_mmcif/6k72.cif	74adb8c4e9b3b0680c411f0b2093a66e732c5350189dcc488186ceffe5c214ef	full_construct_exact_candidate_needs_native_provenance_and_mapping | 6K72_5 | eIF2(aP) - eIF2B complex | 2019-07-10T00:00:00.000+00:00 | ELECTRON MICROSCOPY
H1217	6k72	candidate			G	G	4	166-522	357	0.000000	0	false	/scratch/10992/liaorunlong93/casp16-leaderboard/diagnostics/reference_gap/refmap_candidate_mmcif/6k72.cif	74adb8c4e9b3b0680c411f0b2093a66e732c5350189dcc488186ceffe5c214ef	full_construct_exact_candidate_needs_native_provenance_and_mapping | 6K72_5 | eIF2(aP) - eIF2B complex | 2019-07-10T00:00:00.000+00:00 | ELECTRON MICROSCOPY
H1217	6k72	candidate			H	H	4	166-522	357	0.000000	0	false	/scratch/10992/liaorunlong93/casp16-leaderboard/diagnostics/reference_gap/refmap_candidate_mmcif/6k72.cif	74adb8c4e9b3b0680c411f0b2093a66e732c5350189dcc488186ceffe5c214ef	full_construct_exact_candidate_needs_native_provenance_and_mapping | 6K72_5 | eIF2(aP) - eIF2B complex | 2019-07-10T00:00:00.000+00:00 | ELECTRON MICROSCOPY
H1217	6k72	candidate			I	I	5	41-279,285-466	421	0.000000	0	false	/scratch/10992/liaorunlong93/casp16-leaderboard/diagnostics/reference_gap/refmap_candidate_mmcif/6k72.cif	74adb8c4e9b3b0680c411f0b2093a66e732c5350189dcc488186ceffe5c214ef	full_construct_exact_candidate_needs_native_provenance_and_mapping | 6K72_5 | eIF2(aP) - eIF2B complex | 2019-07-10T00:00:00.000+00:00 | ELECTRON MICROSCOPY
H1217	6k72	candidate			J	J	5	41-279,285-466	421	0.000000	0	false	/scratch/10992/liaorunlong93/casp16-leaderboard/diagnostics/reference_gap/refmap_candidate_mmcif/6k72.cif	74adb8c4e9b3b0680c411f0b2093a66e732c5350189dcc488186ceffe5c214ef	full_construct_exact_candidate_needs_native_provenance_and_mapping | 6K72_5 | eIF2(aP) - eIF2B complex | 2019-07-10T00:00:00.000+00:00 | ELECTRON MICROSCOPY
H1217	6k72	candidate			K	K	6	7-46,57-118,124-176,188-271	239	0.000000	0	false	/scratch/10992/liaorunlong93/casp16-leaderboard/diagnostics/reference_gap/refmap_candidate_mmcif/6k72.cif	74adb8c4e9b3b0680c411f0b2093a66e732c5350189dcc488186ceffe5c214ef	full_construct_exact_candidate_needs_native_provenance_and_mapping | 6K72_5 | eIF2(aP) - eIF2B complex | 2019-07-10T00:00:00.000+00:00 | ELECTRON MICROSCOPY
H1217	6k72	candidate			L	L	6	7-48,65-187	165	0.000000	0	false	/scratch/10992/liaorunlong93/casp16-leaderboard/diagnostics/reference_gap/refmap_candidate_mmcif/6k72.cif	74adb8c4e9b3b0680c411f0b2093a66e732c5350189dcc488186ceffe5c214ef	full_construct_exact_candidate_needs_native_provenance_and_mapping | 6K72_5 | eIF2(aP) - eIF2B complex | 2019-07-10T00:00:00.000+00:00 | ELECTRON MICROSCOPY
H1217	6k72	candidate			M	M	7	173-188	16	0.000000	0	false	/scratch/10992/liaorunlong93/casp16-leaderboard/diagnostics/reference_gap/refmap_candidate_mmcif/6k72.cif	74adb8c4e9b3b0680c411f0b2093a66e732c5350189dcc488186ceffe5c214ef	full_construct_exact_candidate_needs_native_provenance_and_mapping | 6K72_5 | eIF2(aP) - eIF2B complex | 2019-07-10T00:00:00.000+00:00 | ELECTRON MICROSCOPY
H1217	6k72	candidate			N	P	8	40-460	421	0.000000	0	false	/scratch/10992/liaorunlong93/casp16-leaderboard/diagnostics/reference_gap/refmap_candidate_mmcif/6k72.cif	74adb8c4e9b3b0680c411f0b2093a66e732c5350189dcc488186ceffe5c214ef	full_construct_exact_candidate_needs_native_provenance_and_mapping | 6K72_5 | eIF2(aP) - eIF2B complex | 2019-07-10T00:00:00.000+00:00 | ELECTRON MICROSCOPY
H1217	6o85	candidate			A	A	1	41-466	426	0.000000	0	false	/scratch/10992/liaorunlong93/casp16-leaderboard/diagnostics/reference_gap/refmap_candidate_mmcif/6o85.cif	bc93b8b194c02375e98e0c06f4ca76f7c55981b17668518782c794f1b2f2d33f	full_construct_exact_candidate_needs_native_provenance_and_mapping | 6O85_1 | Electron cryo-microscopy of the eukaryotic translation initiation factor 2B bound to eukaryotic translation initiation factor 2 from Homo sapiens | 2019-05-15T00:00:00.000+00:00 | ELECTRON MICROSCOPY
H1217	6o85	candidate			B	B	1	41-466,549-688,692-715	590	0.000000	0	false	/scratch/10992/liaorunlong93/casp16-leaderboard/diagnostics/reference_gap/refmap_candidate_mmcif/6o85.cif	bc93b8b194c02375e98e0c06f4ca76f7c55981b17668518782c794f1b2f2d33f	full_construct_exact_candidate_needs_native_provenance_and_mapping | 6O85_1 | Electron cryo-microscopy of the eukaryotic translation initiation factor 2B bound to eukaryotic translation initiation factor 2 from Homo sapiens | 2019-05-15T00:00:00.000+00:00 | ELECTRON MICROSCOPY
H1217	6o85	candidate			C	C	2	25-115,143-368	317	0.000000	0	false	/scratch/10992/liaorunlong93/casp16-leaderboard/diagnostics/reference_gap/refmap_candidate_mmcif/6o85.cif	bc93b8b194c02375e98e0c06f4ca76f7c55981b17668518782c794f1b2f2d33f	full_construct_exact_candidate_needs_native_provenance_and_mapping | 6O85_1 | Electron cryo-microscopy of the eukaryotic translation initiation factor 2B bound to eukaryotic translation initiation factor 2 from Homo sapiens | 2019-05-15T00:00:00.000+00:00 | ELECTRON MICROSCOPY
H1217	6o85	candidate			D	D	2	25-115,142-368	318	0.000000	0	false	/scratch/10992/liaorunlong93/casp16-leaderboard/diagnostics/reference_gap/refmap_candidate_mmcif/6o85.cif	bc93b8b194c02375e98e0c06f4ca76f7c55981b17668518782c794f1b2f2d33f	full_construct_exact_candidate_needs_native_provenance_and_mapping | 6O85_1 | Electron cryo-microscopy of the eukaryotic translation initiation factor 2B bound to eukaryotic translation initiation factor 2 from Homo sapiens | 2019-05-15T00:00:00.000+00:00 | ELECTRON MICROSCOPY
H1217	6o85	candidate			E	E	3	166-522	357	0.000000	0	false	/scratch/10992/liaorunlong93/casp16-leaderboard/diagnostics/reference_gap/refmap_candidate_mmcif/6o85.cif	bc93b8b194c02375e98e0c06f4ca76f7c55981b17668518782c794f1b2f2d33f	full_construct_exact_candidate_needs_native_provenance_and_mapping | 6O85_1 | Electron cryo-microscopy of the eukaryotic translation initiation factor 2B bound to eukaryotic translation initiation factor 2 from Homo sapiens | 2019-05-15T00:00:00.000+00:00 | ELECTRON MICROSCOPY
H1217	6o85	candidate			F	F	3	166-522	357	0.000000	0	false	/scratch/10992/liaorunlong93/casp16-leaderboard/diagnostics/reference_gap/refmap_candidate_mmcif/6o85.cif	bc93b8b194c02375e98e0c06f4ca76f7c55981b17668518782c794f1b2f2d33f	full_construct_exact_candidate_needs_native_provenance_and_mapping | 6O85_1 | Electron cryo-microscopy of the eukaryotic translation initiation factor 2B bound to eukaryotic translation initiation factor 2 from Homo sapiens | 2019-05-15T00:00:00.000+00:00 | ELECTRON MICROSCOPY
H1217	6o85	candidate			G	G	4	4-252,270-305	285	0.000000	0	false	/scratch/10992/liaorunlong93/casp16-leaderboard/diagnostics/reference_gap/refmap_candidate_mmcif/6o85.cif	bc93b8b194c02375e98e0c06f4ca76f7c55981b17668518782c794f1b2f2d33f	full_construct_exact_candidate_needs_native_provenance_and_mapping | 6O85_1 | Electron cryo-microscopy of the eukaryotic translation initiation factor 2B bound to eukaryotic translation initiation factor 2 from Homo sapiens | 2019-05-15T00:00:00.000+00:00 | ELECTRON MICROSCOPY
H1217	6o85	candidate			H	H	4	4-252,270-305	285	0.000000	0	false	/scratch/10992/liaorunlong93/casp16-leaderboard/diagnostics/reference_gap/refmap_candidate_mmcif/6o85.cif	bc93b8b194c02375e98e0c06f4ca76f7c55981b17668518782c794f1b2f2d33f	full_construct_exact_candidate_needs_native_provenance_and_mapping | 6O85_1 | Electron cryo-microscopy of the eukaryotic translation initiation factor 2B bound to eukaryotic translation initiation factor 2 from Homo sapiens | 2019-05-15T00:00:00.000+00:00 | ELECTRON MICROSCOPY
H1217	6o85	candidate			I	I	5	1-11,28-134,155-238,258-295	240	0.000000	0	false	/scratch/10992/liaorunlong93/casp16-leaderboard/diagnostics/reference_gap/refmap_candidate_mmcif/6o85.cif	bc93b8b194c02375e98e0c06f4ca76f7c55981b17668518782c794f1b2f2d33f	full_construct_exact_candidate_needs_native_provenance_and_mapping | 6O85_1 | Electron cryo-microscopy of the eukaryotic translation initiation factor 2B bound to eukaryotic translation initiation factor 2 from Homo sapiens | 2019-05-15T00:00:00.000+00:00 | ELECTRON MICROSCOPY
H1217	6o85	candidate			J	J	5	1-11,28-134,155-238,258-295	240	0.000000	0	false	/scratch/10992/liaorunlong93/casp16-leaderboard/diagnostics/reference_gap/refmap_candidate_mmcif/6o85.cif	bc93b8b194c02375e98e0c06f4ca76f7c55981b17668518782c794f1b2f2d33f	full_construct_exact_candidate_needs_native_provenance_and_mapping | 6O85_1 | Electron cryo-microscopy of the eukaryotic translation initiation factor 2B bound to eukaryotic translation initiation factor 2 from Homo sapiens | 2019-05-15T00:00:00.000+00:00 | ELECTRON MICROSCOPY
H1217	6o85	candidate			K	L	6	3-277	275	0.000000	0	false	/scratch/10992/liaorunlong93/casp16-leaderboard/diagnostics/reference_gap/refmap_candidate_mmcif/6o85.cif	bc93b8b194c02375e98e0c06f4ca76f7c55981b17668518782c794f1b2f2d33f	full_construct_exact_candidate_needs_native_provenance_and_mapping | 6O85_1 | Electron cryo-microscopy of the eukaryotic translation initiation factor 2B bound to eukaryotic translation initiation factor 2 from Homo sapiens | 2019-05-15T00:00:00.000+00:00 | ELECTRON MICROSCOPY
H1217	6o85	candidate			L	S	7	20-91,123-179,184-223,228-468	410	0.000000	0	false	/scratch/10992/liaorunlong93/casp16-leaderboard/diagnostics/reference_gap/refmap_candidate_mmcif/6o85.cif	bc93b8b194c02375e98e0c06f4ca76f7c55981b17668518782c794f1b2f2d33f	full_construct_exact_candidate_needs_native_provenance_and_mapping | 6O85_1 | Electron cryo-microscopy of the eukaryotic translation initiation factor 2B bound to eukaryotic translation initiation factor 2 from Homo sapiens | 2019-05-15T00:00:00.000+00:00 | ELECTRON MICROSCOPY
H1217	6o85	candidate			M	d	8	1-14	14	0.000000	0	false	/scratch/10992/liaorunlong93/casp16-leaderboard/diagnostics/reference_gap/refmap_candidate_mmcif/6o85.cif	bc93b8b194c02375e98e0c06f4ca76f7c55981b17668518782c794f1b2f2d33f	full_construct_exact_candidate_needs_native_provenance_and_mapping | 6O85_1 | Electron cryo-microscopy of the eukaryotic translation initiation factor 2B bound to eukaryotic translation initiation factor 2 from Homo sapiens | 2019-05-15T00:00:00.000+00:00 | ELECTRON MICROSCOPY
H1217	7d43	candidate			A	A	1	1-255,268-305	293	0.000000	0	false	/scratch/10992/liaorunlong93/casp16-leaderboard/diagnostics/reference_gap/refmap_candidate_mmcif/7d43.cif	bb24352a5c946b829ae35b7f39b8cc16d094d97cdd06c7a892eb7c826950122b	full_construct_exact_candidate_needs_native_provenance_and_mapping | 7D43_5 | eIF2B-eIF2(aP), aPg complex | 2020-12-09T00:00:00.000+00:00 | ELECTRON MICROSCOPY
H1217	7d43	candidate			B	B	1	1-253,268-305	291	0.000000	0	false	/scratch/10992/liaorunlong93/casp16-leaderboard/diagnostics/reference_gap/refmap_candidate_mmcif/7d43.cif	bb24352a5c946b829ae35b7f39b8cc16d094d97cdd06c7a892eb7c826950122b	full_construct_exact_candidate_needs_native_provenance_and_mapping | 7D43_5 | eIF2B-eIF2(aP), aPg complex | 2020-12-09T00:00:00.000+00:00 | ELECTRON MICROSCOPY
H1217	7d43	candidate			C	C	2	8-98,126-351	317	0.000000	0	false	/scratch/10992/liaorunlong93/casp16-leaderboard/diagnostics/reference_gap/refmap_candidate_mmcif/7d43.cif	bb24352a5c946b829ae35b7f39b8cc16d094d97cdd06c7a892eb7c826950122b	full_construct_exact_candidate_needs_native_provenance_and_mapping | 7D43_5 | eIF2B-eIF2(aP), aPg complex | 2020-12-09T00:00:00.000+00:00 | ELECTRON MICROSCOPY
H1217	7d43	candidate			D	D	2	8-98,119-351	324	0.000000	0	false	/scratch/10992/liaorunlong93/casp16-leaderboard/diagnostics/reference_gap/refmap_candidate_mmcif/7d43.cif	bb24352a5c946b829ae35b7f39b8cc16d094d97cdd06c7a892eb7c826950122b	full_construct_exact_candidate_needs_native_provenance_and_mapping | 7D43_5 | eIF2B-eIF2(aP), aPg complex | 2020-12-09T00:00:00.000+00:00 | ELECTRON MICROSCOPY
H1217	7d43	candidate			E	E	3	1-11,27-134,155-238,258-295,342-444	344	0.000000	0	false	/scratch/10992/liaorunlong93/casp16-leaderboard/diagnostics/reference_gap/refmap_candidate_mmcif/7d43.cif	bb24352a5c946b829ae35b7f39b8cc16d094d97cdd06c7a892eb7c826950122b	full_construct_exact_candidate_needs_native_provenance_and_mapping | 7D43_5 | eIF2B-eIF2(aP), aPg complex | 2020-12-09T00:00:00.000+00:00 | ELECTRON MICROSCOPY
H1217	7d43	candidate			F	F	3	1-11,28-134,155-238,258-295,342-444	343	0.000000	0	false	/scratch/10992/liaorunlong93/casp16-leaderboard/diagnostics/reference_gap/refmap_candidate_mmcif/7d43.cif	bb24352a5c946b829ae35b7f39b8cc16d094d97cdd06c7a892eb7c826950122b	full_construct_exact_candidate_needs_native_provenance_and_mapping | 7D43_5 | eIF2B-eIF2(aP), aPg complex | 2020-12-09T00:00:00.000+00:00 | ELECTRON MICROSCOPY
H1217	7d43	candidate			G	G	4	166-518	353	0.000000	0	false	/scratch/10992/liaorunlong93/casp16-leaderboard/diagnostics/reference_gap/refmap_candidate_mmcif/7d43.cif	bb24352a5c946b829ae35b7f39b8cc16d094d97cdd06c7a892eb7c826950122b	full_construct_exact_candidate_needs_native_provenance_and_mapping | 7D43_5 | eIF2B-eIF2(aP), aPg complex | 2020-12-09T00:00:00.000+00:00 | ELECTRON MICROSCOPY
H1217	7d43	candidate			H	H	4	166-518	353	0.000000	0	false	/scratch/10992/liaorunlong93/casp16-leaderboard/diagnostics/reference_gap/refmap_candidate_mmcif/7d43.cif	bb24352a5c946b829ae35b7f39b8cc16d094d97cdd06c7a892eb7c826950122b	full_construct_exact_candidate_needs_native_provenance_and_mapping | 7D43_5 | eIF2B-eIF2(aP), aPg complex | 2020-12-09T00:00:00.000+00:00 | ELECTRON MICROSCOPY
H1217	7d43	candidate			I	I	5	41-467	427	0.000000	0	false	/scratch/10992/liaorunlong93/casp16-leaderboard/diagnostics/reference_gap/refmap_candidate_mmcif/7d43.cif	bb24352a5c946b829ae35b7f39b8cc16d094d97cdd06c7a892eb7c826950122b	full_construct_exact_candidate_needs_native_provenance_and_mapping | 7D43_5 | eIF2B-eIF2(aP), aPg complex | 2020-12-09T00:00:00.000+00:00 | ELECTRON MICROSCOPY
H1217	7d43	candidate			J	J	5	40-468	429	0.000000	0	false	/scratch/10992/liaorunlong93/casp16-leaderboard/diagnostics/reference_gap/refmap_candidate_mmcif/7d43.cif	bb24352a5c946b829ae35b7f39b8cc16d094d97cdd06c7a892eb7c826950122b	full_construct_exact_candidate_needs_native_provenance_and_mapping | 7D43_5 | eIF2B-eIF2(aP), aPg complex | 2020-12-09T00:00:00.000+00:00 | ELECTRON MICROSCOPY
H1217	7d43	candidate			K	K	6	6-181,188-271	260	0.000000	0	false	/scratch/10992/liaorunlong93/casp16-leaderboard/diagnostics/reference_gap/refmap_candidate_mmcif/7d43.cif	bb24352a5c946b829ae35b7f39b8cc16d094d97cdd06c7a892eb7c826950122b	full_construct_exact_candidate_needs_native_provenance_and_mapping | 7D43_5 | eIF2B-eIF2(aP), aPg complex | 2020-12-09T00:00:00.000+00:00 | ELECTRON MICROSCOPY
H1217	7d43	candidate			L	L	6	6-181	176	0.000000	0	false	/scratch/10992/liaorunlong93/casp16-leaderboard/diagnostics/reference_gap/refmap_candidate_mmcif/7d43.cif	bb24352a5c946b829ae35b7f39b8cc16d094d97cdd06c7a892eb7c826950122b	full_construct_exact_candidate_needs_native_provenance_and_mapping | 7D43_5 | eIF2B-eIF2(aP), aPg complex | 2020-12-09T00:00:00.000+00:00 | ELECTRON MICROSCOPY
H1217	7d43	candidate			M	M	7	173-188	16	0.000000	0	false	/scratch/10992/liaorunlong93/casp16-leaderboard/diagnostics/reference_gap/refmap_candidate_mmcif/7d43.cif	bb24352a5c946b829ae35b7f39b8cc16d094d97cdd06c7a892eb7c826950122b	full_construct_exact_candidate_needs_native_provenance_and_mapping | 7D43_5 | eIF2B-eIF2(aP), aPg complex | 2020-12-09T00:00:00.000+00:00 | ELECTRON MICROSCOPY
H1217	7d43	candidate			N	P	8	40-460	421	0.000000	0	false	/scratch/10992/liaorunlong93/casp16-leaderboard/diagnostics/reference_gap/refmap_candidate_mmcif/7d43.cif	bb24352a5c946b829ae35b7f39b8cc16d094d97cdd06c7a892eb7c826950122b	full_construct_exact_candidate_needs_native_provenance_and_mapping | 7D43_5 | eIF2B-eIF2(aP), aPg complex | 2020-12-09T00:00:00.000+00:00 | ELECTRON MICROSCOPY
H1217	7d44	candidate			A	A	1	1-255,268-305	293	0.000000	0	false	/scratch/10992/liaorunlong93/casp16-leaderboard/diagnostics/reference_gap/refmap_candidate_mmcif/7d44.cif	94ac7979f473f4d2295626bfe9cca998dc1e138a2f770c3954685bbd289e845a	full_construct_exact_candidate_needs_native_provenance_and_mapping | 7D44_5 | eIF2B-eIF2(aP), aP2 complex | 2020-12-09T00:00:00.000+00:00 | ELECTRON MICROSCOPY
H1217	7d44	candidate			B	B	1	1-253,268-305	291	0.000000	0	false	/scratch/10992/liaorunlong93/casp16-leaderboard/diagnostics/reference_gap/refmap_candidate_mmcif/7d44.cif	94ac7979f473f4d2295626bfe9cca998dc1e138a2f770c3954685bbd289e845a	full_construct_exact_candidate_needs_native_provenance_and_mapping | 7D44_5 | eIF2B-eIF2(aP), aP2 complex | 2020-12-09T00:00:00.000+00:00 | ELECTRON MICROSCOPY
H1217	7d44	candidate			C	C	2	8-98,126-351	317	0.000000	0	false	/scratch/10992/liaorunlong93/casp16-leaderboard/diagnostics/reference_gap/refmap_candidate_mmcif/7d44.cif	94ac7979f473f4d2295626bfe9cca998dc1e138a2f770c3954685bbd289e845a	full_construct_exact_candidate_needs_native_provenance_and_mapping | 7D44_5 | eIF2B-eIF2(aP), aP2 complex | 2020-12-09T00:00:00.000+00:00 | ELECTRON MICROSCOPY
H1217	7d44	candidate			D	D	2	8-98,119-351	324	0.000000	0	false	/scratch/10992/liaorunlong93/casp16-leaderboard/diagnostics/reference_gap/refmap_candidate_mmcif/7d44.cif	94ac7979f473f4d2295626bfe9cca998dc1e138a2f770c3954685bbd289e845a	full_construct_exact_candidate_needs_native_provenance_and_mapping | 7D44_5 | eIF2B-eIF2(aP), aP2 complex | 2020-12-09T00:00:00.000+00:00 | ELECTRON MICROSCOPY
H1217	7d44	candidate			E	E	3	1-11,28-134,155-238,258-295,342-444	343	0.000000	0	false	/scratch/10992/liaorunlong93/casp16-leaderboard/diagnostics/reference_gap/refmap_candidate_mmcif/7d44.cif	94ac7979f473f4d2295626bfe9cca998dc1e138a2f770c3954685bbd289e845a	full_construct_exact_candidate_needs_native_provenance_and_mapping | 7D44_5 | eIF2B-eIF2(aP), aP2 complex | 2020-12-09T00:00:00.000+00:00 | ELECTRON MICROSCOPY
H1217	7d44	candidate			F	F	3	1-11,28-134,155-238,258-295,342-444	343	0.000000	0	false	/scratch/10992/liaorunlong93/casp16-leaderboard/diagnostics/reference_gap/refmap_candidate_mmcif/7d44.cif	94ac7979f473f4d2295626bfe9cca998dc1e138a2f770c3954685bbd289e845a	full_construct_exact_candidate_needs_native_provenance_and_mapping | 7D44_5 | eIF2B-eIF2(aP), aP2 complex | 2020-12-09T00:00:00.000+00:00 | ELECTRON MICROSCOPY
H1217	7d44	candidate			G	G	4	166-518	353	0.000000	0	false	/scratch/10992/liaorunlong93/casp16-leaderboard/diagnostics/reference_gap/refmap_candidate_mmcif/7d44.cif	94ac7979f473f4d2295626bfe9cca998dc1e138a2f770c3954685bbd289e845a	full_construct_exact_candidate_needs_native_provenance_and_mapping | 7D44_5 | eIF2B-eIF2(aP), aP2 complex | 2020-12-09T00:00:00.000+00:00 | ELECTRON MICROSCOPY
H1217	7d44	candidate			H	H	4	166-518	353	0.000000	0	false	/scratch/10992/liaorunlong93/casp16-leaderboard/diagnostics/reference_gap/refmap_candidate_mmcif/7d44.cif	94ac7979f473f4d2295626bfe9cca998dc1e138a2f770c3954685bbd289e845a	full_construct_exact_candidate_needs_native_provenance_and_mapping | 7D44_5 | eIF2B-eIF2(aP), aP2 complex | 2020-12-09T00:00:00.000+00:00 | ELECTRON MICROSCOPY
H1217	7d44	candidate			I	I	5	41-467	427	0.000000	0	false	/scratch/10992/liaorunlong93/casp16-leaderboard/diagnostics/reference_gap/refmap_candidate_mmcif/7d44.cif	94ac7979f473f4d2295626bfe9cca998dc1e138a2f770c3954685bbd289e845a	full_construct_exact_candidate_needs_native_provenance_and_mapping | 7D44_5 | eIF2B-eIF2(aP), aP2 complex | 2020-12-09T00:00:00.000+00:00 | ELECTRON MICROSCOPY
H1217	7d44	candidate			J	J	5	40-468	429	0.000000	0	false	/scratch/10992/liaorunlong93/casp16-leaderboard/diagnostics/reference_gap/refmap_candidate_mmcif/7d44.cif	94ac7979f473f4d2295626bfe9cca998dc1e138a2f770c3954685bbd289e845a	full_construct_exact_candidate_needs_native_provenance_and_mapping | 7D44_5 | eIF2B-eIF2(aP), aP2 complex | 2020-12-09T00:00:00.000+00:00 | ELECTRON MICROSCOPY
H1217	7d44	candidate			K	K	6	6-181	176	0.000000	0	false	/scratch/10992/liaorunlong93/casp16-leaderboard/diagnostics/reference_gap/refmap_candidate_mmcif/7d44.cif	94ac7979f473f4d2295626bfe9cca998dc1e138a2f770c3954685bbd289e845a	full_construct_exact_candidate_needs_native_provenance_and_mapping | 7D44_5 | eIF2B-eIF2(aP), aP2 complex | 2020-12-09T00:00:00.000+00:00 | ELECTRON MICROSCOPY
H1217	7d44	candidate			L	L	6	6-181	176	0.000000	0	false	/scratch/10992/liaorunlong93/casp16-leaderboard/diagnostics/reference_gap/refmap_candidate_mmcif/7d44.cif	94ac7979f473f4d2295626bfe9cca998dc1e138a2f770c3954685bbd289e845a	full_construct_exact_candidate_needs_native_provenance_and_mapping | 7D44_5 | eIF2B-eIF2(aP), aP2 complex | 2020-12-09T00:00:00.000+00:00 | ELECTRON MICROSCOPY
H1217	7d45	candidate			A	A	1	1-255,268-305	293	0.000000	0	false	/scratch/10992/liaorunlong93/casp16-leaderboard/diagnostics/reference_gap/refmap_candidate_mmcif/7d45.cif	2bdffa54690f13f0845528b9707bd1b4cdb5aacf70acc9a90f25443eb6cbdc4c	full_construct_exact_candidate_needs_native_provenance_and_mapping | 7D45_5 | eIF2B-eIF2(aP), aP1 complex | 2020-12-09T00:00:00.000+00:00 | ELECTRON MICROSCOPY
H1217	7d45	candidate			B	B	1	1-253,268-305	291	0.000000	0	false	/scratch/10992/liaorunlong93/casp16-leaderboard/diagnostics/reference_gap/refmap_candidate_mmcif/7d45.cif	2bdffa54690f13f0845528b9707bd1b4cdb5aacf70acc9a90f25443eb6cbdc4c	full_construct_exact_candidate_needs_native_provenance_and_mapping | 7D45_5 | eIF2B-eIF2(aP), aP1 complex | 2020-12-09T00:00:00.000+00:00 | ELECTRON MICROSCOPY
H1217	7d45	candidate			C	C	2	8-98,126-351	317	0.000000	0	false	/scratch/10992/liaorunlong93/casp16-leaderboard/diagnostics/reference_gap/refmap_candidate_mmcif/7d45.cif	2bdffa54690f13f0845528b9707bd1b4cdb5aacf70acc9a90f25443eb6cbdc4c	full_construct_exact_candidate_needs_native_provenance_and_mapping | 7D45_5 | eIF2B-eIF2(aP), aP1 complex | 2020-12-09T00:00:00.000+00:00 | ELECTRON MICROSCOPY
H1217	7d45	candidate			D	D	2	8-98,119-351	324	0.000000	0	false	/scratch/10992/liaorunlong93/casp16-leaderboard/diagnostics/reference_gap/refmap_candidate_mmcif/7d45.cif	2bdffa54690f13f0845528b9707bd1b4cdb5aacf70acc9a90f25443eb6cbdc4c	full_construct_exact_candidate_needs_native_provenance_and_mapping | 7D45_5 | eIF2B-eIF2(aP), aP1 complex | 2020-12-09T00:00:00.000+00:00 | ELECTRON MICROSCOPY
H1217	7d45	candidate			E	E	3	1-11,25-134,155-238,258-295,342-444	346	0.000000	0	false	/scratch/10992/liaorunlong93/casp16-leaderboard/diagnostics/reference_gap/refmap_candidate_mmcif/7d45.cif	2bdffa54690f13f0845528b9707bd1b4cdb5aacf70acc9a90f25443eb6cbdc4c	full_construct_exact_candidate_needs_native_provenance_and_mapping | 7D45_5 | eIF2B-eIF2(aP), aP1 complex | 2020-12-09T00:00:00.000+00:00 | ELECTRON MICROSCOPY
H1217	7d45	candidate			F	F	3	1-11,21-134,155-238,258-295,342-444	350	0.000000	0	false	/scratch/10992/liaorunlong93/casp16-leaderboard/diagnostics/reference_gap/refmap_candidate_mmcif/7d45.cif	2bdffa54690f13f0845528b9707bd1b4cdb5aacf70acc9a90f25443eb6cbdc4c	full_construct_exact_candidate_needs_native_provenance_and_mapping | 7D45_5 | eIF2B-eIF2(aP), aP1 complex | 2020-12-09T00:00:00.000+00:00 | ELECTRON MICROSCOPY
H1217	7d45	candidate			G	G	4	166-518	353	0.000000	0	false	/scratch/10992/liaorunlong93/casp16-leaderboard/diagnostics/reference_gap/refmap_candidate_mmcif/7d45.cif	2bdffa54690f13f0845528b9707bd1b4cdb5aacf70acc9a90f25443eb6cbdc4c	full_construct_exact_candidate_needs_native_provenance_and_mapping | 7D45_5 | eIF2B-eIF2(aP), aP1 complex | 2020-12-09T00:00:00.000+00:00 | ELECTRON MICROSCOPY
H1217	7d45	candidate			H	H	4	166-518	353	0.000000	0	false	/scratch/10992/liaorunlong93/casp16-leaderboard/diagnostics/reference_gap/refmap_candidate_mmcif/7d45.cif	2bdffa54690f13f0845528b9707bd1b4cdb5aacf70acc9a90f25443eb6cbdc4c	full_construct_exact_candidate_needs_native_provenance_and_mapping | 7D45_5 | eIF2B-eIF2(aP), aP1 complex | 2020-12-09T00:00:00.000+00:00 | ELECTRON MICROSCOPY
H1217	7d45	candidate			I	I	5	41-467	427	0.000000	0	false	/scratch/10992/liaorunlong93/casp16-leaderboard/diagnostics/reference_gap/refmap_candidate_mmcif/7d45.cif	2bdffa54690f13f0845528b9707bd1b4cdb5aacf70acc9a90f25443eb6cbdc4c	full_construct_exact_candidate_needs_native_provenance_and_mapping | 7D45_5 | eIF2B-eIF2(aP), aP1 complex | 2020-12-09T00:00:00.000+00:00 | ELECTRON MICROSCOPY
H1217	7d45	candidate			J	J	5	40-468	429	0.000000	0	false	/scratch/10992/liaorunlong93/casp16-leaderboard/diagnostics/reference_gap/refmap_candidate_mmcif/7d45.cif	2bdffa54690f13f0845528b9707bd1b4cdb5aacf70acc9a90f25443eb6cbdc4c	full_construct_exact_candidate_needs_native_provenance_and_mapping | 7D45_5 | eIF2B-eIF2(aP), aP1 complex | 2020-12-09T00:00:00.000+00:00 | ELECTRON MICROSCOPY
H1217	7d45	candidate			K	K	6	6-181	176	0.000000	0	false	/scratch/10992/liaorunlong93/casp16-leaderboard/diagnostics/reference_gap/refmap_candidate_mmcif/7d45.cif	2bdffa54690f13f0845528b9707bd1b4cdb5aacf70acc9a90f25443eb6cbdc4c	full_construct_exact_candidate_needs_native_provenance_and_mapping | 7D45_5 | eIF2B-eIF2(aP), aP1 complex | 2020-12-09T00:00:00.000+00:00 | ELECTRON MICROSCOPY
H1217	7d46	candidate			A	A	1	1-255,268-305	293	0.000000	0	false	/scratch/10992/liaorunlong93/casp16-leaderboard/diagnostics/reference_gap/refmap_candidate_mmcif/7d46.cif	b92cf9af4ae854f167fee731cd532786340baeb5750a08f82d24e38e7b5a39ad	full_construct_exact_candidate_needs_native_provenance_and_mapping | 7D46_5 | eIF2B apo | 2020-12-09T00:00:00.000+00:00 | ELECTRON MICROSCOPY
H1217	7d46	candidate			B	B	1	1-253,268-305	291	0.000000	0	false	/scratch/10992/liaorunlong93/casp16-leaderboard/diagnostics/reference_gap/refmap_candidate_mmcif/7d46.cif	b92cf9af4ae854f167fee731cd532786340baeb5750a08f82d24e38e7b5a39ad	full_construct_exact_candidate_needs_native_provenance_and_mapping | 7D46_5 | eIF2B apo | 2020-12-09T00:00:00.000+00:00 | ELECTRON MICROSCOPY
H1217	7d46	candidate			C	C	2	8-98,122-351	321	0.000000	0	false	/scratch/10992/liaorunlong93/casp16-leaderboard/diagnostics/reference_gap/refmap_candidate_mmcif/7d46.cif	b92cf9af4ae854f167fee731cd532786340baeb5750a08f82d24e38e7b5a39ad	full_construct_exact_candidate_needs_native_provenance_and_mapping | 7D46_5 | eIF2B apo | 2020-12-09T00:00:00.000+00:00 | ELECTRON MICROSCOPY
H1217	7d46	candidate			D	D	2	8-98,119-351	324	0.000000	0	false	/scratch/10992/liaorunlong93/casp16-leaderboard/diagnostics/reference_gap/refmap_candidate_mmcif/7d46.cif	b92cf9af4ae854f167fee731cd532786340baeb5750a08f82d24e38e7b5a39ad	full_construct_exact_candidate_needs_native_provenance_and_mapping | 7D46_5 | eIF2B apo | 2020-12-09T00:00:00.000+00:00 | ELECTRON MICROSCOPY
H1217	7d46	candidate			E	E	3	1-11,26-134,155-238,258-295,342-444	345	0.000000	0	false	/scratch/10992/liaorunlong93/casp16-leaderboard/diagnostics/reference_gap/refmap_candidate_mmcif/7d46.cif	b92cf9af4ae854f167fee731cd532786340baeb5750a08f82d24e38e7b5a39ad	full_construct_exact_candidate_needs_native_provenance_and_mapping | 7D46_5 | eIF2B apo | 2020-12-09T00:00:00.000+00:00 | ELECTRON MICROSCOPY
H1217	7d46	candidate			F	F	3	1-11,26-134,155-238,258-295,342-444	345	0.000000	0	false	/scratch/10992/liaorunlong93/casp16-leaderboard/diagnostics/reference_gap/refmap_candidate_mmcif/7d46.cif	b92cf9af4ae854f167fee731cd532786340baeb5750a08f82d24e38e7b5a39ad	full_construct_exact_candidate_needs_native_provenance_and_mapping | 7D46_5 | eIF2B apo | 2020-12-09T00:00:00.000+00:00 | ELECTRON MICROSCOPY
H1217	7d46	candidate			G	G	4	166-518	353	0.000000	0	false	/scratch/10992/liaorunlong93/casp16-leaderboard/diagnostics/reference_gap/refmap_candidate_mmcif/7d46.cif	b92cf9af4ae854f167fee731cd532786340baeb5750a08f82d24e38e7b5a39ad	full_construct_exact_candidate_needs_native_provenance_and_mapping | 7D46_5 | eIF2B apo | 2020-12-09T00:00:00.000+00:00 | ELECTRON MICROSCOPY
H1217	7d46	candidate			H	H	4	166-518	353	0.000000	0	false	/scratch/10992/liaorunlong93/casp16-leaderboard/diagnostics/reference_gap/refmap_candidate_mmcif/7d46.cif	b92cf9af4ae854f167fee731cd532786340baeb5750a08f82d24e38e7b5a39ad	full_construct_exact_candidate_needs_native_provenance_and_mapping | 7D46_5 | eIF2B apo | 2020-12-09T00:00:00.000+00:00 | ELECTRON MICROSCOPY
H1217	7d46	candidate			I	I	5	41-467	427	0.000000	0	false	/scratch/10992/liaorunlong93/casp16-leaderboard/diagnostics/reference_gap/refmap_candidate_mmcif/7d46.cif	b92cf9af4ae854f167fee731cd532786340baeb5750a08f82d24e38e7b5a39ad	full_construct_exact_candidate_needs_native_provenance_and_mapping | 7D46_5 | eIF2B apo | 2020-12-09T00:00:00.000+00:00 | ELECTRON MICROSCOPY
H1217	7d46	candidate			J	J	5	40-468	429	0.000000	0	false	/scratch/10992/liaorunlong93/casp16-leaderboard/diagnostics/reference_gap/refmap_candidate_mmcif/7d46.cif	b92cf9af4ae854f167fee731cd532786340baeb5750a08f82d24e38e7b5a39ad	full_construct_exact_candidate_needs_native_provenance_and_mapping | 7D46_5 | eIF2B apo | 2020-12-09T00:00:00.000+00:00 | ELECTRON MICROSCOPY
H1217	7f64	candidate			A	A	1	1-254,268-305	292	0.000000	0	false	/scratch/10992/liaorunlong93/casp16-leaderboard/diagnostics/reference_gap/refmap_candidate_mmcif/7f64.cif	b95dd2a0269b3244740b058e0a8d726f4b464bf3a90f5046920b320e850f7a05	full_construct_exact_candidate_needs_native_provenance_and_mapping | 7F64_5 | eIF2B-SFSV NSs | 2021-12-08T00:00:00.000+00:00 | ELECTRON MICROSCOPY
H1217	7f64	candidate			B	B	1	1-254,268-305	292	0.000000	0	false	/scratch/10992/liaorunlong93/casp16-leaderboard/diagnostics/reference_gap/refmap_candidate_mmcif/7f64.cif	b95dd2a0269b3244740b058e0a8d726f4b464bf3a90f5046920b320e850f7a05	full_construct_exact_candidate_needs_native_provenance_and_mapping | 7F64_5 | eIF2B-SFSV NSs | 2021-12-08T00:00:00.000+00:00 | ELECTRON MICROSCOPY
H1217	7f64	candidate			C	C	2	8-99,106-115,121-351	333	0.000000	0	false	/scratch/10992/liaorunlong93/casp16-leaderboard/diagnostics/reference_gap/refmap_candidate_mmcif/7f64.cif	b95dd2a0269b3244740b058e0a8d726f4b464bf3a90f5046920b320e850f7a05	full_construct_exact_candidate_needs_native_provenance_and_mapping | 7F64_5 | eIF2B-SFSV NSs | 2021-12-08T00:00:00.000+00:00 | ELECTRON MICROSCOPY
H1217	7f64	candidate			D	D	2	8-99,106-115,121-351	333	0.000000	0	false	/scratch/10992/liaorunlong93/casp16-leaderboard/diagnostics/reference_gap/refmap_candidate_mmcif/7f64.cif	b95dd2a0269b3244740b058e0a8d726f4b464bf3a90f5046920b320e850f7a05	full_construct_exact_candidate_needs_native_provenance_and_mapping | 7F64_5 | eIF2B-SFSV NSs | 2021-12-08T00:00:00.000+00:00 | ELECTRON MICROSCOPY
H1217	7f64	candidate			E	E	3	1-10,27-136,154-238,259-295	242	0.000000	0	false	/scratch/10992/liaorunlong93/casp16-leaderboard/diagnostics/reference_gap/refmap_candidate_mmcif/7f64.cif	b95dd2a0269b3244740b058e0a8d726f4b464bf3a90f5046920b320e850f7a05	full_construct_exact_candidate_needs_native_provenance_and_mapping | 7F64_5 | eIF2B-SFSV NSs | 2021-12-08T00:00:00.000+00:00 | ELECTRON MICROSCOPY
H1217	7f64	candidate			F	F	3	1-10,27-136,154-238,259-295	242	0.000000	0	false	/scratch/10992/liaorunlong93/casp16-leaderboard/diagnostics/reference_gap/refmap_candidate_mmcif/7f64.cif	b95dd2a0269b3244740b058e0a8d726f4b464bf3a90f5046920b320e850f7a05	full_construct_exact_candidate_needs_native_provenance_and_mapping | 7F64_5 | eIF2B-SFSV NSs | 2021-12-08T00:00:00.000+00:00 | ELECTRON MICROSCOPY
H1217	7f64	candidate			G	G	4	166-521	356	0.000000	0	false	/scratch/10992/liaorunlong93/casp16-leaderboard/diagnostics/reference_gap/refmap_candidate_mmcif/7f64.cif	b95dd2a0269b3244740b058e0a8d726f4b464bf3a90f5046920b320e850f7a05	full_construct_exact_candidate_needs_native_provenance_and_mapping | 7F64_5 | eIF2B-SFSV NSs | 2021-12-08T00:00:00.000+00:00 | ELECTRON MICROSCOPY
H1217	7f64	candidate			H	H	4	166-521	356	0.000000	0	false	/scratch/10992/liaorunlong93/casp16-leaderboard/diagnostics/reference_gap/refmap_candidate_mmcif/7f64.cif	b95dd2a0269b3244740b058e0a8d726f4b464bf3a90f5046920b320e850f7a05	full_construct_exact_candidate_needs_native_provenance_and_mapping | 7F64_5 | eIF2B-SFSV NSs | 2021-12-08T00:00:00.000+00:00 | ELECTRON MICROSCOPY
H1217	7f64	candidate			I	I	5	40-466	427	0.000000	0	false	/scratch/10992/liaorunlong93/casp16-leaderboard/diagnostics/reference_gap/refmap_candidate_mmcif/7f64.cif	b95dd2a0269b3244740b058e0a8d726f4b464bf3a90f5046920b320e850f7a05	full_construct_exact_candidate_needs_native_provenance_and_mapping | 7F64_5 | eIF2B-SFSV NSs | 2021-12-08T00:00:00.000+00:00 | ELECTRON MICROSCOPY
H1217	7f64	candidate			J	J	5	40-466	427	0.000000	0	false	/scratch/10992/liaorunlong93/casp16-leaderboard/diagnostics/reference_gap/refmap_candidate_mmcif/7f64.cif	b95dd2a0269b3244740b058e0a8d726f4b464bf3a90f5046920b320e850f7a05	full_construct_exact_candidate_needs_native_provenance_and_mapping | 7F64_5 | eIF2B-SFSV NSs | 2021-12-08T00:00:00.000+00:00 | ELECTRON MICROSCOPY
H1217	7f64	candidate			K	K	6	1-103,111-204	197	0.000000	0	false	/scratch/10992/liaorunlong93/casp16-leaderboard/diagnostics/reference_gap/refmap_candidate_mmcif/7f64.cif	b95dd2a0269b3244740b058e0a8d726f4b464bf3a90f5046920b320e850f7a05	full_construct_exact_candidate_needs_native_provenance_and_mapping | 7F64_5 | eIF2B-SFSV NSs | 2021-12-08T00:00:00.000+00:00 | ELECTRON MICROSCOPY
H1217	7f64	candidate			L	L	6	1-103,111-204	197	0.000000	0	false	/scratch/10992/liaorunlong93/casp16-leaderboard/diagnostics/reference_gap/refmap_candidate_mmcif/7f64.cif	b95dd2a0269b3244740b058e0a8d726f4b464bf3a90f5046920b320e850f7a05	full_construct_exact_candidate_needs_native_provenance_and_mapping | 7F64_5 | eIF2B-SFSV NSs | 2021-12-08T00:00:00.000+00:00 | ELECTRON MICROSCOPY
H1217	7f66	candidate			A	A	1	2-256,270-307	293	0.000000	0	false	/scratch/10992/liaorunlong93/casp16-leaderboard/diagnostics/reference_gap/refmap_candidate_mmcif/7f66.cif	afe4781e8250076b7cc69051e37f5e623b1bf854d8a28d129caf0e5f483c958f	full_construct_exact_candidate_needs_native_provenance_and_mapping | 7F66_5 | eIF2B-SFSV NSs-1-eIF2 | 2021-12-01T00:00:00.000+00:00 | ELECTRON MICROSCOPY
H1217	7f66	candidate			B	B	1	2-256,270-307	293	0.000000	0	false	/scratch/10992/liaorunlong93/casp16-leaderboard/diagnostics/reference_gap/refmap_candidate_mmcif/7f66.cif	afe4781e8250076b7cc69051e37f5e623b1bf854d8a28d129caf0e5f483c958f	full_construct_exact_candidate_needs_native_provenance_and_mapping | 7F66_5 | eIF2B-SFSV NSs-1-eIF2 | 2021-12-01T00:00:00.000+00:00 | ELECTRON MICROSCOPY
H1217	7f66	candidate			C	C	2	8-99,105-115,120-351	335	0.000000	0	false	/scratch/10992/liaorunlong93/casp16-leaderboard/diagnostics/reference_gap/refmap_candidate_mmcif/7f66.cif	afe4781e8250076b7cc69051e37f5e623b1bf854d8a28d129caf0e5f483c958f	full_construct_exact_candidate_needs_native_provenance_and_mapping | 7F66_5 | eIF2B-SFSV NSs-1-eIF2 | 2021-12-01T00:00:00.000+00:00 | ELECTRON MICROSCOPY
H1217	7f66	candidate			D	D	2	9-98,106-115,121-351	331	0.000000	0	false	/scratch/10992/liaorunlong93/casp16-leaderboard/diagnostics/reference_gap/refmap_candidate_mmcif/7f66.cif	afe4781e8250076b7cc69051e37f5e623b1bf854d8a28d129caf0e5f483c958f	full_construct_exact_candidate_needs_native_provenance_and_mapping | 7F66_5 | eIF2B-SFSV NSs-1-eIF2 | 2021-12-01T00:00:00.000+00:00 | ELECTRON MICROSCOPY
H1217	7f66	candidate			E	E	3	1-10,27-136,155-238,259-295	241	0.000000	0	false	/scratch/10992/liaorunlong93/casp16-leaderboard/diagnostics/reference_gap/refmap_candidate_mmcif/7f66.cif	afe4781e8250076b7cc69051e37f5e623b1bf854d8a28d129caf0e5f483c958f	full_construct_exact_candidate_needs_native_provenance_and_mapping | 7F66_5 | eIF2B-SFSV NSs-1-eIF2 | 2021-12-01T00:00:00.000+00:00 | ELECTRON MICROSCOPY
H1217	7f66	candidate			F	F	3	1-10,23-136,154-238,259-295	246	0.000000	0	false	/scratch/10992/liaorunlong93/casp16-leaderboard/diagnostics/reference_gap/refmap_candidate_mmcif/7f66.cif	afe4781e8250076b7cc69051e37f5e623b1bf854d8a28d129caf0e5f483c958f	full_construct_exact_candidate_needs_native_provenance_and_mapping | 7F66_5 | eIF2B-SFSV NSs-1-eIF2 | 2021-12-01T00:00:00.000+00:00 | ELECTRON MICROSCOPY
H1217	7f66	candidate			G	G	4	166-521	356	0.000000	0	false	/scratch/10992/liaorunlong93/casp16-leaderboard/diagnostics/reference_gap/refmap_candidate_mmcif/7f66.cif	afe4781e8250076b7cc69051e37f5e623b1bf854d8a28d129caf0e5f483c958f	full_construct_exact_candidate_needs_native_provenance_and_mapping | 7F66_5 | eIF2B-SFSV NSs-1-eIF2 | 2021-12-01T00:00:00.000+00:00 | ELECTRON MICROSCOPY
H1217	7f66	candidate			H	H	4	166-520	355	0.000000	0	false	/scratch/10992/liaorunlong93/casp16-leaderboard/diagnostics/reference_gap/refmap_candidate_mmcif/7f66.cif	afe4781e8250076b7cc69051e37f5e623b1bf854d8a28d129caf0e5f483c958f	full_construct_exact_candidate_needs_native_provenance_and_mapping | 7F66_5 | eIF2B-SFSV NSs-1-eIF2 | 2021-12-01T00:00:00.000+00:00 | ELECTRON MICROSCOPY
H1217	7f66	candidate			I	I	5	40-466	427	0.000000	0	false	/scratch/10992/liaorunlong93/casp16-leaderboard/diagnostics/reference_gap/refmap_candidate_mmcif/7f66.cif	afe4781e8250076b7cc69051e37f5e623b1bf854d8a28d129caf0e5f483c958f	full_construct_exact_candidate_needs_native_provenance_and_mapping | 7F66_5 | eIF2B-SFSV NSs-1-eIF2 | 2021-12-01T00:00:00.000+00:00 | ELECTRON MICROSCOPY
H1217	7f66	candidate			J	J	5	40-466,549-688,692-715	591	0.000000	0	false	/scratch/10992/liaorunlong93/casp16-leaderboard/diagnostics/reference_gap/refmap_candidate_mmcif/7f66.cif	afe4781e8250076b7cc69051e37f5e623b1bf854d8a28d129caf0e5f483c958f	full_construct_exact_candidate_needs_native_provenance_and_mapping | 7F66_5 | eIF2B-SFSV NSs-1-eIF2 | 2021-12-01T00:00:00.000+00:00 | ELECTRON MICROSCOPY
H1217	7f66	candidate			K	K	6	1-103,111-204	197	0.000000	0	false	/scratch/10992/liaorunlong93/casp16-leaderboard/diagnostics/reference_gap/refmap_candidate_mmcif/7f66.cif	afe4781e8250076b7cc69051e37f5e623b1bf854d8a28d129caf0e5f483c958f	full_construct_exact_candidate_needs_native_provenance_and_mapping | 7F66_5 | eIF2B-SFSV NSs-1-eIF2 | 2021-12-01T00:00:00.000+00:00 | ELECTRON MICROSCOPY
H1217	7f66	candidate			L	L	6	1-103,111-204	197	0.000000	0	false	/scratch/10992/liaorunlong93/casp16-leaderboard/diagnostics/reference_gap/refmap_candidate_mmcif/7f66.cif	afe4781e8250076b7cc69051e37f5e623b1bf854d8a28d129caf0e5f483c958f	full_construct_exact_candidate_needs_native_provenance_and_mapping | 7F66_5 | eIF2B-SFSV NSs-1-eIF2 | 2021-12-01T00:00:00.000+00:00 | ELECTRON MICROSCOPY
H1217	7f66	candidate			M	N	7	4-278	275	0.000000	0	false	/scratch/10992/liaorunlong93/casp16-leaderboard/diagnostics/reference_gap/refmap_candidate_mmcif/7f66.cif	afe4781e8250076b7cc69051e37f5e623b1bf854d8a28d129caf0e5f483c958f	full_construct_exact_candidate_needs_native_provenance_and_mapping | 7F66_5 | eIF2B-SFSV NSs-1-eIF2 | 2021-12-01T00:00:00.000+00:00 | ELECTRON MICROSCOPY
H1217	7f66	candidate			N	O	8	1-14	14	0.000000	0	false	/scratch/10992/liaorunlong93/casp16-leaderboard/diagnostics/reference_gap/refmap_candidate_mmcif/7f66.cif	afe4781e8250076b7cc69051e37f5e623b1bf854d8a28d129caf0e5f483c958f	full_construct_exact_candidate_needs_native_provenance_and_mapping | 7F66_5 | eIF2B-SFSV NSs-1-eIF2 | 2021-12-01T00:00:00.000+00:00 | ELECTRON MICROSCOPY
H1217	7f66	candidate			O	S	9	20-91,123-179,184-223,228-468	410	0.000000	0	false	/scratch/10992/liaorunlong93/casp16-leaderboard/diagnostics/reference_gap/refmap_candidate_mmcif/7f66.cif	afe4781e8250076b7cc69051e37f5e623b1bf854d8a28d129caf0e5f483c958f	full_construct_exact_candidate_needs_native_provenance_and_mapping | 7F66_5 | eIF2B-SFSV NSs-1-eIF2 | 2021-12-01T00:00:00.000+00:00 | ELECTRON MICROSCOPY
H1217	7f67	candidate			A	A	1	1-254,268-305	292	0.000000	0	false	/scratch/10992/liaorunlong93/casp16-leaderboard/diagnostics/reference_gap/refmap_candidate_mmcif/7f67.cif	d4ffdd588833c780ee263b1eb309005a6bb6599cdccd08a14ecc66a2b68bb762	full_construct_exact_candidate_needs_native_provenance_and_mapping | 7F67_5 | eIF2B-SFSV NSs-2-eIF2 | 2021-12-01T00:00:00.000+00:00 | ELECTRON MICROSCOPY
H1217	7f67	candidate			B	B	1	1-254,268-305	292	0.000000	0	false	/scratch/10992/liaorunlong93/casp16-leaderboard/diagnostics/reference_gap/refmap_candidate_mmcif/7f67.cif	d4ffdd588833c780ee263b1eb309005a6bb6599cdccd08a14ecc66a2b68bb762	full_construct_exact_candidate_needs_native_provenance_and_mapping | 7F67_5 | eIF2B-SFSV NSs-2-eIF2 | 2021-12-01T00:00:00.000+00:00 | ELECTRON MICROSCOPY
H1217	7f67	candidate			C	C	2	8-99,106-115,127-351	327	0.000000	0	false	/scratch/10992/liaorunlong93/casp16-leaderboard/diagnostics/reference_gap/refmap_candidate_mmcif/7f67.cif	d4ffdd588833c780ee263b1eb309005a6bb6599cdccd08a14ecc66a2b68bb762	full_construct_exact_candidate_needs_native_provenance_and_mapping | 7F67_5 | eIF2B-SFSV NSs-2-eIF2 | 2021-12-01T00:00:00.000+00:00 | ELECTRON MICROSCOPY
H1217	7f67	candidate			D	D	2	9-98,106-115,127-351	325	0.000000	0	false	/scratch/10992/liaorunlong93/casp16-leaderboard/diagnostics/reference_gap/refmap_candidate_mmcif/7f67.cif	d4ffdd588833c780ee263b1eb309005a6bb6599cdccd08a14ecc66a2b68bb762	full_construct_exact_candidate_needs_native_provenance_and_mapping | 7F67_5 | eIF2B-SFSV NSs-2-eIF2 | 2021-12-01T00:00:00.000+00:00 | ELECTRON MICROSCOPY
H1217	7f67	candidate			E	E	3	1-10,27-136,155-238,259-295	241	0.000000	0	false	/scratch/10992/liaorunlong93/casp16-leaderboard/diagnostics/reference_gap/refmap_candidate_mmcif/7f67.cif	d4ffdd588833c780ee263b1eb309005a6bb6599cdccd08a14ecc66a2b68bb762	full_construct_exact_candidate_needs_native_provenance_and_mapping | 7F67_5 | eIF2B-SFSV NSs-2-eIF2 | 2021-12-01T00:00:00.000+00:00 | ELECTRON MICROSCOPY
H1217	7f67	candidate			F	F	3	1-9,28-134,154-238,259-295	238	0.000000	0	false	/scratch/10992/liaorunlong93/casp16-leaderboard/diagnostics/reference_gap/refmap_candidate_mmcif/7f67.cif	d4ffdd588833c780ee263b1eb309005a6bb6599cdccd08a14ecc66a2b68bb762	full_construct_exact_candidate_needs_native_provenance_and_mapping | 7F67_5 | eIF2B-SFSV NSs-2-eIF2 | 2021-12-01T00:00:00.000+00:00 | ELECTRON MICROSCOPY
H1217	7f67	candidate			G	G	4	166-521	356	0.000000	0	false	/scratch/10992/liaorunlong93/casp16-leaderboard/diagnostics/reference_gap/refmap_candidate_mmcif/7f67.cif	d4ffdd588833c780ee263b1eb309005a6bb6599cdccd08a14ecc66a2b68bb762	full_construct_exact_candidate_needs_native_provenance_and_mapping | 7F67_5 | eIF2B-SFSV NSs-2-eIF2 | 2021-12-01T00:00:00.000+00:00 | ELECTRON MICROSCOPY
H1217	7f67	candidate			H	H	4	166-520	355	0.000000	0	false	/scratch/10992/liaorunlong93/casp16-leaderboard/diagnostics/reference_gap/refmap_candidate_mmcif/7f67.cif	d4ffdd588833c780ee263b1eb309005a6bb6599cdccd08a14ecc66a2b68bb762	full_construct_exact_candidate_needs_native_provenance_and_mapping | 7F67_5 | eIF2B-SFSV NSs-2-eIF2 | 2021-12-01T00:00:00.000+00:00 | ELECTRON MICROSCOPY
H1217	7f67	candidate			I	I	5	40-466,549-688,692-715	591	0.000000	0	false	/scratch/10992/liaorunlong93/casp16-leaderboard/diagnostics/reference_gap/refmap_candidate_mmcif/7f67.cif	d4ffdd588833c780ee263b1eb309005a6bb6599cdccd08a14ecc66a2b68bb762	full_construct_exact_candidate_needs_native_provenance_and_mapping | 7F67_5 | eIF2B-SFSV NSs-2-eIF2 | 2021-12-01T00:00:00.000+00:00 | ELECTRON MICROSCOPY
H1217	7f67	candidate			J	J	5	40-466,549-688,692-715	591	0.000000	0	false	/scratch/10992/liaorunlong93/casp16-leaderboard/diagnostics/reference_gap/refmap_candidate_mmcif/7f67.cif	d4ffdd588833c780ee263b1eb309005a6bb6599cdccd08a14ecc66a2b68bb762	full_construct_exact_candidate_needs_native_provenance_and_mapping | 7F67_5 | eIF2B-SFSV NSs-2-eIF2 | 2021-12-01T00:00:00.000+00:00 | ELECTRON MICROSCOPY
H1217	7f67	candidate			K	K	6	1-14,22-103,111-204	190	0.000000	0	false	/scratch/10992/liaorunlong93/casp16-leaderboard/diagnostics/reference_gap/refmap_candidate_mmcif/7f67.cif	d4ffdd588833c780ee263b1eb309005a6bb6599cdccd08a14ecc66a2b68bb762	full_construct_exact_candidate_needs_native_provenance_and_mapping | 7F67_5 | eIF2B-SFSV NSs-2-eIF2 | 2021-12-01T00:00:00.000+00:00 | ELECTRON MICROSCOPY
H1217	7f67	candidate			L	L	6	1-14,22-103,111-204	190	0.000000	0	false	/scratch/10992/liaorunlong93/casp16-leaderboard/diagnostics/reference_gap/refmap_candidate_mmcif/7f67.cif	d4ffdd588833c780ee263b1eb309005a6bb6599cdccd08a14ecc66a2b68bb762	full_construct_exact_candidate_needs_native_provenance_and_mapping | 7F67_5 | eIF2B-SFSV NSs-2-eIF2 | 2021-12-01T00:00:00.000+00:00 | ELECTRON MICROSCOPY
H1217	7f67	candidate			M	N	7	4-278	275	0.000000	0	false	/scratch/10992/liaorunlong93/casp16-leaderboard/diagnostics/reference_gap/refmap_candidate_mmcif/7f67.cif	d4ffdd588833c780ee263b1eb309005a6bb6599cdccd08a14ecc66a2b68bb762	full_construct_exact_candidate_needs_native_provenance_and_mapping | 7F67_5 | eIF2B-SFSV NSs-2-eIF2 | 2021-12-01T00:00:00.000+00:00 | ELECTRON MICROSCOPY
H1217	7f67	candidate			N	O	8	1-14	14	0.000000	0	false	/scratch/10992/liaorunlong93/casp16-leaderboard/diagnostics/reference_gap/refmap_candidate_mmcif/7f67.cif	d4ffdd588833c780ee263b1eb309005a6bb6599cdccd08a14ecc66a2b68bb762	full_construct_exact_candidate_needs_native_provenance_and_mapping | 7F67_5 | eIF2B-SFSV NSs-2-eIF2 | 2021-12-01T00:00:00.000+00:00 | ELECTRON MICROSCOPY
H1217	7f67	candidate			O	S	9	20-91,123-179,184-223,228-468	410	0.000000	0	false	/scratch/10992/liaorunlong93/casp16-leaderboard/diagnostics/reference_gap/refmap_candidate_mmcif/7f67.cif	d4ffdd588833c780ee263b1eb309005a6bb6599cdccd08a14ecc66a2b68bb762	full_construct_exact_candidate_needs_native_provenance_and_mapping | 7F67_5 | eIF2B-SFSV NSs-2-eIF2 | 2021-12-01T00:00:00.000+00:00 | ELECTRON MICROSCOPY
H1217	7f67	candidate			P	Q	7	4-278	275	0.000000	0	false	/scratch/10992/liaorunlong93/casp16-leaderboard/diagnostics/reference_gap/refmap_candidate_mmcif/7f67.cif	d4ffdd588833c780ee263b1eb309005a6bb6599cdccd08a14ecc66a2b68bb762	full_construct_exact_candidate_needs_native_provenance_and_mapping | 7F67_5 | eIF2B-SFSV NSs-2-eIF2 | 2021-12-01T00:00:00.000+00:00 | ELECTRON MICROSCOPY
H1217	7f67	candidate			Q	R	8	1-14	14	0.000000	0	false	/scratch/10992/liaorunlong93/casp16-leaderboard/diagnostics/reference_gap/refmap_candidate_mmcif/7f67.cif	d4ffdd588833c780ee263b1eb309005a6bb6599cdccd08a14ecc66a2b68bb762	full_construct_exact_candidate_needs_native_provenance_and_mapping | 7F67_5 | eIF2B-SFSV NSs-2-eIF2 | 2021-12-01T00:00:00.000+00:00 | ELECTRON MICROSCOPY
H1217	7f67	candidate			R	T	9	20-91,123-179,184-223,228-468	410	0.000000	0	false	/scratch/10992/liaorunlong93/casp16-leaderboard/diagnostics/reference_gap/refmap_candidate_mmcif/7f67.cif	d4ffdd588833c780ee263b1eb309005a6bb6599cdccd08a14ecc66a2b68bb762	full_construct_exact_candidate_needs_native_provenance_and_mapping | 7F67_5 | eIF2B-SFSV NSs-2-eIF2 | 2021-12-01T00:00:00.000+00:00 | ELECTRON MICROSCOPY
H1217	7kmf	candidate			A	C	1	25-113,142-367	315	0.000000	0	false	/scratch/10992/liaorunlong93/casp16-leaderboard/diagnostics/reference_gap/refmap_candidate_mmcif/7kmf.cif	d8064b1f7d7aba9f472c4453c344f970bd26d1efb0b52f76e56fad08d49f13b3	full_construct_exact_candidate_needs_native_provenance_and_mapping | 7KMF_4 | Sugar phosphate activation of the stress sensor eIF2B | 2021-07-14T00:00:00.000+00:00 | ELECTRON MICROSCOPY
H1217	7kmf	candidate			B	D	1	25-42,45-113,141-367	314	0.000000	0	false	/scratch/10992/liaorunlong93/casp16-leaderboard/diagnostics/reference_gap/refmap_candidate_mmcif/7kmf.cif	d8064b1f7d7aba9f472c4453c344f970bd26d1efb0b52f76e56fad08d49f13b3	full_construct_exact_candidate_needs_native_provenance_and_mapping | 7KMF_4 | Sugar phosphate activation of the stress sensor eIF2B | 2021-07-14T00:00:00.000+00:00 | ELECTRON MICROSCOPY
H1217	7kmf	candidate			C	F	2	179-187,192-242,248-289,294-466,471-520	325	0.000000	0	false	/scratch/10992/liaorunlong93/casp16-leaderboard/diagnostics/reference_gap/refmap_candidate_mmcif/7kmf.cif	d8064b1f7d7aba9f472c4453c344f970bd26d1efb0b52f76e56fad08d49f13b3	full_construct_exact_candidate_needs_native_provenance_and_mapping | 7KMF_4 | Sugar phosphate activation of the stress sensor eIF2B | 2021-07-14T00:00:00.000+00:00 | ELECTRON MICROSCOPY
H1217	7kmf	candidate			D	E	2	179-187,191-242,248-289,292-467,470-520	330	0.000000	0	false	/scratch/10992/liaorunlong93/casp16-leaderboard/diagnostics/reference_gap/refmap_candidate_mmcif/7kmf.cif	d8064b1f7d7aba9f472c4453c344f970bd26d1efb0b52f76e56fad08d49f13b3	full_construct_exact_candidate_needs_native_provenance_and_mapping | 7KMF_4 | Sugar phosphate activation of the stress sensor eIF2B | 2021-07-14T00:00:00.000+00:00 | ELECTRON MICROSCOPY
H1217	7kmf	candidate			E	H	3	3-36,41-80,88-254,266-304	280	0.000000	0	false	/scratch/10992/liaorunlong93/casp16-leaderboard/diagnostics/reference_gap/refmap_candidate_mmcif/7kmf.cif	d8064b1f7d7aba9f472c4453c344f970bd26d1efb0b52f76e56fad08d49f13b3	full_construct_exact_candidate_needs_native_provenance_and_mapping | 7KMF_4 | Sugar phosphate activation of the stress sensor eIF2B | 2021-07-14T00:00:00.000+00:00 | ELECTRON MICROSCOPY
H1217	7kmf	candidate			F	G	3	3-36,42-254,266-305	287	0.000000	0	false	/scratch/10992/liaorunlong93/casp16-leaderboard/diagnostics/reference_gap/refmap_candidate_mmcif/7kmf.cif	d8064b1f7d7aba9f472c4453c344f970bd26d1efb0b52f76e56fad08d49f13b3	full_construct_exact_candidate_needs_native_provenance_and_mapping | 7KMF_4 | Sugar phosphate activation of the stress sensor eIF2B | 2021-07-14T00:00:00.000+00:00 | ELECTRON MICROSCOPY
H1217	7kmf	candidate			G	B	4	41-231,238-279,285-464	413	0.000000	0	false	/scratch/10992/liaorunlong93/casp16-leaderboard/diagnostics/reference_gap/refmap_candidate_mmcif/7kmf.cif	d8064b1f7d7aba9f472c4453c344f970bd26d1efb0b52f76e56fad08d49f13b3	full_construct_exact_candidate_needs_native_provenance_and_mapping | 7KMF_4 | Sugar phosphate activation of the stress sensor eIF2B | 2021-07-14T00:00:00.000+00:00 | ELECTRON MICROSCOPY
H1217	7kmf	candidate			H	I	4	41-232,238-279,285-466	416	0.000000	0	false	/scratch/10992/liaorunlong93/casp16-leaderboard/diagnostics/reference_gap/refmap_candidate_mmcif/7kmf.cif	d8064b1f7d7aba9f472c4453c344f970bd26d1efb0b52f76e56fad08d49f13b3	full_construct_exact_candidate_needs_native_provenance_and_mapping | 7KMF_4 | Sugar phosphate activation of the stress sensor eIF2B | 2021-07-14T00:00:00.000+00:00 | ELECTRON MICROSCOPY
H1217	7kmf	candidate			I	J	5	1-9,36-54,75-79,87-133,155-171,174-214,226-237,240-243,260-267	162	0.000000	0	false	/scratch/10992/liaorunlong93/casp16-leaderboard/diagnostics/reference_gap/refmap_candidate_mmcif/7kmf.cif	d8064b1f7d7aba9f472c4453c344f970bd26d1efb0b52f76e56fad08d49f13b3	full_construct_exact_candidate_needs_native_provenance_and_mapping | 7KMF_4 | Sugar phosphate activation of the stress sensor eIF2B | 2021-07-14T00:00:00.000+00:00 | ELECTRON MICROSCOPY
H1217	7kmf	candidate			J	K	5	1-9,36-44,48-53,75-78,87-133,155-217,226-237,240-243,259-267	163	0.000000	0	false	/scratch/10992/liaorunlong93/casp16-leaderboard/diagnostics/reference_gap/refmap_candidate_mmcif/7kmf.cif	d8064b1f7d7aba9f472c4453c344f970bd26d1efb0b52f76e56fad08d49f13b3	full_construct_exact_candidate_needs_native_provenance_and_mapping | 7KMF_4 | Sugar phosphate activation of the stress sensor eIF2B | 2021-07-14T00:00:00.000+00:00 | ELECTRON MICROSCOPY
H1217	7rlo	candidate			A	A	1	41-279,285-459	414	0.000000	0	false	/scratch/10992/liaorunlong93/casp16-leaderboard/diagnostics/reference_gap/refmap_candidate_mmcif/7rlo.cif	aeb32f20ec9b4cae68e0bd3d3cfa981f59a039cb2b76fa2f57fdb198059d2534	full_construct_exact_candidate_needs_native_provenance_and_mapping | 7RLO_1 | Structure of the human eukaryotic translation initiation factor 2B (eIF2B) in complex with a viral protein NSs | 2021-12-22T00:00:00.000+00:00 | ELECTRON MICROSCOPY
H1217	7rlo	candidate			B	B	1	41-279,285-459	414	0.000000	0	false	/scratch/10992/liaorunlong93/casp16-leaderboard/diagnostics/reference_gap/refmap_candidate_mmcif/7rlo.cif	aeb32f20ec9b4cae68e0bd3d3cfa981f59a039cb2b76fa2f57fdb198059d2534	full_construct_exact_candidate_needs_native_provenance_and_mapping | 7RLO_1 | Structure of the human eukaryotic translation initiation factor 2B (eIF2B) in complex with a viral protein NSs | 2021-12-22T00:00:00.000+00:00 | ELECTRON MICROSCOPY
H1217	7rlo	candidate			C	C	2	8-98,106-115,120-351	333	0.000000	0	false	/scratch/10992/liaorunlong93/casp16-leaderboard/diagnostics/reference_gap/refmap_candidate_mmcif/7rlo.cif	aeb32f20ec9b4cae68e0bd3d3cfa981f59a039cb2b76fa2f57fdb198059d2534	full_construct_exact_candidate_needs_native_provenance_and_mapping | 7RLO_1 | Structure of the human eukaryotic translation initiation factor 2B (eIF2B) in complex with a viral protein NSs | 2021-12-22T00:00:00.000+00:00 | ELECTRON MICROSCOPY
H1217	7rlo	candidate			D	D	2	8-98,106-115,120-351	333	0.000000	0	false	/scratch/10992/liaorunlong93/casp16-leaderboard/diagnostics/reference_gap/refmap_candidate_mmcif/7rlo.cif	aeb32f20ec9b4cae68e0bd3d3cfa981f59a039cb2b76fa2f57fdb198059d2534	full_construct_exact_candidate_needs_native_provenance_and_mapping | 7RLO_1 | Structure of the human eukaryotic translation initiation factor 2B (eIF2B) in complex with a viral protein NSs | 2021-12-22T00:00:00.000+00:00 | ELECTRON MICROSCOPY
H1217	7rlo	candidate			E	E	3	167-519	353	0.000000	0	false	/scratch/10992/liaorunlong93/casp16-leaderboard/diagnostics/reference_gap/refmap_candidate_mmcif/7rlo.cif	aeb32f20ec9b4cae68e0bd3d3cfa981f59a039cb2b76fa2f57fdb198059d2534	full_construct_exact_candidate_needs_native_provenance_and_mapping | 7RLO_1 | Structure of the human eukaryotic translation initiation factor 2B (eIF2B) in complex with a viral protein NSs | 2021-12-22T00:00:00.000+00:00 | ELECTRON MICROSCOPY
H1217	7rlo	candidate			F	F	3	167-519	353	0.000000	0	false	/scratch/10992/liaorunlong93/casp16-leaderboard/diagnostics/reference_gap/refmap_candidate_mmcif/7rlo.cif	aeb32f20ec9b4cae68e0bd3d3cfa981f59a039cb2b76fa2f57fdb198059d2534	full_construct_exact_candidate_needs_native_provenance_and_mapping | 7RLO_1 | Structure of the human eukaryotic translation initiation factor 2B (eIF2B) in complex with a viral protein NSs | 2021-12-22T00:00:00.000+00:00 | ELECTRON MICROSCOPY
H1217	7rlo	candidate			G	G	4	5-252,270-305	284	0.000000	0	false	/scratch/10992/liaorunlong93/casp16-leaderboard/diagnostics/reference_gap/refmap_candidate_mmcif/7rlo.cif	aeb32f20ec9b4cae68e0bd3d3cfa981f59a039cb2b76fa2f57fdb198059d2534	full_construct_exact_candidate_needs_native_provenance_and_mapping | 7RLO_1 | Structure of the human eukaryotic translation initiation factor 2B (eIF2B) in complex with a viral protein NSs | 2021-12-22T00:00:00.000+00:00 | ELECTRON MICROSCOPY
H1217	7rlo	candidate			H	H	4	5-252,270-305	284	0.000000	0	false	/scratch/10992/liaorunlong93/casp16-leaderboard/diagnostics/reference_gap/refmap_candidate_mmcif/7rlo.cif	aeb32f20ec9b4cae68e0bd3d3cfa981f59a039cb2b76fa2f57fdb198059d2534	full_construct_exact_candidate_needs_native_provenance_and_mapping | 7RLO_1 | Structure of the human eukaryotic translation initiation factor 2B (eIF2B) in complex with a viral protein NSs | 2021-12-22T00:00:00.000+00:00 | ELECTRON MICROSCOPY
H1217	7rlo	candidate			I	I	5	1-10,24-61,71-79,83-136,155-235,261-268,297-334	238	0.000000	0	false	/scratch/10992/liaorunlong93/casp16-leaderboard/diagnostics/reference_gap/refmap_candidate_mmcif/7rlo.cif	aeb32f20ec9b4cae68e0bd3d3cfa981f59a039cb2b76fa2f57fdb198059d2534	full_construct_exact_candidate_needs_native_provenance_and_mapping | 7RLO_1 | Structure of the human eukaryotic translation initiation factor 2B (eIF2B) in complex with a viral protein NSs | 2021-12-22T00:00:00.000+00:00 | ELECTRON MICROSCOPY
H1217	7rlo	candidate			J	J	5	1-10,24-61,71-78,84-136,155-235,297-334	228	0.000000	0	false	/scratch/10992/liaorunlong93/casp16-leaderboard/diagnostics/reference_gap/refmap_candidate_mmcif/7rlo.cif	aeb32f20ec9b4cae68e0bd3d3cfa981f59a039cb2b76fa2f57fdb198059d2534	full_construct_exact_candidate_needs_native_provenance_and_mapping | 7RLO_1 | Structure of the human eukaryotic translation initiation factor 2B (eIF2B) in complex with a viral protein NSs | 2021-12-22T00:00:00.000+00:00 | ELECTRON MICROSCOPY
H1217	7rlo	candidate			K	K	6	1-208,217-226	218	0.000000	0	false	/scratch/10992/liaorunlong93/casp16-leaderboard/diagnostics/reference_gap/refmap_candidate_mmcif/7rlo.cif	aeb32f20ec9b4cae68e0bd3d3cfa981f59a039cb2b76fa2f57fdb198059d2534	full_construct_exact_candidate_needs_native_provenance_and_mapping | 7RLO_1 | Structure of the human eukaryotic translation initiation factor 2B (eIF2B) in complex with a viral protein NSs | 2021-12-22T00:00:00.000+00:00 | ELECTRON MICROSCOPY
H1217	7rlo	candidate			L	L	6	1-208,217-226	218	0.000000	0	false	/scratch/10992/liaorunlong93/casp16-leaderboard/diagnostics/reference_gap/refmap_candidate_mmcif/7rlo.cif	aeb32f20ec9b4cae68e0bd3d3cfa981f59a039cb2b76fa2f57fdb198059d2534	full_construct_exact_candidate_needs_native_provenance_and_mapping | 7RLO_1 | Structure of the human eukaryotic translation initiation factor 2B (eIF2B) in complex with a viral protein NSs | 2021-12-22T00:00:00.000+00:00 | ELECTRON MICROSCOPY
H1217	7trj	candidate			A	A	1	41-279,285-459	414	0.000000	0	false	/scratch/10992/liaorunlong93/casp16-leaderboard/diagnostics/reference_gap/refmap_candidate_mmcif/7trj.cif	7aa805f87e5c0a37ef0906ce74d7c4441dd416e49509b74d14c47448ee249a92	full_construct_exact_candidate_needs_native_provenance_and_mapping | 7TRJ_1 | The eukaryotic translation initiation factor 2B from Homo sapiens with a H160D mutation in the beta subunit | 2022-04-27T00:00:00.000+00:00 | ELECTRON MICROSCOPY
H1217	7trj	candidate			B	D	2	8-98,108-113,120-351	329	0.000000	0	false	/scratch/10992/liaorunlong93/casp16-leaderboard/diagnostics/reference_gap/refmap_candidate_mmcif/7trj.cif	7aa805f87e5c0a37ef0906ce74d7c4441dd416e49509b74d14c47448ee249a92	full_construct_exact_candidate_needs_native_provenance_and_mapping | 7TRJ_1 | The eukaryotic translation initiation factor 2B from Homo sapiens with a H160D mutation in the beta subunit | 2022-04-27T00:00:00.000+00:00 | ELECTRON MICROSCOPY
H1217	7trj	candidate			C	E	3	167-519	353	0.000000	0	false	/scratch/10992/liaorunlong93/casp16-leaderboard/diagnostics/reference_gap/refmap_candidate_mmcif/7trj.cif	7aa805f87e5c0a37ef0906ce74d7c4441dd416e49509b74d14c47448ee249a92	full_construct_exact_candidate_needs_native_provenance_and_mapping | 7TRJ_1 | The eukaryotic translation initiation factor 2B from Homo sapiens with a H160D mutation in the beta subunit | 2022-04-27T00:00:00.000+00:00 | ELECTRON MICROSCOPY
H1217	7trj	candidate			D	G	4	4-252,270-305	285	0.000000	0	false	/scratch/10992/liaorunlong93/casp16-leaderboard/diagnostics/reference_gap/refmap_candidate_mmcif/7trj.cif	7aa805f87e5c0a37ef0906ce74d7c4441dd416e49509b74d14c47448ee249a92	full_construct_exact_candidate_needs_native_provenance_and_mapping | 7TRJ_1 | The eukaryotic translation initiation factor 2B from Homo sapiens with a H160D mutation in the beta subunit | 2022-04-27T00:00:00.000+00:00 | ELECTRON MICROSCOPY
H1217	7trj	candidate			E	I	5	1-10,24-61,71-79,84-134,155-237,262-268,297-334	236	0.000000	0	false	/scratch/10992/liaorunlong93/casp16-leaderboard/diagnostics/reference_gap/refmap_candidate_mmcif/7trj.cif	7aa805f87e5c0a37ef0906ce74d7c4441dd416e49509b74d14c47448ee249a92	full_construct_exact_candidate_needs_native_provenance_and_mapping | 7TRJ_1 | The eukaryotic translation initiation factor 2B from Homo sapiens with a H160D mutation in the beta subunit | 2022-04-27T00:00:00.000+00:00 | ELECTRON MICROSCOPY
H1217	7trj	candidate			F	B	1	41-279,285-459	414	0.000000	0	false	/scratch/10992/liaorunlong93/casp16-leaderboard/diagnostics/reference_gap/refmap_candidate_mmcif/7trj.cif	7aa805f87e5c0a37ef0906ce74d7c4441dd416e49509b74d14c47448ee249a92	full_construct_exact_candidate_needs_native_provenance_and_mapping | 7TRJ_1 | The eukaryotic translation initiation factor 2B from Homo sapiens with a H160D mutation in the beta subunit | 2022-04-27T00:00:00.000+00:00 | ELECTRON MICROSCOPY
H1217	7trj	candidate			G	C	2	8-98,108-113,120-351	329	0.000000	0	false	/scratch/10992/liaorunlong93/casp16-leaderboard/diagnostics/reference_gap/refmap_candidate_mmcif/7trj.cif	7aa805f87e5c0a37ef0906ce74d7c4441dd416e49509b74d14c47448ee249a92	full_construct_exact_candidate_needs_native_provenance_and_mapping | 7TRJ_1 | The eukaryotic translation initiation factor 2B from Homo sapiens with a H160D mutation in the beta subunit | 2022-04-27T00:00:00.000+00:00 | ELECTRON MICROSCOPY
H1217	7trj	candidate			H	F	3	167-519	353	0.000000	0	false	/scratch/10992/liaorunlong93/casp16-leaderboard/diagnostics/reference_gap/refmap_candidate_mmcif/7trj.cif	7aa805f87e5c0a37ef0906ce74d7c4441dd416e49509b74d14c47448ee249a92	full_construct_exact_candidate_needs_native_provenance_and_mapping | 7TRJ_1 | The eukaryotic translation initiation factor 2B from Homo sapiens with a H160D mutation in the beta subunit | 2022-04-27T00:00:00.000+00:00 | ELECTRON MICROSCOPY
H1217	7trj	candidate			I	H	4	4-252,270-305	285	0.000000	0	false	/scratch/10992/liaorunlong93/casp16-leaderboard/diagnostics/reference_gap/refmap_candidate_mmcif/7trj.cif	7aa805f87e5c0a37ef0906ce74d7c4441dd416e49509b74d14c47448ee249a92	full_construct_exact_candidate_needs_native_provenance_and_mapping | 7TRJ_1 | The eukaryotic translation initiation factor 2B from Homo sapiens with a H160D mutation in the beta subunit | 2022-04-27T00:00:00.000+00:00 | ELECTRON MICROSCOPY
H1217	7trj	candidate			J	J	5	1-10,24-61,71-79,84-134,155-237,262-268,297-334	236	0.000000	0	false	/scratch/10992/liaorunlong93/casp16-leaderboard/diagnostics/reference_gap/refmap_candidate_mmcif/7trj.cif	7aa805f87e5c0a37ef0906ce74d7c4441dd416e49509b74d14c47448ee249a92	full_construct_exact_candidate_needs_native_provenance_and_mapping | 7TRJ_1 | The eukaryotic translation initiation factor 2B from Homo sapiens with a H160D mutation in the beta subunit | 2022-04-27T00:00:00.000+00:00 | ELECTRON MICROSCOPY
H1217	7vlk	candidate			A	A	1	1-256,270-307	294	0.000000	0	false	/scratch/10992/liaorunlong93/casp16-leaderboard/diagnostics/reference_gap/refmap_candidate_mmcif/7vlk.cif	51d740ee75eef31c6879de5a7ee78bf5fbbcda3770ce4f9e4bffe634d5dfbd71	full_construct_exact_candidate_needs_native_provenance_and_mapping | 7VLK_5 | eIF2B-SFSV NSs C2-imposed | 2021-12-01T00:00:00.000+00:00 | ELECTRON MICROSCOPY
H1217	7vlk	candidate			B	B	1	1-256,270-307	294	0.000000	0	false	/scratch/10992/liaorunlong93/casp16-leaderboard/diagnostics/reference_gap/refmap_candidate_mmcif/7vlk.cif	51d740ee75eef31c6879de5a7ee78bf5fbbcda3770ce4f9e4bffe634d5dfbd71	full_construct_exact_candidate_needs_native_provenance_and_mapping | 7VLK_5 | eIF2B-SFSV NSs C2-imposed | 2021-12-01T00:00:00.000+00:00 | ELECTRON MICROSCOPY
H1217	7vlk	candidate			C	C	2	8-99,106-115,121-351	333	0.000000	0	false	/scratch/10992/liaorunlong93/casp16-leaderboard/diagnostics/reference_gap/refmap_candidate_mmcif/7vlk.cif	51d740ee75eef31c6879de5a7ee78bf5fbbcda3770ce4f9e4bffe634d5dfbd71	full_construct_exact_candidate_needs_native_provenance_and_mapping | 7VLK_5 | eIF2B-SFSV NSs C2-imposed | 2021-12-01T00:00:00.000+00:00 | ELECTRON MICROSCOPY
H1217	7vlk	candidate			D	D	2	8-99,106-115,121-351	333	0.000000	0	false	/scratch/10992/liaorunlong93/casp16-leaderboard/diagnostics/reference_gap/refmap_candidate_mmcif/7vlk.cif	51d740ee75eef31c6879de5a7ee78bf5fbbcda3770ce4f9e4bffe634d5dfbd71	full_construct_exact_candidate_needs_native_provenance_and_mapping | 7VLK_5 | eIF2B-SFSV NSs C2-imposed | 2021-12-01T00:00:00.000+00:00 | ELECTRON MICROSCOPY
H1217	7vlk	candidate			E	E	3	1-10,27-136,154-238,259-295	242	0.000000	0	false	/scratch/10992/liaorunlong93/casp16-leaderboard/diagnostics/reference_gap/refmap_candidate_mmcif/7vlk.cif	51d740ee75eef31c6879de5a7ee78bf5fbbcda3770ce4f9e4bffe634d5dfbd71	full_construct_exact_candidate_needs_native_provenance_and_mapping | 7VLK_5 | eIF2B-SFSV NSs C2-imposed | 2021-12-01T00:00:00.000+00:00 | ELECTRON MICROSCOPY
H1217	7vlk	candidate			F	F	3	1-10,27-136,154-238,259-295	242	0.000000	0	false	/scratch/10992/liaorunlong93/casp16-leaderboard/diagnostics/reference_gap/refmap_candidate_mmcif/7vlk.cif	51d740ee75eef31c6879de5a7ee78bf5fbbcda3770ce4f9e4bffe634d5dfbd71	full_construct_exact_candidate_needs_native_provenance_and_mapping | 7VLK_5 | eIF2B-SFSV NSs C2-imposed | 2021-12-01T00:00:00.000+00:00 | ELECTRON MICROSCOPY
H1217	7vlk	candidate			G	G	4	166-521	356	0.000000	0	false	/scratch/10992/liaorunlong93/casp16-leaderboard/diagnostics/reference_gap/refmap_candidate_mmcif/7vlk.cif	51d740ee75eef31c6879de5a7ee78bf5fbbcda3770ce4f9e4bffe634d5dfbd71	full_construct_exact_candidate_needs_native_provenance_and_mapping | 7VLK_5 | eIF2B-SFSV NSs C2-imposed | 2021-12-01T00:00:00.000+00:00 | ELECTRON MICROSCOPY
H1217	7vlk	candidate			H	H	4	166-521	356	0.000000	0	false	/scratch/10992/liaorunlong93/casp16-leaderboard/diagnostics/reference_gap/refmap_candidate_mmcif/7vlk.cif	51d740ee75eef31c6879de5a7ee78bf5fbbcda3770ce4f9e4bffe634d5dfbd71	full_construct_exact_candidate_needs_native_provenance_and_mapping | 7VLK_5 | eIF2B-SFSV NSs C2-imposed | 2021-12-01T00:00:00.000+00:00 | ELECTRON MICROSCOPY
H1217	7vlk	candidate			I	I	5	40-466	427	0.000000	0	false	/scratch/10992/liaorunlong93/casp16-leaderboard/diagnostics/reference_gap/refmap_candidate_mmcif/7vlk.cif	51d740ee75eef31c6879de5a7ee78bf5fbbcda3770ce4f9e4bffe634d5dfbd71	full_construct_exact_candidate_needs_native_provenance_and_mapping | 7VLK_5 | eIF2B-SFSV NSs C2-imposed | 2021-12-01T00:00:00.000+00:00 | ELECTRON MICROSCOPY
H1217	7vlk	candidate			J	J	5	40-466	427	0.000000	0	false	/scratch/10992/liaorunlong93/casp16-leaderboard/diagnostics/reference_gap/refmap_candidate_mmcif/7vlk.cif	51d740ee75eef31c6879de5a7ee78bf5fbbcda3770ce4f9e4bffe634d5dfbd71	full_construct_exact_candidate_needs_native_provenance_and_mapping | 7VLK_5 | eIF2B-SFSV NSs C2-imposed | 2021-12-01T00:00:00.000+00:00 | ELECTRON MICROSCOPY
H1217	7vlk	candidate			K	K	6	1-103,111-204	197	0.000000	0	false	/scratch/10992/liaorunlong93/casp16-leaderboard/diagnostics/reference_gap/refmap_candidate_mmcif/7vlk.cif	51d740ee75eef31c6879de5a7ee78bf5fbbcda3770ce4f9e4bffe634d5dfbd71	full_construct_exact_candidate_needs_native_provenance_and_mapping | 7VLK_5 | eIF2B-SFSV NSs C2-imposed | 2021-12-01T00:00:00.000+00:00 | ELECTRON MICROSCOPY
H1217	7vlk	candidate			L	L	6	1-103,111-204	197	0.000000	0	false	/scratch/10992/liaorunlong93/casp16-leaderboard/diagnostics/reference_gap/refmap_candidate_mmcif/7vlk.cif	51d740ee75eef31c6879de5a7ee78bf5fbbcda3770ce4f9e4bffe634d5dfbd71	full_construct_exact_candidate_needs_native_provenance_and_mapping | 7VLK_5 | eIF2B-SFSV NSs C2-imposed | 2021-12-01T00:00:00.000+00:00 | ELECTRON MICROSCOPY
H1217	9hvd	candidate			A	F	1	1-136,152-247,255-270,296-445	398	0.000000	0	false	/scratch/10992/liaorunlong93/casp16-leaderboard/diagnostics/reference_gap/refmap_candidate_mmcif/9hvd.cif	60231b0603cfb47c34d6578181f71dda1b40ce1d4960990f1c87fa744f3501dd	full_construct_exact_candidate_needs_native_provenance_and_mapping | 9HVD_3 | Native human P-eIF2-eIF2B complex | 2025-11-19T00:00:00.000+00:00 | ELECTRON MICROSCOPY
H1217	9hvd	candidate			B	K	2	3-185	183	0.000000	0	false	/scratch/10992/liaorunlong93/casp16-leaderboard/diagnostics/reference_gap/refmap_candidate_mmcif/9hvd.cif	60231b0603cfb47c34d6578181f71dda1b40ce1d4960990f1c87fa744f3501dd	full_construct_exact_candidate_needs_native_provenance_and_mapping | 9HVD_3 | Native human P-eIF2-eIF2B complex | 2025-11-19T00:00:00.000+00:00 | ELECTRON MICROSCOPY
H1217	9hvd	candidate			C	J	3	39-456,481-500	438	0.000000	0	false	/scratch/10992/liaorunlong93/casp16-leaderboard/diagnostics/reference_gap/refmap_candidate_mmcif/9hvd.cif	60231b0603cfb47c34d6578181f71dda1b40ce1d4960990f1c87fa744f3501dd	full_construct_exact_candidate_needs_native_provenance_and_mapping | 9HVD_3 | Native human P-eIF2-eIF2B complex | 2025-11-19T00:00:00.000+00:00 | ELECTRON MICROSCOPY
H1217	9hvd	candidate			D	D	4	8-98,119-351	324	0.000000	0	false	/scratch/10992/liaorunlong93/casp16-leaderboard/diagnostics/reference_gap/refmap_candidate_mmcif/9hvd.cif	60231b0603cfb47c34d6578181f71dda1b40ce1d4960990f1c87fa744f3501dd	full_construct_exact_candidate_needs_native_provenance_and_mapping | 9HVD_3 | Native human P-eIF2-eIF2B complex | 2025-11-19T00:00:00.000+00:00 | ELECTRON MICROSCOPY
H1217	9hvd	candidate			E	B	5	1-254,268-305	292	0.000000	0	false	/scratch/10992/liaorunlong93/casp16-leaderboard/diagnostics/reference_gap/refmap_candidate_mmcif/9hvd.cif	60231b0603cfb47c34d6578181f71dda1b40ce1d4960990f1c87fa744f3501dd	full_construct_exact_candidate_needs_native_provenance_and_mapping | 9HVD_3 | Native human P-eIF2-eIF2B complex | 2025-11-19T00:00:00.000+00:00 | ELECTRON MICROSCOPY
H1217	9hvd	candidate			F	G	6	177-520	344	0.000000	0	false	/scratch/10992/liaorunlong93/casp16-leaderboard/diagnostics/reference_gap/refmap_candidate_mmcif/9hvd.cif	60231b0603cfb47c34d6578181f71dda1b40ce1d4960990f1c87fa744f3501dd	full_construct_exact_candidate_needs_native_provenance_and_mapping | 9HVD_3 | Native human P-eIF2-eIF2B complex | 2025-11-19T00:00:00.000+00:00 | ELECTRON MICROSCOPY
H1217	9hvd	candidate			G	E	1	1-244,257-445	433	0.000000	0	false	/scratch/10992/liaorunlong93/casp16-leaderboard/diagnostics/reference_gap/refmap_candidate_mmcif/9hvd.cif	60231b0603cfb47c34d6578181f71dda1b40ce1d4960990f1c87fa744f3501dd	full_construct_exact_candidate_needs_native_provenance_and_mapping | 9HVD_3 | Native human P-eIF2-eIF2B complex | 2025-11-19T00:00:00.000+00:00 | ELECTRON MICROSCOPY
H1217	9hvd	candidate			H	I	3	38-456,480-499	439	0.000000	0	false	/scratch/10992/liaorunlong93/casp16-leaderboard/diagnostics/reference_gap/refmap_candidate_mmcif/9hvd.cif	60231b0603cfb47c34d6578181f71dda1b40ce1d4960990f1c87fa744f3501dd	full_construct_exact_candidate_needs_native_provenance_and_mapping | 9HVD_3 | Native human P-eIF2-eIF2B complex | 2025-11-19T00:00:00.000+00:00 | ELECTRON MICROSCOPY
H1217	9hvd	candidate			I	C	4	6-98,119-351	326	0.000000	0	false	/scratch/10992/liaorunlong93/casp16-leaderboard/diagnostics/reference_gap/refmap_candidate_mmcif/9hvd.cif	60231b0603cfb47c34d6578181f71dda1b40ce1d4960990f1c87fa744f3501dd	full_construct_exact_candidate_needs_native_provenance_and_mapping | 9HVD_3 | Native human P-eIF2-eIF2B complex | 2025-11-19T00:00:00.000+00:00 | ELECTRON MICROSCOPY
H1217	9hvd	candidate			J	A	5	1-254,267-305	293	0.000000	0	false	/scratch/10992/liaorunlong93/casp16-leaderboard/diagnostics/reference_gap/refmap_candidate_mmcif/9hvd.cif	60231b0603cfb47c34d6578181f71dda1b40ce1d4960990f1c87fa744f3501dd	full_construct_exact_candidate_needs_native_provenance_and_mapping | 9HVD_3 | Native human P-eIF2-eIF2B complex | 2025-11-19T00:00:00.000+00:00 | ELECTRON MICROSCOPY
H1217	9hvd	candidate			K	H	6	175-518	344	0.000000	0	false	/scratch/10992/liaorunlong93/casp16-leaderboard/diagnostics/reference_gap/refmap_candidate_mmcif/9hvd.cif	60231b0603cfb47c34d6578181f71dda1b40ce1d4960990f1c87fa744f3501dd	full_construct_exact_candidate_needs_native_provenance_and_mapping | 9HVD_3 | Native human P-eIF2-eIF2B complex | 2025-11-19T00:00:00.000+00:00 | ELECTRON MICROSCOPY
H1217	9hvd	candidate			L	L	2	3-185	183	0.000000	0	false	/scratch/10992/liaorunlong93/casp16-leaderboard/diagnostics/reference_gap/refmap_candidate_mmcif/9hvd.cif	60231b0603cfb47c34d6578181f71dda1b40ce1d4960990f1c87fa744f3501dd	full_construct_exact_candidate_needs_native_provenance_and_mapping | 9HVD_3 | Native human P-eIF2-eIF2B complex | 2025-11-19T00:00:00.000+00:00 | ELECTRON MICROSCOPY
H1217	9hve	candidate			A	F	1	1-241,260-283,295-445	416	0.000000	0	false	/scratch/10992/liaorunlong93/casp16-leaderboard/diagnostics/reference_gap/refmap_candidate_mmcif/9hve.cif	2aacf2192283650dfa58d271e7d371dded823bf8241223ca63899942b04a420f	full_construct_exact_candidate_needs_native_provenance_and_mapping | 9HVE_3 | Native human eIF2-eIF2B complex | 2025-11-19T00:00:00.000+00:00 | ELECTRON MICROSCOPY
H1217	9hve	candidate			B	E	1	1-241,260-283,295-445	416	0.000000	0	false	/scratch/10992/liaorunlong93/casp16-leaderboard/diagnostics/reference_gap/refmap_candidate_mmcif/9hve.cif	2aacf2192283650dfa58d271e7d371dded823bf8241223ca63899942b04a420f	full_construct_exact_candidate_needs_native_provenance_and_mapping | 9HVE_3 | Native human eIF2-eIF2B complex | 2025-11-19T00:00:00.000+00:00 | ELECTRON MICROSCOPY
H1217	9hve	candidate			C	K	2	2-279	278	0.000000	0	false	/scratch/10992/liaorunlong93/casp16-leaderboard/diagnostics/reference_gap/refmap_candidate_mmcif/9hve.cif	2aacf2192283650dfa58d271e7d371dded823bf8241223ca63899942b04a420f	full_construct_exact_candidate_needs_native_provenance_and_mapping | 9HVE_3 | Native human eIF2-eIF2B complex | 2025-11-19T00:00:00.000+00:00 | ELECTRON MICROSCOPY
H1217	9hve	candidate			D	I	3	38-266,268-461,478-509,547-721	630	0.000000	0	false	/scratch/10992/liaorunlong93/casp16-leaderboard/diagnostics/reference_gap/refmap_candidate_mmcif/9hve.cif	2aacf2192283650dfa58d271e7d371dded823bf8241223ca63899942b04a420f	full_construct_exact_candidate_needs_native_provenance_and_mapping | 9HVE_3 | Native human eIF2-eIF2B complex | 2025-11-19T00:00:00.000+00:00 | ELECTRON MICROSCOPY
H1217	9hve	candidate			E	O	4	11-470	460	0.000000	0	false	/scratch/10992/liaorunlong93/casp16-leaderboard/diagnostics/reference_gap/refmap_candidate_mmcif/9hve.cif	2aacf2192283650dfa58d271e7d371dded823bf8241223ca63899942b04a420f	full_construct_exact_candidate_needs_native_provenance_and_mapping | 9HVE_3 | Native human eIF2-eIF2B complex | 2025-11-19T00:00:00.000+00:00 | ELECTRON MICROSCOPY
H1217	9hve	candidate			F	D	5	6-351	346	0.000000	0	false	/scratch/10992/liaorunlong93/casp16-leaderboard/diagnostics/reference_gap/refmap_candidate_mmcif/9hve.cif	2aacf2192283650dfa58d271e7d371dded823bf8241223ca63899942b04a420f	full_construct_exact_candidate_needs_native_provenance_and_mapping | 9HVE_3 | Native human eIF2-eIF2B complex | 2025-11-19T00:00:00.000+00:00 | ELECTRON MICROSCOPY
H1217	9hve	candidate			G	A	6	1-257,262-305	301	0.000000	0	false	/scratch/10992/liaorunlong93/casp16-leaderboard/diagnostics/reference_gap/refmap_candidate_mmcif/9hve.cif	2aacf2192283650dfa58d271e7d371dded823bf8241223ca63899942b04a420f	full_construct_exact_candidate_needs_native_provenance_and_mapping | 9HVE_3 | Native human eIF2-eIF2B complex | 2025-11-19T00:00:00.000+00:00 | ELECTRON MICROSCOPY
H1217	9hve	candidate			H	H	7	164-523	360	0.000000	0	false	/scratch/10992/liaorunlong93/casp16-leaderboard/diagnostics/reference_gap/refmap_candidate_mmcif/9hve.cif	2aacf2192283650dfa58d271e7d371dded823bf8241223ca63899942b04a420f	full_construct_exact_candidate_needs_native_provenance_and_mapping | 9HVE_3 | Native human eIF2-eIF2B complex | 2025-11-19T00:00:00.000+00:00 | ELECTRON MICROSCOPY
H1217	9hve	candidate			I	M	8	167-190	24	0.000000	0	false	/scratch/10992/liaorunlong93/casp16-leaderboard/diagnostics/reference_gap/refmap_candidate_mmcif/9hve.cif	2aacf2192283650dfa58d271e7d371dded823bf8241223ca63899942b04a420f	full_construct_exact_candidate_needs_native_provenance_and_mapping | 9HVE_3 | Native human eIF2-eIF2B complex | 2025-11-19T00:00:00.000+00:00 | ELECTRON MICROSCOPY
H1217	9hve	candidate			J	N	8	167-190	24	0.000000	0	false	/scratch/10992/liaorunlong93/casp16-leaderboard/diagnostics/reference_gap/refmap_candidate_mmcif/9hve.cif	2aacf2192283650dfa58d271e7d371dded823bf8241223ca63899942b04a420f	full_construct_exact_candidate_needs_native_provenance_and_mapping | 9HVE_3 | Native human eIF2-eIF2B complex | 2025-11-19T00:00:00.000+00:00 | ELECTRON MICROSCOPY
H1217	9hve	candidate			K	L	2	2-279	278	0.000000	0	false	/scratch/10992/liaorunlong93/casp16-leaderboard/diagnostics/reference_gap/refmap_candidate_mmcif/9hve.cif	2aacf2192283650dfa58d271e7d371dded823bf8241223ca63899942b04a420f	full_construct_exact_candidate_needs_native_provenance_and_mapping | 9HVE_3 | Native human eIF2-eIF2B complex | 2025-11-19T00:00:00.000+00:00 | ELECTRON MICROSCOPY
H1217	9hve	candidate			L	J	3	38-266,268-461,478-509,547-721	630	0.000000	0	false	/scratch/10992/liaorunlong93/casp16-leaderboard/diagnostics/reference_gap/refmap_candidate_mmcif/9hve.cif	2aacf2192283650dfa58d271e7d371dded823bf8241223ca63899942b04a420f	full_construct_exact_candidate_needs_native_provenance_and_mapping | 9HVE_3 | Native human eIF2-eIF2B complex | 2025-11-19T00:00:00.000+00:00 | ELECTRON MICROSCOPY
H1217	9hve	candidate			M	P	4	11-470	460	0.000000	0	false	/scratch/10992/liaorunlong93/casp16-leaderboard/diagnostics/reference_gap/refmap_candidate_mmcif/9hve.cif	2aacf2192283650dfa58d271e7d371dded823bf8241223ca63899942b04a420f	full_construct_exact_candidate_needs_native_provenance_and_mapping | 9HVE_3 | Native human eIF2-eIF2B complex | 2025-11-19T00:00:00.000+00:00 | ELECTRON MICROSCOPY
H1217	9hve	candidate			N	C	5	6-351	346	0.000000	0	false	/scratch/10992/liaorunlong93/casp16-leaderboard/diagnostics/reference_gap/refmap_candidate_mmcif/9hve.cif	2aacf2192283650dfa58d271e7d371dded823bf8241223ca63899942b04a420f	full_construct_exact_candidate_needs_native_provenance_and_mapping | 9HVE_3 | Native human eIF2-eIF2B complex | 2025-11-19T00:00:00.000+00:00 | ELECTRON MICROSCOPY
H1217	9hve	candidate			O	B	6	1-257,262-305	301	0.000000	0	false	/scratch/10992/liaorunlong93/casp16-leaderboard/diagnostics/reference_gap/refmap_candidate_mmcif/9hve.cif	2aacf2192283650dfa58d271e7d371dded823bf8241223ca63899942b04a420f	full_construct_exact_candidate_needs_native_provenance_and_mapping | 9HVE_3 | Native human eIF2-eIF2B complex | 2025-11-19T00:00:00.000+00:00 | ELECTRON MICROSCOPY
H1217	9hve	candidate			P	G	7	164-523	360	0.000000	0	false	/scratch/10992/liaorunlong93/casp16-leaderboard/diagnostics/reference_gap/refmap_candidate_mmcif/9hve.cif	2aacf2192283650dfa58d271e7d371dded823bf8241223ca63899942b04a420f	full_construct_exact_candidate_needs_native_provenance_and_mapping | 9HVE_3 | Native human eIF2-eIF2B complex | 2025-11-19T00:00:00.000+00:00 | ELECTRON MICROSCOPY
H1217	9y3v	candidate			A	A	1	39-456,481-499	437	0.000000	0	false	/scratch/10992/liaorunlong93/casp16-leaderboard/diagnostics/reference_gap/refmap_candidate_mmcif/9y3v.cif	69396a605fdfa9a8009afa20b62d7f73646734fb63748ff407d426ee9af5a044	full_construct_exact_candidate_needs_native_provenance_and_mapping | 9Y3V_1 | Eukaryotic translation initiation factor 2-B (eIF2B) bound to the viral effector AcP10 | 2026-06-24T00:00:00.000+00:00 | ELECTRON MICROSCOPY
H1217	9y3v	candidate			B	B	1	39-456,481-499	437	0.000000	0	false	/scratch/10992/liaorunlong93/casp16-leaderboard/diagnostics/reference_gap/refmap_candidate_mmcif/9y3v.cif	69396a605fdfa9a8009afa20b62d7f73646734fb63748ff407d426ee9af5a044	full_construct_exact_candidate_needs_native_provenance_and_mapping | 9Y3V_1 | Eukaryotic translation initiation factor 2-B (eIF2B) bound to the viral effector AcP10 | 2026-06-24T00:00:00.000+00:00 | ELECTRON MICROSCOPY
H1217	9y3v	candidate			C	C	2	25-368	344	0.000000	0	false	/scratch/10992/liaorunlong93/casp16-leaderboard/diagnostics/reference_gap/refmap_candidate_mmcif/9y3v.cif	69396a605fdfa9a8009afa20b62d7f73646734fb63748ff407d426ee9af5a044	full_construct_exact_candidate_needs_native_provenance_and_mapping | 9Y3V_1 | Eukaryotic translation initiation factor 2-B (eIF2B) bound to the viral effector AcP10 | 2026-06-24T00:00:00.000+00:00 | ELECTRON MICROSCOPY
H1217	9y3v	candidate			D	D	2	25-368	344	0.000000	0	false	/scratch/10992/liaorunlong93/casp16-leaderboard/diagnostics/reference_gap/refmap_candidate_mmcif/9y3v.cif	69396a605fdfa9a8009afa20b62d7f73646734fb63748ff407d426ee9af5a044	full_construct_exact_candidate_needs_native_provenance_and_mapping | 9Y3V_1 | Eukaryotic translation initiation factor 2-B (eIF2B) bound to the viral effector AcP10 | 2026-06-24T00:00:00.000+00:00 | ELECTRON MICROSCOPY
H1217	9y3v	candidate			E	E	3	167-522	356	0.000000	0	false	/scratch/10992/liaorunlong93/casp16-leaderboard/diagnostics/reference_gap/refmap_candidate_mmcif/9y3v.cif	69396a605fdfa9a8009afa20b62d7f73646734fb63748ff407d426ee9af5a044	full_construct_exact_candidate_needs_native_provenance_and_mapping | 9Y3V_1 | Eukaryotic translation initiation factor 2-B (eIF2B) bound to the viral effector AcP10 | 2026-06-24T00:00:00.000+00:00 | ELECTRON MICROSCOPY
H1217	9y3v	candidate			F	F	3	167-522	356	0.000000	0	false	/scratch/10992/liaorunlong93/casp16-leaderboard/diagnostics/reference_gap/refmap_candidate_mmcif/9y3v.cif	69396a605fdfa9a8009afa20b62d7f73646734fb63748ff407d426ee9af5a044	full_construct_exact_candidate_needs_native_provenance_and_mapping | 9Y3V_1 | Eukaryotic translation initiation factor 2-B (eIF2B) bound to the viral effector AcP10 | 2026-06-24T00:00:00.000+00:00 | ELECTRON MICROSCOPY
H1217	9y3v	candidate			G	G	4	1-256,266-305	296	0.000000	0	false	/scratch/10992/liaorunlong93/casp16-leaderboard/diagnostics/reference_gap/refmap_candidate_mmcif/9y3v.cif	69396a605fdfa9a8009afa20b62d7f73646734fb63748ff407d426ee9af5a044	full_construct_exact_candidate_needs_native_provenance_and_mapping | 9Y3V_1 | Eukaryotic translation initiation factor 2-B (eIF2B) bound to the viral effector AcP10 | 2026-06-24T00:00:00.000+00:00 | ELECTRON MICROSCOPY
H1217	9y3v	candidate			H	H	4	1-256,266-305	296	0.000000	0	false	/scratch/10992/liaorunlong93/casp16-leaderboard/diagnostics/reference_gap/refmap_candidate_mmcif/9y3v.cif	69396a605fdfa9a8009afa20b62d7f73646734fb63748ff407d426ee9af5a044	full_construct_exact_candidate_needs_native_provenance_and_mapping | 9Y3V_1 | Eukaryotic translation initiation factor 2-B (eIF2B) bound to the viral effector AcP10 | 2026-06-24T00:00:00.000+00:00 | ELECTRON MICROSCOPY
H1217	9y3v	candidate			I	I	5	1-238,262-443	420	0.000000	0	false	/scratch/10992/liaorunlong93/casp16-leaderboard/diagnostics/reference_gap/refmap_candidate_mmcif/9y3v.cif	69396a605fdfa9a8009afa20b62d7f73646734fb63748ff407d426ee9af5a044	full_construct_exact_candidate_needs_native_provenance_and_mapping | 9Y3V_1 | Eukaryotic translation initiation factor 2-B (eIF2B) bound to the viral effector AcP10 | 2026-06-24T00:00:00.000+00:00 | ELECTRON MICROSCOPY
H1217	9y3v	candidate			J	J	5	1-238,262-443	420	0.000000	0	false	/scratch/10992/liaorunlong93/casp16-leaderboard/diagnostics/reference_gap/refmap_candidate_mmcif/9y3v.cif	69396a605fdfa9a8009afa20b62d7f73646734fb63748ff407d426ee9af5a044	full_construct_exact_candidate_needs_native_provenance_and_mapping | 9Y3V_1 | Eukaryotic translation initiation factor 2-B (eIF2B) bound to the viral effector AcP10 | 2026-06-24T00:00:00.000+00:00 | ELECTRON MICROSCOPY
H1217	9y3v	candidate			K	K	6	1-210	210	0.000000	0	false	/scratch/10992/liaorunlong93/casp16-leaderboard/diagnostics/reference_gap/refmap_candidate_mmcif/9y3v.cif	69396a605fdfa9a8009afa20b62d7f73646734fb63748ff407d426ee9af5a044	full_construct_exact_candidate_needs_native_provenance_and_mapping | 9Y3V_1 | Eukaryotic translation initiation factor 2-B (eIF2B) bound to the viral effector AcP10 | 2026-06-24T00:00:00.000+00:00 | ELECTRON MICROSCOPY
H1217	9y3v	candidate			L	L	6	1-210	210	0.000000	0	false	/scratch/10992/liaorunlong93/casp16-leaderboard/diagnostics/reference_gap/refmap_candidate_mmcif/9y3v.cif	69396a605fdfa9a8009afa20b62d7f73646734fb63748ff407d426ee9af5a044	full_construct_exact_candidate_needs_native_provenance_and_mapping | 9Y3V_1 | Eukaryotic translation initiation factor 2-B (eIF2B) bound to the viral effector AcP10 | 2026-06-24T00:00:00.000+00:00 | ELECTRON MICROSCOPY
H1217	9y4b	candidate			A	A	1	39-456,481-499,509-516	445	0.000000	0	false	/scratch/10992/liaorunlong93/casp16-leaderboard/diagnostics/reference_gap/refmap_candidate_mmcif/9y4b.cif	9fb6b6cdc0725dae4ea2ced7031d42669e10aadaf116e772f7d2730b8c67756f	full_construct_exact_candidate_needs_native_provenance_and_mapping | 9Y4B_1 | Eukaryotic translation initiation factor 2-B (eIF2B) with a truncation in the beta subunit (active-like-state) bound to the viral effector AcP10 | 2026-06-24T00:00:00.000+00:00 | ELECTRON MICROSCOPY
H1217	9y4b	candidate			B	B	1	39-456,481-499,509-516	445	0.000000	0	false	/scratch/10992/liaorunlong93/casp16-leaderboard/diagnostics/reference_gap/refmap_candidate_mmcif/9y4b.cif	9fb6b6cdc0725dae4ea2ced7031d42669e10aadaf116e772f7d2730b8c67756f	full_construct_exact_candidate_needs_native_provenance_and_mapping | 9Y4B_1 | Eukaryotic translation initiation factor 2-B (eIF2B) with a truncation in the beta subunit (active-like-state) bound to the viral effector AcP10 | 2026-06-24T00:00:00.000+00:00 | ELECTRON MICROSCOPY
H1217	9y4b	candidate			C	C	2	25-355	331	0.000000	0	false	/scratch/10992/liaorunlong93/casp16-leaderboard/diagnostics/reference_gap/refmap_candidate_mmcif/9y4b.cif	9fb6b6cdc0725dae4ea2ced7031d42669e10aadaf116e772f7d2730b8c67756f	full_construct_exact_candidate_needs_native_provenance_and_mapping | 9Y4B_1 | Eukaryotic translation initiation factor 2-B (eIF2B) with a truncation in the beta subunit (active-like-state) bound to the viral effector AcP10 | 2026-06-24T00:00:00.000+00:00 | ELECTRON MICROSCOPY
H1217	9y4b	candidate			D	D	2	25-355	331	0.000000	0	false	/scratch/10992/liaorunlong93/casp16-leaderboard/diagnostics/reference_gap/refmap_candidate_mmcif/9y4b.cif	9fb6b6cdc0725dae4ea2ced7031d42669e10aadaf116e772f7d2730b8c67756f	full_construct_exact_candidate_needs_native_provenance_and_mapping | 9Y4B_1 | Eukaryotic translation initiation factor 2-B (eIF2B) with a truncation in the beta subunit (active-like-state) bound to the viral effector AcP10 | 2026-06-24T00:00:00.000+00:00 | ELECTRON MICROSCOPY
H1217	9y4b	candidate			E	E	3	167-522	356	0.000000	0	false	/scratch/10992/liaorunlong93/casp16-leaderboard/diagnostics/reference_gap/refmap_candidate_mmcif/9y4b.cif	9fb6b6cdc0725dae4ea2ced7031d42669e10aadaf116e772f7d2730b8c67756f	full_construct_exact_candidate_needs_native_provenance_and_mapping | 9Y4B_1 | Eukaryotic translation initiation factor 2-B (eIF2B) with a truncation in the beta subunit (active-like-state) bound to the viral effector AcP10 | 2026-06-24T00:00:00.000+00:00 | ELECTRON MICROSCOPY
H1217	9y4b	candidate			F	F	3	167-522	356	0.000000	0	false	/scratch/10992/liaorunlong93/casp16-leaderboard/diagnostics/reference_gap/refmap_candidate_mmcif/9y4b.cif	9fb6b6cdc0725dae4ea2ced7031d42669e10aadaf116e772f7d2730b8c67756f	full_construct_exact_candidate_needs_native_provenance_and_mapping | 9Y4B_1 | Eukaryotic translation initiation factor 2-B (eIF2B) with a truncation in the beta subunit (active-like-state) bound to the viral effector AcP10 | 2026-06-24T00:00:00.000+00:00 | ELECTRON MICROSCOPY
H1217	9y4b	candidate			G	G	4	1-256,266-305	296	0.000000	0	false	/scratch/10992/liaorunlong93/casp16-leaderboard/diagnostics/reference_gap/refmap_candidate_mmcif/9y4b.cif	9fb6b6cdc0725dae4ea2ced7031d42669e10aadaf116e772f7d2730b8c67756f	full_construct_exact_candidate_needs_native_provenance_and_mapping | 9Y4B_1 | Eukaryotic translation initiation factor 2-B (eIF2B) with a truncation in the beta subunit (active-like-state) bound to the viral effector AcP10 | 2026-06-24T00:00:00.000+00:00 | ELECTRON MICROSCOPY
H1217	9y4b	candidate			H	H	4	1-256,266-305	296	0.000000	0	false	/scratch/10992/liaorunlong93/casp16-leaderboard/diagnostics/reference_gap/refmap_candidate_mmcif/9y4b.cif	9fb6b6cdc0725dae4ea2ced7031d42669e10aadaf116e772f7d2730b8c67756f	full_construct_exact_candidate_needs_native_provenance_and_mapping | 9Y4B_1 | Eukaryotic translation initiation factor 2-B (eIF2B) with a truncation in the beta subunit (active-like-state) bound to the viral effector AcP10 | 2026-06-24T00:00:00.000+00:00 | ELECTRON MICROSCOPY
H1217	9y4b	candidate			I	I	5	1-238,261-443	421	0.000000	0	false	/scratch/10992/liaorunlong93/casp16-leaderboard/diagnostics/reference_gap/refmap_candidate_mmcif/9y4b.cif	9fb6b6cdc0725dae4ea2ced7031d42669e10aadaf116e772f7d2730b8c67756f	full_construct_exact_candidate_needs_native_provenance_and_mapping | 9Y4B_1 | Eukaryotic translation initiation factor 2-B (eIF2B) with a truncation in the beta subunit (active-like-state) bound to the viral effector AcP10 | 2026-06-24T00:00:00.000+00:00 | ELECTRON MICROSCOPY
H1217	9y4b	candidate			J	J	5	1-238,261-443	421	0.000000	0	false	/scratch/10992/liaorunlong93/casp16-leaderboard/diagnostics/reference_gap/refmap_candidate_mmcif/9y4b.cif	9fb6b6cdc0725dae4ea2ced7031d42669e10aadaf116e772f7d2730b8c67756f	full_construct_exact_candidate_needs_native_provenance_and_mapping | 9Y4B_1 | Eukaryotic translation initiation factor 2-B (eIF2B) with a truncation in the beta subunit (active-like-state) bound to the viral effector AcP10 | 2026-06-24T00:00:00.000+00:00 | ELECTRON MICROSCOPY
H1217	9y4b	candidate			K	K	6	2-210	209	0.000000	0	false	/scratch/10992/liaorunlong93/casp16-leaderboard/diagnostics/reference_gap/refmap_candidate_mmcif/9y4b.cif	9fb6b6cdc0725dae4ea2ced7031d42669e10aadaf116e772f7d2730b8c67756f	full_construct_exact_candidate_needs_native_provenance_and_mapping | 9Y4B_1 | Eukaryotic translation initiation factor 2-B (eIF2B) with a truncation in the beta subunit (active-like-state) bound to the viral effector AcP10 | 2026-06-24T00:00:00.000+00:00 | ELECTRON MICROSCOPY
H1217	9y4b	candidate			L	L	6	2-210	209	0.000000	0	false	/scratch/10992/liaorunlong93/casp16-leaderboard/diagnostics/reference_gap/refmap_candidate_mmcif/9y4b.cif	9fb6b6cdc0725dae4ea2ced7031d42669e10aadaf116e772f7d2730b8c67756f	full_construct_exact_candidate_needs_native_provenance_and_mapping | 9Y4B_1 | Eukaryotic translation initiation factor 2-B (eIF2B) with a truncation in the beta subunit (active-like-state) bound to the viral effector AcP10 | 2026-06-24T00:00:00.000+00:00 | ELECTRON MICROSCOPY
H1217	9y4w	candidate			A	A	1	39-456,481-499,509-516	445	0.000000	0	false	/scratch/10992/liaorunlong93/casp16-leaderboard/diagnostics/reference_gap/refmap_candidate_mmcif/9y4w.cif	cdb9325cf4e423f836b9e6ed3e00d47e03516969cd0cde182472450f89f7458e	full_construct_exact_candidate_needs_native_provenance_and_mapping | 9Y4W_1 | Eukaryotic translation initiation factor 2-B (eIF2B) with a truncation in the beta subunit (active-like-state) asymmetrically bound to the viral effector AcP10 | 2026-06-24T00:00:00.000+00:00 | ELECTRON MICROSCOPY
H1217	9y4w	candidate			B	B	1	39-456,481-499,509-516	445	0.000000	0	false	/scratch/10992/liaorunlong93/casp16-leaderboard/diagnostics/reference_gap/refmap_candidate_mmcif/9y4w.cif	cdb9325cf4e423f836b9e6ed3e00d47e03516969cd0cde182472450f89f7458e	full_construct_exact_candidate_needs_native_provenance_and_mapping | 9Y4W_1 | Eukaryotic translation initiation factor 2-B (eIF2B) with a truncation in the beta subunit (active-like-state) asymmetrically bound to the viral effector AcP10 | 2026-06-24T00:00:00.000+00:00 | ELECTRON MICROSCOPY
H1217	9y4w	candidate			C	C	2	25-355	331	0.000000	0	false	/scratch/10992/liaorunlong93/casp16-leaderboard/diagnostics/reference_gap/refmap_candidate_mmcif/9y4w.cif	cdb9325cf4e423f836b9e6ed3e00d47e03516969cd0cde182472450f89f7458e	full_construct_exact_candidate_needs_native_provenance_and_mapping | 9Y4W_1 | Eukaryotic translation initiation factor 2-B (eIF2B) with a truncation in the beta subunit (active-like-state) asymmetrically bound to the viral effector AcP10 | 2026-06-24T00:00:00.000+00:00 | ELECTRON MICROSCOPY
H1217	9y4w	candidate			D	D	2	25-355	331	0.000000	0	false	/scratch/10992/liaorunlong93/casp16-leaderboard/diagnostics/reference_gap/refmap_candidate_mmcif/9y4w.cif	cdb9325cf4e423f836b9e6ed3e00d47e03516969cd0cde182472450f89f7458e	full_construct_exact_candidate_needs_native_provenance_and_mapping | 9Y4W_1 | Eukaryotic translation initiation factor 2-B (eIF2B) with a truncation in the beta subunit (active-like-state) asymmetrically bound to the viral effector AcP10 | 2026-06-24T00:00:00.000+00:00 | ELECTRON MICROSCOPY
H1217	9y4w	candidate			E	E	3	167-522	356	0.000000	0	false	/scratch/10992/liaorunlong93/casp16-leaderboard/diagnostics/reference_gap/refmap_candidate_mmcif/9y4w.cif	cdb9325cf4e423f836b9e6ed3e00d47e03516969cd0cde182472450f89f7458e	full_construct_exact_candidate_needs_native_provenance_and_mapping | 9Y4W_1 | Eukaryotic translation initiation factor 2-B (eIF2B) with a truncation in the beta subunit (active-like-state) asymmetrically bound to the viral effector AcP10 | 2026-06-24T00:00:00.000+00:00 | ELECTRON MICROSCOPY
H1217	9y4w	candidate			F	F	3	167-522	356	0.000000	0	false	/scratch/10992/liaorunlong93/casp16-leaderboard/diagnostics/reference_gap/refmap_candidate_mmcif/9y4w.cif	cdb9325cf4e423f836b9e6ed3e00d47e03516969cd0cde182472450f89f7458e	full_construct_exact_candidate_needs_native_provenance_and_mapping | 9Y4W_1 | Eukaryotic translation initiation factor 2-B (eIF2B) with a truncation in the beta subunit (active-like-state) asymmetrically bound to the viral effector AcP10 | 2026-06-24T00:00:00.000+00:00 | ELECTRON MICROSCOPY
H1217	9y4w	candidate			G	G	4	1-256,266-305	296	0.000000	0	false	/scratch/10992/liaorunlong93/casp16-leaderboard/diagnostics/reference_gap/refmap_candidate_mmcif/9y4w.cif	cdb9325cf4e423f836b9e6ed3e00d47e03516969cd0cde182472450f89f7458e	full_construct_exact_candidate_needs_native_provenance_and_mapping | 9Y4W_1 | Eukaryotic translation initiation factor 2-B (eIF2B) with a truncation in the beta subunit (active-like-state) asymmetrically bound to the viral effector AcP10 | 2026-06-24T00:00:00.000+00:00 | ELECTRON MICROSCOPY
H1217	9y4w	candidate			H	H	4	1-256,266-305	296	0.000000	0	false	/scratch/10992/liaorunlong93/casp16-leaderboard/diagnostics/reference_gap/refmap_candidate_mmcif/9y4w.cif	cdb9325cf4e423f836b9e6ed3e00d47e03516969cd0cde182472450f89f7458e	full_construct_exact_candidate_needs_native_provenance_and_mapping | 9Y4W_1 | Eukaryotic translation initiation factor 2-B (eIF2B) with a truncation in the beta subunit (active-like-state) asymmetrically bound to the viral effector AcP10 | 2026-06-24T00:00:00.000+00:00 | ELECTRON MICROSCOPY
H1217	9y4w	candidate			I	I	5	1-238,261-443	421	0.000000	0	false	/scratch/10992/liaorunlong93/casp16-leaderboard/diagnostics/reference_gap/refmap_candidate_mmcif/9y4w.cif	cdb9325cf4e423f836b9e6ed3e00d47e03516969cd0cde182472450f89f7458e	full_construct_exact_candidate_needs_native_provenance_and_mapping | 9Y4W_1 | Eukaryotic translation initiation factor 2-B (eIF2B) with a truncation in the beta subunit (active-like-state) asymmetrically bound to the viral effector AcP10 | 2026-06-24T00:00:00.000+00:00 | ELECTRON MICROSCOPY
H1217	9y4w	candidate			J	J	5	1-238,261-443	421	0.000000	0	false	/scratch/10992/liaorunlong93/casp16-leaderboard/diagnostics/reference_gap/refmap_candidate_mmcif/9y4w.cif	cdb9325cf4e423f836b9e6ed3e00d47e03516969cd0cde182472450f89f7458e	full_construct_exact_candidate_needs_native_provenance_and_mapping | 9Y4W_1 | Eukaryotic translation initiation factor 2-B (eIF2B) with a truncation in the beta subunit (active-like-state) asymmetrically bound to the viral effector AcP10 | 2026-06-24T00:00:00.000+00:00 | ELECTRON MICROSCOPY
H1217	9y4w	candidate			K	K	6	2-210	209	0.000000	0	false	/scratch/10992/liaorunlong93/casp16-leaderboard/diagnostics/reference_gap/refmap_candidate_mmcif/9y4w.cif	cdb9325cf4e423f836b9e6ed3e00d47e03516969cd0cde182472450f89f7458e	full_construct_exact_candidate_needs_native_provenance_and_mapping | 9Y4W_1 | Eukaryotic translation initiation factor 2-B (eIF2B) with a truncation in the beta subunit (active-like-state) asymmetrically bound to the viral effector AcP10 | 2026-06-24T00:00:00.000+00:00 | ELECTRON MICROSCOPY
H0217	6ezo	candidate			A	A	1	6-58,61-250,269-305	280	0.000000	0	false	/scratch/10992/liaorunlong93/casp16-leaderboard/diagnostics/reference_gap/refmap_candidate_mmcif/6ezo.cif	9b1e48287dbcfea1ce9906ded05285038731828a3ad687ea72f14154dcd0d972	full_construct_exact_candidate_needs_native_provenance_and_mapping | 6EZO_5 | Eukaryotic initiation factor EIF2B in complex with ISRIB | 2018-03-28T00:00:00.000+00:00 | ELECTRON MICROSCOPY
H0217	6ezo	candidate			B	B	1	6-58,61-250,269-305	280	0.000000	0	false	/scratch/10992/liaorunlong93/casp16-leaderboard/diagnostics/reference_gap/refmap_candidate_mmcif/6ezo.cif	9b1e48287dbcfea1ce9906ded05285038731828a3ad687ea72f14154dcd0d972	full_construct_exact_candidate_needs_native_provenance_and_mapping | 6EZO_5 | Eukaryotic initiation factor EIF2B in complex with ISRIB | 2018-03-28T00:00:00.000+00:00 | ELECTRON MICROSCOPY
H0217	6ezo	candidate			C	C	2	34-118,150-371	307	0.000000	0	false	/scratch/10992/liaorunlong93/casp16-leaderboard/diagnostics/reference_gap/refmap_candidate_mmcif/6ezo.cif	9b1e48287dbcfea1ce9906ded05285038731828a3ad687ea72f14154dcd0d972	full_construct_exact_candidate_needs_native_provenance_and_mapping | 6EZO_5 | Eukaryotic initiation factor EIF2B in complex with ISRIB | 2018-03-28T00:00:00.000+00:00 | ELECTRON MICROSCOPY
H0217	6ezo	candidate			D	D	2	34-119,150-371	308	0.000000	0	false	/scratch/10992/liaorunlong93/casp16-leaderboard/diagnostics/reference_gap/refmap_candidate_mmcif/6ezo.cif	9b1e48287dbcfea1ce9906ded05285038731828a3ad687ea72f14154dcd0d972	full_construct_exact_candidate_needs_native_provenance_and_mapping | 6EZO_5 | Eukaryotic initiation factor EIF2B in complex with ISRIB | 2018-03-28T00:00:00.000+00:00 | ELECTRON MICROSCOPY
H0217	6ezo	candidate			E	E	3	1-134,155-235,302-330,342-444	347	0.000000	0	false	/scratch/10992/liaorunlong93/casp16-leaderboard/diagnostics/reference_gap/refmap_candidate_mmcif/6ezo.cif	9b1e48287dbcfea1ce9906ded05285038731828a3ad687ea72f14154dcd0d972	full_construct_exact_candidate_needs_native_provenance_and_mapping | 6EZO_5 | Eukaryotic initiation factor EIF2B in complex with ISRIB | 2018-03-28T00:00:00.000+00:00 | ELECTRON MICROSCOPY
H0217	6ezo	candidate			F	F	3	1-134,155-235,302-330,342-444	347	0.000000	0	false	/scratch/10992/liaorunlong93/casp16-leaderboard/diagnostics/reference_gap/refmap_candidate_mmcif/6ezo.cif	9b1e48287dbcfea1ce9906ded05285038731828a3ad687ea72f14154dcd0d972	full_construct_exact_candidate_needs_native_provenance_and_mapping | 6EZO_5 | Eukaryotic initiation factor EIF2B in complex with ISRIB | 2018-03-28T00:00:00.000+00:00 | ELECTRON MICROSCOPY
H0217	6ezo	candidate			G	G	4	166-520	355	0.000000	0	false	/scratch/10992/liaorunlong93/casp16-leaderboard/diagnostics/reference_gap/refmap_candidate_mmcif/6ezo.cif	9b1e48287dbcfea1ce9906ded05285038731828a3ad687ea72f14154dcd0d972	full_construct_exact_candidate_needs_native_provenance_and_mapping | 6EZO_5 | Eukaryotic initiation factor EIF2B in complex with ISRIB | 2018-03-28T00:00:00.000+00:00 | ELECTRON MICROSCOPY
H0217	6ezo	candidate			H	H	4	166-518	353	0.000000	0	false	/scratch/10992/liaorunlong93/casp16-leaderboard/diagnostics/reference_gap/refmap_candidate_mmcif/6ezo.cif	9b1e48287dbcfea1ce9906ded05285038731828a3ad687ea72f14154dcd0d972	full_construct_exact_candidate_needs_native_provenance_and_mapping | 6EZO_5 | Eukaryotic initiation factor EIF2B in complex with ISRIB | 2018-03-28T00:00:00.000+00:00 | ELECTRON MICROSCOPY
H0217	6ezo	candidate			I	I	5	38-47,58-326,334-450	396	0.000000	0	false	/scratch/10992/liaorunlong93/casp16-leaderboard/diagnostics/reference_gap/refmap_candidate_mmcif/6ezo.cif	9b1e48287dbcfea1ce9906ded05285038731828a3ad687ea72f14154dcd0d972	full_construct_exact_candidate_needs_native_provenance_and_mapping | 6EZO_5 | Eukaryotic initiation factor EIF2B in complex with ISRIB | 2018-03-28T00:00:00.000+00:00 | ELECTRON MICROSCOPY
H0217	6ezo	candidate			J	J	5	40-47,58-326,334-450	394	0.000000	0	false	/scratch/10992/liaorunlong93/casp16-leaderboard/diagnostics/reference_gap/refmap_candidate_mmcif/6ezo.cif	9b1e48287dbcfea1ce9906ded05285038731828a3ad687ea72f14154dcd0d972	full_construct_exact_candidate_needs_native_provenance_and_mapping | 6EZO_5 | Eukaryotic initiation factor EIF2B in complex with ISRIB | 2018-03-28T00:00:00.000+00:00 | ELECTRON MICROSCOPY
H0217	6k71	candidate			A	A	1	4-36,44-77,91-252,270-305	265	0.000000	0	false	/scratch/10992/liaorunlong93/casp16-leaderboard/diagnostics/reference_gap/refmap_candidate_mmcif/6k71.cif	d302f40f34666e56cfc47671e3747ef3f3038339ba2cfc6af2dfb871b52950e7	full_construct_exact_candidate_needs_native_provenance_and_mapping | 6K71_5 | eIF2 - eIF2B complex | 2019-07-10T00:00:00.000+00:00 | ELECTRON MICROSCOPY
H0217	6k71	candidate			B	B	1	4-36,44-77,91-252,270-305	265	0.000000	0	false	/scratch/10992/liaorunlong93/casp16-leaderboard/diagnostics/reference_gap/refmap_candidate_mmcif/6k71.cif	d302f40f34666e56cfc47671e3747ef3f3038339ba2cfc6af2dfb871b52950e7	full_construct_exact_candidate_needs_native_provenance_and_mapping | 6K71_5 | eIF2 - eIF2B complex | 2019-07-10T00:00:00.000+00:00 | ELECTRON MICROSCOPY
H0217	6k71	candidate			C	C	2	8-98,125-351	318	0.000000	0	false	/scratch/10992/liaorunlong93/casp16-leaderboard/diagnostics/reference_gap/refmap_candidate_mmcif/6k71.cif	d302f40f34666e56cfc47671e3747ef3f3038339ba2cfc6af2dfb871b52950e7	full_construct_exact_candidate_needs_native_provenance_and_mapping | 6K71_5 | eIF2 - eIF2B complex | 2019-07-10T00:00:00.000+00:00 | ELECTRON MICROSCOPY
H0217	6k71	candidate			D	D	2	8-98,125-351	318	0.000000	0	false	/scratch/10992/liaorunlong93/casp16-leaderboard/diagnostics/reference_gap/refmap_candidate_mmcif/6k71.cif	d302f40f34666e56cfc47671e3747ef3f3038339ba2cfc6af2dfb871b52950e7	full_construct_exact_candidate_needs_native_provenance_and_mapping | 6K71_5 | eIF2 - eIF2B complex | 2019-07-10T00:00:00.000+00:00 | ELECTRON MICROSCOPY
H0217	6k71	candidate			E	E	3	1-12,26-56,61-134,155-236,239-243,260-267,272-292,342-444	336	0.000000	0	false	/scratch/10992/liaorunlong93/casp16-leaderboard/diagnostics/reference_gap/refmap_candidate_mmcif/6k71.cif	d302f40f34666e56cfc47671e3747ef3f3038339ba2cfc6af2dfb871b52950e7	full_construct_exact_candidate_needs_native_provenance_and_mapping | 6K71_5 | eIF2 - eIF2B complex | 2019-07-10T00:00:00.000+00:00 | ELECTRON MICROSCOPY
H0217	6k71	candidate			F	F	3	1-12,26-56,61-134,155-236,239-243,260-267,276-292,342-444	332	0.000000	0	false	/scratch/10992/liaorunlong93/casp16-leaderboard/diagnostics/reference_gap/refmap_candidate_mmcif/6k71.cif	d302f40f34666e56cfc47671e3747ef3f3038339ba2cfc6af2dfb871b52950e7	full_construct_exact_candidate_needs_native_provenance_and_mapping | 6K71_5 | eIF2 - eIF2B complex | 2019-07-10T00:00:00.000+00:00 | ELECTRON MICROSCOPY
H0217	6k71	candidate			G	G	4	166-522	357	0.000000	0	false	/scratch/10992/liaorunlong93/casp16-leaderboard/diagnostics/reference_gap/refmap_candidate_mmcif/6k71.cif	d302f40f34666e56cfc47671e3747ef3f3038339ba2cfc6af2dfb871b52950e7	full_construct_exact_candidate_needs_native_provenance_and_mapping | 6K71_5 | eIF2 - eIF2B complex | 2019-07-10T00:00:00.000+00:00 | ELECTRON MICROSCOPY
H0217	6k71	candidate			H	H	4	166-522	357	0.000000	0	false	/scratch/10992/liaorunlong93/casp16-leaderboard/diagnostics/reference_gap/refmap_candidate_mmcif/6k71.cif	d302f40f34666e56cfc47671e3747ef3f3038339ba2cfc6af2dfb871b52950e7	full_construct_exact_candidate_needs_native_provenance_and_mapping | 6K71_5 | eIF2 - eIF2B complex | 2019-07-10T00:00:00.000+00:00 | ELECTRON MICROSCOPY
H0217	6k71	candidate			I	I	5	41-279,285-466	421	0.000000	0	false	/scratch/10992/liaorunlong93/casp16-leaderboard/diagnostics/reference_gap/refmap_candidate_mmcif/6k71.cif	d302f40f34666e56cfc47671e3747ef3f3038339ba2cfc6af2dfb871b52950e7	full_construct_exact_candidate_needs_native_provenance_and_mapping | 6K71_5 | eIF2 - eIF2B complex | 2019-07-10T00:00:00.000+00:00 | ELECTRON MICROSCOPY
H0217	6k71	candidate			J	J	5	41-279,285-466,547-689,692-715	588	0.000000	0	false	/scratch/10992/liaorunlong93/casp16-leaderboard/diagnostics/reference_gap/refmap_candidate_mmcif/6k71.cif	d302f40f34666e56cfc47671e3747ef3f3038339ba2cfc6af2dfb871b52950e7	full_construct_exact_candidate_needs_native_provenance_and_mapping | 6K71_5 | eIF2 - eIF2B complex | 2019-07-10T00:00:00.000+00:00 | ELECTRON MICROSCOPY
H0217	6k71	candidate			K	K	6	7-271	265	0.000000	0	false	/scratch/10992/liaorunlong93/casp16-leaderboard/diagnostics/reference_gap/refmap_candidate_mmcif/6k71.cif	d302f40f34666e56cfc47671e3747ef3f3038339ba2cfc6af2dfb871b52950e7	full_construct_exact_candidate_needs_native_provenance_and_mapping | 6K71_5 | eIF2 - eIF2B complex | 2019-07-10T00:00:00.000+00:00 | ELECTRON MICROSCOPY
H0217	6k71	candidate			L	M	7	173-188	16	0.000000	0	false	/scratch/10992/liaorunlong93/casp16-leaderboard/diagnostics/reference_gap/refmap_candidate_mmcif/6k71.cif	d302f40f34666e56cfc47671e3747ef3f3038339ba2cfc6af2dfb871b52950e7	full_construct_exact_candidate_needs_native_provenance_and_mapping | 6K71_5 | eIF2 - eIF2B complex | 2019-07-10T00:00:00.000+00:00 | ELECTRON MICROSCOPY
H0217	6k71	candidate			M	P	8	40-103,119-460	406	0.000000	0	false	/scratch/10992/liaorunlong93/casp16-leaderboard/diagnostics/reference_gap/refmap_candidate_mmcif/6k71.cif	d302f40f34666e56cfc47671e3747ef3f3038339ba2cfc6af2dfb871b52950e7	full_construct_exact_candidate_needs_native_provenance_and_mapping | 6K71_5 | eIF2 - eIF2B complex | 2019-07-10T00:00:00.000+00:00 | ELECTRON MICROSCOPY
H0217	6k72	candidate			A	A	1	4-252,270-305	285	0.000000	0	false	/scratch/10992/liaorunlong93/casp16-leaderboard/diagnostics/reference_gap/refmap_candidate_mmcif/6k72.cif	74adb8c4e9b3b0680c411f0b2093a66e732c5350189dcc488186ceffe5c214ef	full_construct_exact_candidate_needs_native_provenance_and_mapping | 6K72_5 | eIF2(aP) - eIF2B complex | 2019-07-10T00:00:00.000+00:00 | ELECTRON MICROSCOPY
H0217	6k72	candidate			B	B	1	5-252,270-305	284	0.000000	0	false	/scratch/10992/liaorunlong93/casp16-leaderboard/diagnostics/reference_gap/refmap_candidate_mmcif/6k72.cif	74adb8c4e9b3b0680c411f0b2093a66e732c5350189dcc488186ceffe5c214ef	full_construct_exact_candidate_needs_native_provenance_and_mapping | 6K72_5 | eIF2(aP) - eIF2B complex | 2019-07-10T00:00:00.000+00:00 | ELECTRON MICROSCOPY
H0217	6k72	candidate			C	C	2	8-98,125-351	318	0.000000	0	false	/scratch/10992/liaorunlong93/casp16-leaderboard/diagnostics/reference_gap/refmap_candidate_mmcif/6k72.cif	74adb8c4e9b3b0680c411f0b2093a66e732c5350189dcc488186ceffe5c214ef	full_construct_exact_candidate_needs_native_provenance_and_mapping | 6K72_5 | eIF2(aP) - eIF2B complex | 2019-07-10T00:00:00.000+00:00 | ELECTRON MICROSCOPY
H0217	6k72	candidate			D	D	2	8-98,125-351	318	0.000000	0	false	/scratch/10992/liaorunlong93/casp16-leaderboard/diagnostics/reference_gap/refmap_candidate_mmcif/6k72.cif	74adb8c4e9b3b0680c411f0b2093a66e732c5350189dcc488186ceffe5c214ef	full_construct_exact_candidate_needs_native_provenance_and_mapping | 6K72_5 | eIF2(aP) - eIF2B complex | 2019-07-10T00:00:00.000+00:00 | ELECTRON MICROSCOPY
H0217	6k72	candidate			E	E	3	1-12,26-56,61-134,155-235,241-243,260-267,272-292,342-444	333	0.000000	0	false	/scratch/10992/liaorunlong93/casp16-leaderboard/diagnostics/reference_gap/refmap_candidate_mmcif/6k72.cif	74adb8c4e9b3b0680c411f0b2093a66e732c5350189dcc488186ceffe5c214ef	full_construct_exact_candidate_needs_native_provenance_and_mapping | 6K72_5 | eIF2(aP) - eIF2B complex | 2019-07-10T00:00:00.000+00:00 | ELECTRON MICROSCOPY
H0217	6k72	candidate			F	F	3	1-12,26-56,61-134,155-235,241-243,260-267,276-292,342-444	329	0.000000	0	false	/scratch/10992/liaorunlong93/casp16-leaderboard/diagnostics/reference_gap/refmap_candidate_mmcif/6k72.cif	74adb8c4e9b3b0680c411f0b2093a66e732c5350189dcc488186ceffe5c214ef	full_construct_exact_candidate_needs_native_provenance_and_mapping | 6K72_5 | eIF2(aP) - eIF2B complex | 2019-07-10T00:00:00.000+00:00 | ELECTRON MICROSCOPY
H0217	6k72	candidate			G	G	4	166-522	357	0.000000	0	false	/scratch/10992/liaorunlong93/casp16-leaderboard/diagnostics/reference_gap/refmap_candidate_mmcif/6k72.cif	74adb8c4e9b3b0680c411f0b2093a66e732c5350189dcc488186ceffe5c214ef	full_construct_exact_candidate_needs_native_provenance_and_mapping | 6K72_5 | eIF2(aP) - eIF2B complex | 2019-07-10T00:00:00.000+00:00 | ELECTRON MICROSCOPY
H0217	6k72	candidate			H	H	4	166-522	357	0.000000	0	false	/scratch/10992/liaorunlong93/casp16-leaderboard/diagnostics/reference_gap/refmap_candidate_mmcif/6k72.cif	74adb8c4e9b3b0680c411f0b2093a66e732c5350189dcc488186ceffe5c214ef	full_construct_exact_candidate_needs_native_provenance_and_mapping | 6K72_5 | eIF2(aP) - eIF2B complex | 2019-07-10T00:00:00.000+00:00 | ELECTRON MICROSCOPY
H0217	6k72	candidate			I	I	5	41-279,285-466	421	0.000000	0	false	/scratch/10992/liaorunlong93/casp16-leaderboard/diagnostics/reference_gap/refmap_candidate_mmcif/6k72.cif	74adb8c4e9b3b0680c411f0b2093a66e732c5350189dcc488186ceffe5c214ef	full_construct_exact_candidate_needs_native_provenance_and_mapping | 6K72_5 | eIF2(aP) - eIF2B complex | 2019-07-10T00:00:00.000+00:00 | ELECTRON MICROSCOPY
H0217	6k72	candidate			J	J	5	41-279,285-466	421	0.000000	0	false	/scratch/10992/liaorunlong93/casp16-leaderboard/diagnostics/reference_gap/refmap_candidate_mmcif/6k72.cif	74adb8c4e9b3b0680c411f0b2093a66e732c5350189dcc488186ceffe5c214ef	full_construct_exact_candidate_needs_native_provenance_and_mapping | 6K72_5 | eIF2(aP) - eIF2B complex | 2019-07-10T00:00:00.000+00:00 | ELECTRON MICROSCOPY
H0217	6k72	candidate			K	K	6	7-46,57-118,124-176,188-271	239	0.000000	0	false	/scratch/10992/liaorunlong93/casp16-leaderboard/diagnostics/reference_gap/refmap_candidate_mmcif/6k72.cif	74adb8c4e9b3b0680c411f0b2093a66e732c5350189dcc488186ceffe5c214ef	full_construct_exact_candidate_needs_native_provenance_and_mapping | 6K72_5 | eIF2(aP) - eIF2B complex | 2019-07-10T00:00:00.000+00:00 | ELECTRON MICROSCOPY
H0217	6k72	candidate			L	L	6	7-48,65-187	165	0.000000	0	false	/scratch/10992/liaorunlong93/casp16-leaderboard/diagnostics/reference_gap/refmap_candidate_mmcif/6k72.cif	74adb8c4e9b3b0680c411f0b2093a66e732c5350189dcc488186ceffe5c214ef	full_construct_exact_candidate_needs_native_provenance_and_mapping | 6K72_5 | eIF2(aP) - eIF2B complex | 2019-07-10T00:00:00.000+00:00 | ELECTRON MICROSCOPY
H0217	6k72	candidate			M	M	7	173-188	16	0.000000	0	false	/scratch/10992/liaorunlong93/casp16-leaderboard/diagnostics/reference_gap/refmap_candidate_mmcif/6k72.cif	74adb8c4e9b3b0680c411f0b2093a66e732c5350189dcc488186ceffe5c214ef	full_construct_exact_candidate_needs_native_provenance_and_mapping | 6K72_5 | eIF2(aP) - eIF2B complex | 2019-07-10T00:00:00.000+00:00 | ELECTRON MICROSCOPY
H0217	6k72	candidate			N	P	8	40-460	421	0.000000	0	false	/scratch/10992/liaorunlong93/casp16-leaderboard/diagnostics/reference_gap/refmap_candidate_mmcif/6k72.cif	74adb8c4e9b3b0680c411f0b2093a66e732c5350189dcc488186ceffe5c214ef	full_construct_exact_candidate_needs_native_provenance_and_mapping | 6K72_5 | eIF2(aP) - eIF2B complex | 2019-07-10T00:00:00.000+00:00 | ELECTRON MICROSCOPY
H0217	6o85	candidate			A	A	1	41-466	426	0.000000	0	false	/scratch/10992/liaorunlong93/casp16-leaderboard/diagnostics/reference_gap/refmap_candidate_mmcif/6o85.cif	bc93b8b194c02375e98e0c06f4ca76f7c55981b17668518782c794f1b2f2d33f	full_construct_exact_candidate_needs_native_provenance_and_mapping | 6O85_1 | Electron cryo-microscopy of the eukaryotic translation initiation factor 2B bound to eukaryotic translation initiation factor 2 from Homo sapiens | 2019-05-15T00:00:00.000+00:00 | ELECTRON MICROSCOPY
H0217	6o85	candidate			B	B	1	41-466,549-688,692-715	590	0.000000	0	false	/scratch/10992/liaorunlong93/casp16-leaderboard/diagnostics/reference_gap/refmap_candidate_mmcif/6o85.cif	bc93b8b194c02375e98e0c06f4ca76f7c55981b17668518782c794f1b2f2d33f	full_construct_exact_candidate_needs_native_provenance_and_mapping | 6O85_1 | Electron cryo-microscopy of the eukaryotic translation initiation factor 2B bound to eukaryotic translation initiation factor 2 from Homo sapiens | 2019-05-15T00:00:00.000+00:00 | ELECTRON MICROSCOPY
H0217	6o85	candidate			C	C	2	25-115,143-368	317	0.000000	0	false	/scratch/10992/liaorunlong93/casp16-leaderboard/diagnostics/reference_gap/refmap_candidate_mmcif/6o85.cif	bc93b8b194c02375e98e0c06f4ca76f7c55981b17668518782c794f1b2f2d33f	full_construct_exact_candidate_needs_native_provenance_and_mapping | 6O85_1 | Electron cryo-microscopy of the eukaryotic translation initiation factor 2B bound to eukaryotic translation initiation factor 2 from Homo sapiens | 2019-05-15T00:00:00.000+00:00 | ELECTRON MICROSCOPY
H0217	6o85	candidate			D	D	2	25-115,142-368	318	0.000000	0	false	/scratch/10992/liaorunlong93/casp16-leaderboard/diagnostics/reference_gap/refmap_candidate_mmcif/6o85.cif	bc93b8b194c02375e98e0c06f4ca76f7c55981b17668518782c794f1b2f2d33f	full_construct_exact_candidate_needs_native_provenance_and_mapping | 6O85_1 | Electron cryo-microscopy of the eukaryotic translation initiation factor 2B bound to eukaryotic translation initiation factor 2 from Homo sapiens | 2019-05-15T00:00:00.000+00:00 | ELECTRON MICROSCOPY
H0217	6o85	candidate			E	E	3	166-522	357	0.000000	0	false	/scratch/10992/liaorunlong93/casp16-leaderboard/diagnostics/reference_gap/refmap_candidate_mmcif/6o85.cif	bc93b8b194c02375e98e0c06f4ca76f7c55981b17668518782c794f1b2f2d33f	full_construct_exact_candidate_needs_native_provenance_and_mapping | 6O85_1 | Electron cryo-microscopy of the eukaryotic translation initiation factor 2B bound to eukaryotic translation initiation factor 2 from Homo sapiens | 2019-05-15T00:00:00.000+00:00 | ELECTRON MICROSCOPY
H0217	6o85	candidate			F	F	3	166-522	357	0.000000	0	false	/scratch/10992/liaorunlong93/casp16-leaderboard/diagnostics/reference_gap/refmap_candidate_mmcif/6o85.cif	bc93b8b194c02375e98e0c06f4ca76f7c55981b17668518782c794f1b2f2d33f	full_construct_exact_candidate_needs_native_provenance_and_mapping | 6O85_1 | Electron cryo-microscopy of the eukaryotic translation initiation factor 2B bound to eukaryotic translation initiation factor 2 from Homo sapiens | 2019-05-15T00:00:00.000+00:00 | ELECTRON MICROSCOPY
H0217	6o85	candidate			G	G	4	4-252,270-305	285	0.000000	0	false	/scratch/10992/liaorunlong93/casp16-leaderboard/diagnostics/reference_gap/refmap_candidate_mmcif/6o85.cif	bc93b8b194c02375e98e0c06f4ca76f7c55981b17668518782c794f1b2f2d33f	full_construct_exact_candidate_needs_native_provenance_and_mapping | 6O85_1 | Electron cryo-microscopy of the eukaryotic translation initiation factor 2B bound to eukaryotic translation initiation factor 2 from Homo sapiens | 2019-05-15T00:00:00.000+00:00 | ELECTRON MICROSCOPY
H0217	6o85	candidate			H	H	4	4-252,270-305	285	0.000000	0	false	/scratch/10992/liaorunlong93/casp16-leaderboard/diagnostics/reference_gap/refmap_candidate_mmcif/6o85.cif	bc93b8b194c02375e98e0c06f4ca76f7c55981b17668518782c794f1b2f2d33f	full_construct_exact_candidate_needs_native_provenance_and_mapping | 6O85_1 | Electron cryo-microscopy of the eukaryotic translation initiation factor 2B bound to eukaryotic translation initiation factor 2 from Homo sapiens | 2019-05-15T00:00:00.000+00:00 | ELECTRON MICROSCOPY
H0217	6o85	candidate			I	I	5	1-11,28-134,155-238,258-295	240	0.000000	0	false	/scratch/10992/liaorunlong93/casp16-leaderboard/diagnostics/reference_gap/refmap_candidate_mmcif/6o85.cif	bc93b8b194c02375e98e0c06f4ca76f7c55981b17668518782c794f1b2f2d33f	full_construct_exact_candidate_needs_native_provenance_and_mapping | 6O85_1 | Electron cryo-microscopy of the eukaryotic translation initiation factor 2B bound to eukaryotic translation initiation factor 2 from Homo sapiens | 2019-05-15T00:00:00.000+00:00 | ELECTRON MICROSCOPY
H0217	6o85	candidate			J	J	5	1-11,28-134,155-238,258-295	240	0.000000	0	false	/scratch/10992/liaorunlong93/casp16-leaderboard/diagnostics/reference_gap/refmap_candidate_mmcif/6o85.cif	bc93b8b194c02375e98e0c06f4ca76f7c55981b17668518782c794f1b2f2d33f	full_construct_exact_candidate_needs_native_provenance_and_mapping | 6O85_1 | Electron cryo-microscopy of the eukaryotic translation initiation factor 2B bound to eukaryotic translation initiation factor 2 from Homo sapiens | 2019-05-15T00:00:00.000+00:00 | ELECTRON MICROSCOPY
H0217	6o85	candidate			K	L	6	3-277	275	0.000000	0	false	/scratch/10992/liaorunlong93/casp16-leaderboard/diagnostics/reference_gap/refmap_candidate_mmcif/6o85.cif	bc93b8b194c02375e98e0c06f4ca76f7c55981b17668518782c794f1b2f2d33f	full_construct_exact_candidate_needs_native_provenance_and_mapping | 6O85_1 | Electron cryo-microscopy of the eukaryotic translation initiation factor 2B bound to eukaryotic translation initiation factor 2 from Homo sapiens | 2019-05-15T00:00:00.000+00:00 | ELECTRON MICROSCOPY
H0217	6o85	candidate			L	S	7	20-91,123-179,184-223,228-468	410	0.000000	0	false	/scratch/10992/liaorunlong93/casp16-leaderboard/diagnostics/reference_gap/refmap_candidate_mmcif/6o85.cif	bc93b8b194c02375e98e0c06f4ca76f7c55981b17668518782c794f1b2f2d33f	full_construct_exact_candidate_needs_native_provenance_and_mapping | 6O85_1 | Electron cryo-microscopy of the eukaryotic translation initiation factor 2B bound to eukaryotic translation initiation factor 2 from Homo sapiens | 2019-05-15T00:00:00.000+00:00 | ELECTRON MICROSCOPY
H0217	6o85	candidate			M	d	8	1-14	14	0.000000	0	false	/scratch/10992/liaorunlong93/casp16-leaderboard/diagnostics/reference_gap/refmap_candidate_mmcif/6o85.cif	bc93b8b194c02375e98e0c06f4ca76f7c55981b17668518782c794f1b2f2d33f	full_construct_exact_candidate_needs_native_provenance_and_mapping | 6O85_1 | Electron cryo-microscopy of the eukaryotic translation initiation factor 2B bound to eukaryotic translation initiation factor 2 from Homo sapiens | 2019-05-15T00:00:00.000+00:00 | ELECTRON MICROSCOPY
H0217	7d43	candidate			A	A	1	1-255,268-305	293	0.000000	0	false	/scratch/10992/liaorunlong93/casp16-leaderboard/diagnostics/reference_gap/refmap_candidate_mmcif/7d43.cif	bb24352a5c946b829ae35b7f39b8cc16d094d97cdd06c7a892eb7c826950122b	full_construct_exact_candidate_needs_native_provenance_and_mapping | 7D43_5 | eIF2B-eIF2(aP), aPg complex | 2020-12-09T00:00:00.000+00:00 | ELECTRON MICROSCOPY
H0217	7d43	candidate			B	B	1	1-253,268-305	291	0.000000	0	false	/scratch/10992/liaorunlong93/casp16-leaderboard/diagnostics/reference_gap/refmap_candidate_mmcif/7d43.cif	bb24352a5c946b829ae35b7f39b8cc16d094d97cdd06c7a892eb7c826950122b	full_construct_exact_candidate_needs_native_provenance_and_mapping | 7D43_5 | eIF2B-eIF2(aP), aPg complex | 2020-12-09T00:00:00.000+00:00 | ELECTRON MICROSCOPY
H0217	7d43	candidate			C	C	2	8-98,126-351	317	0.000000	0	false	/scratch/10992/liaorunlong93/casp16-leaderboard/diagnostics/reference_gap/refmap_candidate_mmcif/7d43.cif	bb24352a5c946b829ae35b7f39b8cc16d094d97cdd06c7a892eb7c826950122b	full_construct_exact_candidate_needs_native_provenance_and_mapping | 7D43_5 | eIF2B-eIF2(aP), aPg complex | 2020-12-09T00:00:00.000+00:00 | ELECTRON MICROSCOPY
H0217	7d43	candidate			D	D	2	8-98,119-351	324	0.000000	0	false	/scratch/10992/liaorunlong93/casp16-leaderboard/diagnostics/reference_gap/refmap_candidate_mmcif/7d43.cif	bb24352a5c946b829ae35b7f39b8cc16d094d97cdd06c7a892eb7c826950122b	full_construct_exact_candidate_needs_native_provenance_and_mapping | 7D43_5 | eIF2B-eIF2(aP), aPg complex | 2020-12-09T00:00:00.000+00:00 | ELECTRON MICROSCOPY
H0217	7d43	candidate			E	E	3	1-11,27-134,155-238,258-295,342-444	344	0.000000	0	false	/scratch/10992/liaorunlong93/casp16-leaderboard/diagnostics/reference_gap/refmap_candidate_mmcif/7d43.cif	bb24352a5c946b829ae35b7f39b8cc16d094d97cdd06c7a892eb7c826950122b	full_construct_exact_candidate_needs_native_provenance_and_mapping | 7D43_5 | eIF2B-eIF2(aP), aPg complex | 2020-12-09T00:00:00.000+00:00 | ELECTRON MICROSCOPY
H0217	7d43	candidate			F	F	3	1-11,28-134,155-238,258-295,342-444	343	0.000000	0	false	/scratch/10992/liaorunlong93/casp16-leaderboard/diagnostics/reference_gap/refmap_candidate_mmcif/7d43.cif	bb24352a5c946b829ae35b7f39b8cc16d094d97cdd06c7a892eb7c826950122b	full_construct_exact_candidate_needs_native_provenance_and_mapping | 7D43_5 | eIF2B-eIF2(aP), aPg complex | 2020-12-09T00:00:00.000+00:00 | ELECTRON MICROSCOPY
H0217	7d43	candidate			G	G	4	166-518	353	0.000000	0	false	/scratch/10992/liaorunlong93/casp16-leaderboard/diagnostics/reference_gap/refmap_candidate_mmcif/7d43.cif	bb24352a5c946b829ae35b7f39b8cc16d094d97cdd06c7a892eb7c826950122b	full_construct_exact_candidate_needs_native_provenance_and_mapping | 7D43_5 | eIF2B-eIF2(aP), aPg complex | 2020-12-09T00:00:00.000+00:00 | ELECTRON MICROSCOPY
H0217	7d43	candidate			H	H	4	166-518	353	0.000000	0	false	/scratch/10992/liaorunlong93/casp16-leaderboard/diagnostics/reference_gap/refmap_candidate_mmcif/7d43.cif	bb24352a5c946b829ae35b7f39b8cc16d094d97cdd06c7a892eb7c826950122b	full_construct_exact_candidate_needs_native_provenance_and_mapping | 7D43_5 | eIF2B-eIF2(aP), aPg complex | 2020-12-09T00:00:00.000+00:00 | ELECTRON MICROSCOPY
H0217	7d43	candidate			I	I	5	41-467	427	0.000000	0	false	/scratch/10992/liaorunlong93/casp16-leaderboard/diagnostics/reference_gap/refmap_candidate_mmcif/7d43.cif	bb24352a5c946b829ae35b7f39b8cc16d094d97cdd06c7a892eb7c826950122b	full_construct_exact_candidate_needs_native_provenance_and_mapping | 7D43_5 | eIF2B-eIF2(aP), aPg complex | 2020-12-09T00:00:00.000+00:00 | ELECTRON MICROSCOPY
H0217	7d43	candidate			J	J	5	40-468	429	0.000000	0	false	/scratch/10992/liaorunlong93/casp16-leaderboard/diagnostics/reference_gap/refmap_candidate_mmcif/7d43.cif	bb24352a5c946b829ae35b7f39b8cc16d094d97cdd06c7a892eb7c826950122b	full_construct_exact_candidate_needs_native_provenance_and_mapping | 7D43_5 | eIF2B-eIF2(aP), aPg complex | 2020-12-09T00:00:00.000+00:00 | ELECTRON MICROSCOPY
H0217	7d43	candidate			K	K	6	6-181,188-271	260	0.000000	0	false	/scratch/10992/liaorunlong93/casp16-leaderboard/diagnostics/reference_gap/refmap_candidate_mmcif/7d43.cif	bb24352a5c946b829ae35b7f39b8cc16d094d97cdd06c7a892eb7c826950122b	full_construct_exact_candidate_needs_native_provenance_and_mapping | 7D43_5 | eIF2B-eIF2(aP), aPg complex | 2020-12-09T00:00:00.000+00:00 | ELECTRON MICROSCOPY
H0217	7d43	candidate			L	L	6	6-181	176	0.000000	0	false	/scratch/10992/liaorunlong93/casp16-leaderboard/diagnostics/reference_gap/refmap_candidate_mmcif/7d43.cif	bb24352a5c946b829ae35b7f39b8cc16d094d97cdd06c7a892eb7c826950122b	full_construct_exact_candidate_needs_native_provenance_and_mapping | 7D43_5 | eIF2B-eIF2(aP), aPg complex | 2020-12-09T00:00:00.000+00:00 | ELECTRON MICROSCOPY
H0217	7d43	candidate			M	M	7	173-188	16	0.000000	0	false	/scratch/10992/liaorunlong93/casp16-leaderboard/diagnostics/reference_gap/refmap_candidate_mmcif/7d43.cif	bb24352a5c946b829ae35b7f39b8cc16d094d97cdd06c7a892eb7c826950122b	full_construct_exact_candidate_needs_native_provenance_and_mapping | 7D43_5 | eIF2B-eIF2(aP), aPg complex | 2020-12-09T00:00:00.000+00:00 | ELECTRON MICROSCOPY
H0217	7d43	candidate			N	P	8	40-460	421	0.000000	0	false	/scratch/10992/liaorunlong93/casp16-leaderboard/diagnostics/reference_gap/refmap_candidate_mmcif/7d43.cif	bb24352a5c946b829ae35b7f39b8cc16d094d97cdd06c7a892eb7c826950122b	full_construct_exact_candidate_needs_native_provenance_and_mapping | 7D43_5 | eIF2B-eIF2(aP), aPg complex | 2020-12-09T00:00:00.000+00:00 | ELECTRON MICROSCOPY
H0217	7d44	candidate			A	A	1	1-255,268-305	293	0.000000	0	false	/scratch/10992/liaorunlong93/casp16-leaderboard/diagnostics/reference_gap/refmap_candidate_mmcif/7d44.cif	94ac7979f473f4d2295626bfe9cca998dc1e138a2f770c3954685bbd289e845a	full_construct_exact_candidate_needs_native_provenance_and_mapping | 7D44_5 | eIF2B-eIF2(aP), aP2 complex | 2020-12-09T00:00:00.000+00:00 | ELECTRON MICROSCOPY
H0217	7d44	candidate			B	B	1	1-253,268-305	291	0.000000	0	false	/scratch/10992/liaorunlong93/casp16-leaderboard/diagnostics/reference_gap/refmap_candidate_mmcif/7d44.cif	94ac7979f473f4d2295626bfe9cca998dc1e138a2f770c3954685bbd289e845a	full_construct_exact_candidate_needs_native_provenance_and_mapping | 7D44_5 | eIF2B-eIF2(aP), aP2 complex | 2020-12-09T00:00:00.000+00:00 | ELECTRON MICROSCOPY
H0217	7d44	candidate			C	C	2	8-98,126-351	317	0.000000	0	false	/scratch/10992/liaorunlong93/casp16-leaderboard/diagnostics/reference_gap/refmap_candidate_mmcif/7d44.cif	94ac7979f473f4d2295626bfe9cca998dc1e138a2f770c3954685bbd289e845a	full_construct_exact_candidate_needs_native_provenance_and_mapping | 7D44_5 | eIF2B-eIF2(aP), aP2 complex | 2020-12-09T00:00:00.000+00:00 | ELECTRON MICROSCOPY
H0217	7d44	candidate			D	D	2	8-98,119-351	324	0.000000	0	false	/scratch/10992/liaorunlong93/casp16-leaderboard/diagnostics/reference_gap/refmap_candidate_mmcif/7d44.cif	94ac7979f473f4d2295626bfe9cca998dc1e138a2f770c3954685bbd289e845a	full_construct_exact_candidate_needs_native_provenance_and_mapping | 7D44_5 | eIF2B-eIF2(aP), aP2 complex | 2020-12-09T00:00:00.000+00:00 | ELECTRON MICROSCOPY
H0217	7d44	candidate			E	E	3	1-11,28-134,155-238,258-295,342-444	343	0.000000	0	false	/scratch/10992/liaorunlong93/casp16-leaderboard/diagnostics/reference_gap/refmap_candidate_mmcif/7d44.cif	94ac7979f473f4d2295626bfe9cca998dc1e138a2f770c3954685bbd289e845a	full_construct_exact_candidate_needs_native_provenance_and_mapping | 7D44_5 | eIF2B-eIF2(aP), aP2 complex | 2020-12-09T00:00:00.000+00:00 | ELECTRON MICROSCOPY
H0217	7d44	candidate			F	F	3	1-11,28-134,155-238,258-295,342-444	343	0.000000	0	false	/scratch/10992/liaorunlong93/casp16-leaderboard/diagnostics/reference_gap/refmap_candidate_mmcif/7d44.cif	94ac7979f473f4d2295626bfe9cca998dc1e138a2f770c3954685bbd289e845a	full_construct_exact_candidate_needs_native_provenance_and_mapping | 7D44_5 | eIF2B-eIF2(aP), aP2 complex | 2020-12-09T00:00:00.000+00:00 | ELECTRON MICROSCOPY
H0217	7d44	candidate			G	G	4	166-518	353	0.000000	0	false	/scratch/10992/liaorunlong93/casp16-leaderboard/diagnostics/reference_gap/refmap_candidate_mmcif/7d44.cif	94ac7979f473f4d2295626bfe9cca998dc1e138a2f770c3954685bbd289e845a	full_construct_exact_candidate_needs_native_provenance_and_mapping | 7D44_5 | eIF2B-eIF2(aP), aP2 complex | 2020-12-09T00:00:00.000+00:00 | ELECTRON MICROSCOPY
H0217	7d44	candidate			H	H	4	166-518	353	0.000000	0	false	/scratch/10992/liaorunlong93/casp16-leaderboard/diagnostics/reference_gap/refmap_candidate_mmcif/7d44.cif	94ac7979f473f4d2295626bfe9cca998dc1e138a2f770c3954685bbd289e845a	full_construct_exact_candidate_needs_native_provenance_and_mapping | 7D44_5 | eIF2B-eIF2(aP), aP2 complex | 2020-12-09T00:00:00.000+00:00 | ELECTRON MICROSCOPY
H0217	7d44	candidate			I	I	5	41-467	427	0.000000	0	false	/scratch/10992/liaorunlong93/casp16-leaderboard/diagnostics/reference_gap/refmap_candidate_mmcif/7d44.cif	94ac7979f473f4d2295626bfe9cca998dc1e138a2f770c3954685bbd289e845a	full_construct_exact_candidate_needs_native_provenance_and_mapping | 7D44_5 | eIF2B-eIF2(aP), aP2 complex | 2020-12-09T00:00:00.000+00:00 | ELECTRON MICROSCOPY
H0217	7d44	candidate			J	J	5	40-468	429	0.000000	0	false	/scratch/10992/liaorunlong93/casp16-leaderboard/diagnostics/reference_gap/refmap_candidate_mmcif/7d44.cif	94ac7979f473f4d2295626bfe9cca998dc1e138a2f770c3954685bbd289e845a	full_construct_exact_candidate_needs_native_provenance_and_mapping | 7D44_5 | eIF2B-eIF2(aP), aP2 complex | 2020-12-09T00:00:00.000+00:00 | ELECTRON MICROSCOPY
H0217	7d44	candidate			K	K	6	6-181	176	0.000000	0	false	/scratch/10992/liaorunlong93/casp16-leaderboard/diagnostics/reference_gap/refmap_candidate_mmcif/7d44.cif	94ac7979f473f4d2295626bfe9cca998dc1e138a2f770c3954685bbd289e845a	full_construct_exact_candidate_needs_native_provenance_and_mapping | 7D44_5 | eIF2B-eIF2(aP), aP2 complex | 2020-12-09T00:00:00.000+00:00 | ELECTRON MICROSCOPY
H0217	7d44	candidate			L	L	6	6-181	176	0.000000	0	false	/scratch/10992/liaorunlong93/casp16-leaderboard/diagnostics/reference_gap/refmap_candidate_mmcif/7d44.cif	94ac7979f473f4d2295626bfe9cca998dc1e138a2f770c3954685bbd289e845a	full_construct_exact_candidate_needs_native_provenance_and_mapping | 7D44_5 | eIF2B-eIF2(aP), aP2 complex | 2020-12-09T00:00:00.000+00:00 | ELECTRON MICROSCOPY
H0217	7d45	candidate			A	A	1	1-255,268-305	293	0.000000	0	false	/scratch/10992/liaorunlong93/casp16-leaderboard/diagnostics/reference_gap/refmap_candidate_mmcif/7d45.cif	2bdffa54690f13f0845528b9707bd1b4cdb5aacf70acc9a90f25443eb6cbdc4c	full_construct_exact_candidate_needs_native_provenance_and_mapping | 7D45_5 | eIF2B-eIF2(aP), aP1 complex | 2020-12-09T00:00:00.000+00:00 | ELECTRON MICROSCOPY
H0217	7d45	candidate			B	B	1	1-253,268-305	291	0.000000	0	false	/scratch/10992/liaorunlong93/casp16-leaderboard/diagnostics/reference_gap/refmap_candidate_mmcif/7d45.cif	2bdffa54690f13f0845528b9707bd1b4cdb5aacf70acc9a90f25443eb6cbdc4c	full_construct_exact_candidate_needs_native_provenance_and_mapping | 7D45_5 | eIF2B-eIF2(aP), aP1 complex | 2020-12-09T00:00:00.000+00:00 | ELECTRON MICROSCOPY
H0217	7d45	candidate			C	C	2	8-98,126-351	317	0.000000	0	false	/scratch/10992/liaorunlong93/casp16-leaderboard/diagnostics/reference_gap/refmap_candidate_mmcif/7d45.cif	2bdffa54690f13f0845528b9707bd1b4cdb5aacf70acc9a90f25443eb6cbdc4c	full_construct_exact_candidate_needs_native_provenance_and_mapping | 7D45_5 | eIF2B-eIF2(aP), aP1 complex | 2020-12-09T00:00:00.000+00:00 | ELECTRON MICROSCOPY
H0217	7d45	candidate			D	D	2	8-98,119-351	324	0.000000	0	false	/scratch/10992/liaorunlong93/casp16-leaderboard/diagnostics/reference_gap/refmap_candidate_mmcif/7d45.cif	2bdffa54690f13f0845528b9707bd1b4cdb5aacf70acc9a90f25443eb6cbdc4c	full_construct_exact_candidate_needs_native_provenance_and_mapping | 7D45_5 | eIF2B-eIF2(aP), aP1 complex | 2020-12-09T00:00:00.000+00:00 | ELECTRON MICROSCOPY
H0217	7d45	candidate			E	E	3	1-11,25-134,155-238,258-295,342-444	346	0.000000	0	false	/scratch/10992/liaorunlong93/casp16-leaderboard/diagnostics/reference_gap/refmap_candidate_mmcif/7d45.cif	2bdffa54690f13f0845528b9707bd1b4cdb5aacf70acc9a90f25443eb6cbdc4c	full_construct_exact_candidate_needs_native_provenance_and_mapping | 7D45_5 | eIF2B-eIF2(aP), aP1 complex | 2020-12-09T00:00:00.000+00:00 | ELECTRON MICROSCOPY
H0217	7d45	candidate			F	F	3	1-11,21-134,155-238,258-295,342-444	350	0.000000	0	false	/scratch/10992/liaorunlong93/casp16-leaderboard/diagnostics/reference_gap/refmap_candidate_mmcif/7d45.cif	2bdffa54690f13f0845528b9707bd1b4cdb5aacf70acc9a90f25443eb6cbdc4c	full_construct_exact_candidate_needs_native_provenance_and_mapping | 7D45_5 | eIF2B-eIF2(aP), aP1 complex | 2020-12-09T00:00:00.000+00:00 | ELECTRON MICROSCOPY
H0217	7d45	candidate			G	G	4	166-518	353	0.000000	0	false	/scratch/10992/liaorunlong93/casp16-leaderboard/diagnostics/reference_gap/refmap_candidate_mmcif/7d45.cif	2bdffa54690f13f0845528b9707bd1b4cdb5aacf70acc9a90f25443eb6cbdc4c	full_construct_exact_candidate_needs_native_provenance_and_mapping | 7D45_5 | eIF2B-eIF2(aP), aP1 complex | 2020-12-09T00:00:00.000+00:00 | ELECTRON MICROSCOPY
H0217	7d45	candidate			H	H	4	166-518	353	0.000000	0	false	/scratch/10992/liaorunlong93/casp16-leaderboard/diagnostics/reference_gap/refmap_candidate_mmcif/7d45.cif	2bdffa54690f13f0845528b9707bd1b4cdb5aacf70acc9a90f25443eb6cbdc4c	full_construct_exact_candidate_needs_native_provenance_and_mapping | 7D45_5 | eIF2B-eIF2(aP), aP1 complex | 2020-12-09T00:00:00.000+00:00 | ELECTRON MICROSCOPY
H0217	7d45	candidate			I	I	5	41-467	427	0.000000	0	false	/scratch/10992/liaorunlong93/casp16-leaderboard/diagnostics/reference_gap/refmap_candidate_mmcif/7d45.cif	2bdffa54690f13f0845528b9707bd1b4cdb5aacf70acc9a90f25443eb6cbdc4c	full_construct_exact_candidate_needs_native_provenance_and_mapping | 7D45_5 | eIF2B-eIF2(aP), aP1 complex | 2020-12-09T00:00:00.000+00:00 | ELECTRON MICROSCOPY
H0217	7d45	candidate			J	J	5	40-468	429	0.000000	0	false	/scratch/10992/liaorunlong93/casp16-leaderboard/diagnostics/reference_gap/refmap_candidate_mmcif/7d45.cif	2bdffa54690f13f0845528b9707bd1b4cdb5aacf70acc9a90f25443eb6cbdc4c	full_construct_exact_candidate_needs_native_provenance_and_mapping | 7D45_5 | eIF2B-eIF2(aP), aP1 complex | 2020-12-09T00:00:00.000+00:00 | ELECTRON MICROSCOPY
H0217	7d45	candidate			K	K	6	6-181	176	0.000000	0	false	/scratch/10992/liaorunlong93/casp16-leaderboard/diagnostics/reference_gap/refmap_candidate_mmcif/7d45.cif	2bdffa54690f13f0845528b9707bd1b4cdb5aacf70acc9a90f25443eb6cbdc4c	full_construct_exact_candidate_needs_native_provenance_and_mapping | 7D45_5 | eIF2B-eIF2(aP), aP1 complex | 2020-12-09T00:00:00.000+00:00 | ELECTRON MICROSCOPY
H0217	7d46	candidate			A	A	1	1-255,268-305	293	0.000000	0	false	/scratch/10992/liaorunlong93/casp16-leaderboard/diagnostics/reference_gap/refmap_candidate_mmcif/7d46.cif	b92cf9af4ae854f167fee731cd532786340baeb5750a08f82d24e38e7b5a39ad	full_construct_exact_candidate_needs_native_provenance_and_mapping | 7D46_5 | eIF2B apo | 2020-12-09T00:00:00.000+00:00 | ELECTRON MICROSCOPY
H0217	7d46	candidate			B	B	1	1-253,268-305	291	0.000000	0	false	/scratch/10992/liaorunlong93/casp16-leaderboard/diagnostics/reference_gap/refmap_candidate_mmcif/7d46.cif	b92cf9af4ae854f167fee731cd532786340baeb5750a08f82d24e38e7b5a39ad	full_construct_exact_candidate_needs_native_provenance_and_mapping | 7D46_5 | eIF2B apo | 2020-12-09T00:00:00.000+00:00 | ELECTRON MICROSCOPY
H0217	7d46	candidate			C	C	2	8-98,122-351	321	0.000000	0	false	/scratch/10992/liaorunlong93/casp16-leaderboard/diagnostics/reference_gap/refmap_candidate_mmcif/7d46.cif	b92cf9af4ae854f167fee731cd532786340baeb5750a08f82d24e38e7b5a39ad	full_construct_exact_candidate_needs_native_provenance_and_mapping | 7D46_5 | eIF2B apo | 2020-12-09T00:00:00.000+00:00 | ELECTRON MICROSCOPY
H0217	7d46	candidate			D	D	2	8-98,119-351	324	0.000000	0	false	/scratch/10992/liaorunlong93/casp16-leaderboard/diagnostics/reference_gap/refmap_candidate_mmcif/7d46.cif	b92cf9af4ae854f167fee731cd532786340baeb5750a08f82d24e38e7b5a39ad	full_construct_exact_candidate_needs_native_provenance_and_mapping | 7D46_5 | eIF2B apo | 2020-12-09T00:00:00.000+00:00 | ELECTRON MICROSCOPY
H0217	7d46	candidate			E	E	3	1-11,26-134,155-238,258-295,342-444	345	0.000000	0	false	/scratch/10992/liaorunlong93/casp16-leaderboard/diagnostics/reference_gap/refmap_candidate_mmcif/7d46.cif	b92cf9af4ae854f167fee731cd532786340baeb5750a08f82d24e38e7b5a39ad	full_construct_exact_candidate_needs_native_provenance_and_mapping | 7D46_5 | eIF2B apo | 2020-12-09T00:00:00.000+00:00 | ELECTRON MICROSCOPY
H0217	7d46	candidate			F	F	3	1-11,26-134,155-238,258-295,342-444	345	0.000000	0	false	/scratch/10992/liaorunlong93/casp16-leaderboard/diagnostics/reference_gap/refmap_candidate_mmcif/7d46.cif	b92cf9af4ae854f167fee731cd532786340baeb5750a08f82d24e38e7b5a39ad	full_construct_exact_candidate_needs_native_provenance_and_mapping | 7D46_5 | eIF2B apo | 2020-12-09T00:00:00.000+00:00 | ELECTRON MICROSCOPY
H0217	7d46	candidate			G	G	4	166-518	353	0.000000	0	false	/scratch/10992/liaorunlong93/casp16-leaderboard/diagnostics/reference_gap/refmap_candidate_mmcif/7d46.cif	b92cf9af4ae854f167fee731cd532786340baeb5750a08f82d24e38e7b5a39ad	full_construct_exact_candidate_needs_native_provenance_and_mapping | 7D46_5 | eIF2B apo | 2020-12-09T00:00:00.000+00:00 | ELECTRON MICROSCOPY
H0217	7d46	candidate			H	H	4	166-518	353	0.000000	0	false	/scratch/10992/liaorunlong93/casp16-leaderboard/diagnostics/reference_gap/refmap_candidate_mmcif/7d46.cif	b92cf9af4ae854f167fee731cd532786340baeb5750a08f82d24e38e7b5a39ad	full_construct_exact_candidate_needs_native_provenance_and_mapping | 7D46_5 | eIF2B apo | 2020-12-09T00:00:00.000+00:00 | ELECTRON MICROSCOPY
H0217	7d46	candidate			I	I	5	41-467	427	0.000000	0	false	/scratch/10992/liaorunlong93/casp16-leaderboard/diagnostics/reference_gap/refmap_candidate_mmcif/7d46.cif	b92cf9af4ae854f167fee731cd532786340baeb5750a08f82d24e38e7b5a39ad	full_construct_exact_candidate_needs_native_provenance_and_mapping | 7D46_5 | eIF2B apo | 2020-12-09T00:00:00.000+00:00 | ELECTRON MICROSCOPY
H0217	7d46	candidate			J	J	5	40-468	429	0.000000	0	false	/scratch/10992/liaorunlong93/casp16-leaderboard/diagnostics/reference_gap/refmap_candidate_mmcif/7d46.cif	b92cf9af4ae854f167fee731cd532786340baeb5750a08f82d24e38e7b5a39ad	full_construct_exact_candidate_needs_native_provenance_and_mapping | 7D46_5 | eIF2B apo | 2020-12-09T00:00:00.000+00:00 | ELECTRON MICROSCOPY
H0217	7f64	candidate			A	A	1	1-254,268-305	292	0.000000	0	false	/scratch/10992/liaorunlong93/casp16-leaderboard/diagnostics/reference_gap/refmap_candidate_mmcif/7f64.cif	b95dd2a0269b3244740b058e0a8d726f4b464bf3a90f5046920b320e850f7a05	full_construct_exact_candidate_needs_native_provenance_and_mapping | 7F64_5 | eIF2B-SFSV NSs | 2021-12-08T00:00:00.000+00:00 | ELECTRON MICROSCOPY
H0217	7f64	candidate			B	B	1	1-254,268-305	292	0.000000	0	false	/scratch/10992/liaorunlong93/casp16-leaderboard/diagnostics/reference_gap/refmap_candidate_mmcif/7f64.cif	b95dd2a0269b3244740b058e0a8d726f4b464bf3a90f5046920b320e850f7a05	full_construct_exact_candidate_needs_native_provenance_and_mapping | 7F64_5 | eIF2B-SFSV NSs | 2021-12-08T00:00:00.000+00:00 | ELECTRON MICROSCOPY
H0217	7f64	candidate			C	C	2	8-99,106-115,121-351	333	0.000000	0	false	/scratch/10992/liaorunlong93/casp16-leaderboard/diagnostics/reference_gap/refmap_candidate_mmcif/7f64.cif	b95dd2a0269b3244740b058e0a8d726f4b464bf3a90f5046920b320e850f7a05	full_construct_exact_candidate_needs_native_provenance_and_mapping | 7F64_5 | eIF2B-SFSV NSs | 2021-12-08T00:00:00.000+00:00 | ELECTRON MICROSCOPY
H0217	7f64	candidate			D	D	2	8-99,106-115,121-351	333	0.000000	0	false	/scratch/10992/liaorunlong93/casp16-leaderboard/diagnostics/reference_gap/refmap_candidate_mmcif/7f64.cif	b95dd2a0269b3244740b058e0a8d726f4b464bf3a90f5046920b320e850f7a05	full_construct_exact_candidate_needs_native_provenance_and_mapping | 7F64_5 | eIF2B-SFSV NSs | 2021-12-08T00:00:00.000+00:00 | ELECTRON MICROSCOPY
H0217	7f64	candidate			E	E	3	1-10,27-136,154-238,259-295	242	0.000000	0	false	/scratch/10992/liaorunlong93/casp16-leaderboard/diagnostics/reference_gap/refmap_candidate_mmcif/7f64.cif	b95dd2a0269b3244740b058e0a8d726f4b464bf3a90f5046920b320e850f7a05	full_construct_exact_candidate_needs_native_provenance_and_mapping | 7F64_5 | eIF2B-SFSV NSs | 2021-12-08T00:00:00.000+00:00 | ELECTRON MICROSCOPY
H0217	7f64	candidate			F	F	3	1-10,27-136,154-238,259-295	242	0.000000	0	false	/scratch/10992/liaorunlong93/casp16-leaderboard/diagnostics/reference_gap/refmap_candidate_mmcif/7f64.cif	b95dd2a0269b3244740b058e0a8d726f4b464bf3a90f5046920b320e850f7a05	full_construct_exact_candidate_needs_native_provenance_and_mapping | 7F64_5 | eIF2B-SFSV NSs | 2021-12-08T00:00:00.000+00:00 | ELECTRON MICROSCOPY
H0217	7f64	candidate			G	G	4	166-521	356	0.000000	0	false	/scratch/10992/liaorunlong93/casp16-leaderboard/diagnostics/reference_gap/refmap_candidate_mmcif/7f64.cif	b95dd2a0269b3244740b058e0a8d726f4b464bf3a90f5046920b320e850f7a05	full_construct_exact_candidate_needs_native_provenance_and_mapping | 7F64_5 | eIF2B-SFSV NSs | 2021-12-08T00:00:00.000+00:00 | ELECTRON MICROSCOPY
H0217	7f64	candidate			H	H	4	166-521	356	0.000000	0	false	/scratch/10992/liaorunlong93/casp16-leaderboard/diagnostics/reference_gap/refmap_candidate_mmcif/7f64.cif	b95dd2a0269b3244740b058e0a8d726f4b464bf3a90f5046920b320e850f7a05	full_construct_exact_candidate_needs_native_provenance_and_mapping | 7F64_5 | eIF2B-SFSV NSs | 2021-12-08T00:00:00.000+00:00 | ELECTRON MICROSCOPY
H0217	7f64	candidate			I	I	5	40-466	427	0.000000	0	false	/scratch/10992/liaorunlong93/casp16-leaderboard/diagnostics/reference_gap/refmap_candidate_mmcif/7f64.cif	b95dd2a0269b3244740b058e0a8d726f4b464bf3a90f5046920b320e850f7a05	full_construct_exact_candidate_needs_native_provenance_and_mapping | 7F64_5 | eIF2B-SFSV NSs | 2021-12-08T00:00:00.000+00:00 | ELECTRON MICROSCOPY
H0217	7f64	candidate			J	J	5	40-466	427	0.000000	0	false	/scratch/10992/liaorunlong93/casp16-leaderboard/diagnostics/reference_gap/refmap_candidate_mmcif/7f64.cif	b95dd2a0269b3244740b058e0a8d726f4b464bf3a90f5046920b320e850f7a05	full_construct_exact_candidate_needs_native_provenance_and_mapping | 7F64_5 | eIF2B-SFSV NSs | 2021-12-08T00:00:00.000+00:00 | ELECTRON MICROSCOPY
H0217	7f64	candidate			K	K	6	1-103,111-204	197	0.000000	0	false	/scratch/10992/liaorunlong93/casp16-leaderboard/diagnostics/reference_gap/refmap_candidate_mmcif/7f64.cif	b95dd2a0269b3244740b058e0a8d726f4b464bf3a90f5046920b320e850f7a05	full_construct_exact_candidate_needs_native_provenance_and_mapping | 7F64_5 | eIF2B-SFSV NSs | 2021-12-08T00:00:00.000+00:00 | ELECTRON MICROSCOPY
H0217	7f64	candidate			L	L	6	1-103,111-204	197	0.000000	0	false	/scratch/10992/liaorunlong93/casp16-leaderboard/diagnostics/reference_gap/refmap_candidate_mmcif/7f64.cif	b95dd2a0269b3244740b058e0a8d726f4b464bf3a90f5046920b320e850f7a05	full_construct_exact_candidate_needs_native_provenance_and_mapping | 7F64_5 | eIF2B-SFSV NSs | 2021-12-08T00:00:00.000+00:00 | ELECTRON MICROSCOPY
H0217	7f66	candidate			A	A	1	2-256,270-307	293	0.000000	0	false	/scratch/10992/liaorunlong93/casp16-leaderboard/diagnostics/reference_gap/refmap_candidate_mmcif/7f66.cif	afe4781e8250076b7cc69051e37f5e623b1bf854d8a28d129caf0e5f483c958f	full_construct_exact_candidate_needs_native_provenance_and_mapping | 7F66_5 | eIF2B-SFSV NSs-1-eIF2 | 2021-12-01T00:00:00.000+00:00 | ELECTRON MICROSCOPY
H0217	7f66	candidate			B	B	1	2-256,270-307	293	0.000000	0	false	/scratch/10992/liaorunlong93/casp16-leaderboard/diagnostics/reference_gap/refmap_candidate_mmcif/7f66.cif	afe4781e8250076b7cc69051e37f5e623b1bf854d8a28d129caf0e5f483c958f	full_construct_exact_candidate_needs_native_provenance_and_mapping | 7F66_5 | eIF2B-SFSV NSs-1-eIF2 | 2021-12-01T00:00:00.000+00:00 | ELECTRON MICROSCOPY
H0217	7f66	candidate			C	C	2	8-99,105-115,120-351	335	0.000000	0	false	/scratch/10992/liaorunlong93/casp16-leaderboard/diagnostics/reference_gap/refmap_candidate_mmcif/7f66.cif	afe4781e8250076b7cc69051e37f5e623b1bf854d8a28d129caf0e5f483c958f	full_construct_exact_candidate_needs_native_provenance_and_mapping | 7F66_5 | eIF2B-SFSV NSs-1-eIF2 | 2021-12-01T00:00:00.000+00:00 | ELECTRON MICROSCOPY
H0217	7f66	candidate			D	D	2	9-98,106-115,121-351	331	0.000000	0	false	/scratch/10992/liaorunlong93/casp16-leaderboard/diagnostics/reference_gap/refmap_candidate_mmcif/7f66.cif	afe4781e8250076b7cc69051e37f5e623b1bf854d8a28d129caf0e5f483c958f	full_construct_exact_candidate_needs_native_provenance_and_mapping | 7F66_5 | eIF2B-SFSV NSs-1-eIF2 | 2021-12-01T00:00:00.000+00:00 | ELECTRON MICROSCOPY
H0217	7f66	candidate			E	E	3	1-10,27-136,155-238,259-295	241	0.000000	0	false	/scratch/10992/liaorunlong93/casp16-leaderboard/diagnostics/reference_gap/refmap_candidate_mmcif/7f66.cif	afe4781e8250076b7cc69051e37f5e623b1bf854d8a28d129caf0e5f483c958f	full_construct_exact_candidate_needs_native_provenance_and_mapping | 7F66_5 | eIF2B-SFSV NSs-1-eIF2 | 2021-12-01T00:00:00.000+00:00 | ELECTRON MICROSCOPY
H0217	7f66	candidate			F	F	3	1-10,23-136,154-238,259-295	246	0.000000	0	false	/scratch/10992/liaorunlong93/casp16-leaderboard/diagnostics/reference_gap/refmap_candidate_mmcif/7f66.cif	afe4781e8250076b7cc69051e37f5e623b1bf854d8a28d129caf0e5f483c958f	full_construct_exact_candidate_needs_native_provenance_and_mapping | 7F66_5 | eIF2B-SFSV NSs-1-eIF2 | 2021-12-01T00:00:00.000+00:00 | ELECTRON MICROSCOPY
H0217	7f66	candidate			G	G	4	166-521	356	0.000000	0	false	/scratch/10992/liaorunlong93/casp16-leaderboard/diagnostics/reference_gap/refmap_candidate_mmcif/7f66.cif	afe4781e8250076b7cc69051e37f5e623b1bf854d8a28d129caf0e5f483c958f	full_construct_exact_candidate_needs_native_provenance_and_mapping | 7F66_5 | eIF2B-SFSV NSs-1-eIF2 | 2021-12-01T00:00:00.000+00:00 | ELECTRON MICROSCOPY
H0217	7f66	candidate			H	H	4	166-520	355	0.000000	0	false	/scratch/10992/liaorunlong93/casp16-leaderboard/diagnostics/reference_gap/refmap_candidate_mmcif/7f66.cif	afe4781e8250076b7cc69051e37f5e623b1bf854d8a28d129caf0e5f483c958f	full_construct_exact_candidate_needs_native_provenance_and_mapping | 7F66_5 | eIF2B-SFSV NSs-1-eIF2 | 2021-12-01T00:00:00.000+00:00 | ELECTRON MICROSCOPY
H0217	7f66	candidate			I	I	5	40-466	427	0.000000	0	false	/scratch/10992/liaorunlong93/casp16-leaderboard/diagnostics/reference_gap/refmap_candidate_mmcif/7f66.cif	afe4781e8250076b7cc69051e37f5e623b1bf854d8a28d129caf0e5f483c958f	full_construct_exact_candidate_needs_native_provenance_and_mapping | 7F66_5 | eIF2B-SFSV NSs-1-eIF2 | 2021-12-01T00:00:00.000+00:00 | ELECTRON MICROSCOPY
H0217	7f66	candidate			J	J	5	40-466,549-688,692-715	591	0.000000	0	false	/scratch/10992/liaorunlong93/casp16-leaderboard/diagnostics/reference_gap/refmap_candidate_mmcif/7f66.cif	afe4781e8250076b7cc69051e37f5e623b1bf854d8a28d129caf0e5f483c958f	full_construct_exact_candidate_needs_native_provenance_and_mapping | 7F66_5 | eIF2B-SFSV NSs-1-eIF2 | 2021-12-01T00:00:00.000+00:00 | ELECTRON MICROSCOPY
H0217	7f66	candidate			K	K	6	1-103,111-204	197	0.000000	0	false	/scratch/10992/liaorunlong93/casp16-leaderboard/diagnostics/reference_gap/refmap_candidate_mmcif/7f66.cif	afe4781e8250076b7cc69051e37f5e623b1bf854d8a28d129caf0e5f483c958f	full_construct_exact_candidate_needs_native_provenance_and_mapping | 7F66_5 | eIF2B-SFSV NSs-1-eIF2 | 2021-12-01T00:00:00.000+00:00 | ELECTRON MICROSCOPY
H0217	7f66	candidate			L	L	6	1-103,111-204	197	0.000000	0	false	/scratch/10992/liaorunlong93/casp16-leaderboard/diagnostics/reference_gap/refmap_candidate_mmcif/7f66.cif	afe4781e8250076b7cc69051e37f5e623b1bf854d8a28d129caf0e5f483c958f	full_construct_exact_candidate_needs_native_provenance_and_mapping | 7F66_5 | eIF2B-SFSV NSs-1-eIF2 | 2021-12-01T00:00:00.000+00:00 | ELECTRON MICROSCOPY
H0217	7f66	candidate			M	N	7	4-278	275	0.000000	0	false	/scratch/10992/liaorunlong93/casp16-leaderboard/diagnostics/reference_gap/refmap_candidate_mmcif/7f66.cif	afe4781e8250076b7cc69051e37f5e623b1bf854d8a28d129caf0e5f483c958f	full_construct_exact_candidate_needs_native_provenance_and_mapping | 7F66_5 | eIF2B-SFSV NSs-1-eIF2 | 2021-12-01T00:00:00.000+00:00 | ELECTRON MICROSCOPY
H0217	7f66	candidate			N	O	8	1-14	14	0.000000	0	false	/scratch/10992/liaorunlong93/casp16-leaderboard/diagnostics/reference_gap/refmap_candidate_mmcif/7f66.cif	afe4781e8250076b7cc69051e37f5e623b1bf854d8a28d129caf0e5f483c958f	full_construct_exact_candidate_needs_native_provenance_and_mapping | 7F66_5 | eIF2B-SFSV NSs-1-eIF2 | 2021-12-01T00:00:00.000+00:00 | ELECTRON MICROSCOPY
H0217	7f66	candidate			O	S	9	20-91,123-179,184-223,228-468	410	0.000000	0	false	/scratch/10992/liaorunlong93/casp16-leaderboard/diagnostics/reference_gap/refmap_candidate_mmcif/7f66.cif	afe4781e8250076b7cc69051e37f5e623b1bf854d8a28d129caf0e5f483c958f	full_construct_exact_candidate_needs_native_provenance_and_mapping | 7F66_5 | eIF2B-SFSV NSs-1-eIF2 | 2021-12-01T00:00:00.000+00:00 | ELECTRON MICROSCOPY
H0217	7f67	candidate			A	A	1	1-254,268-305	292	0.000000	0	false	/scratch/10992/liaorunlong93/casp16-leaderboard/diagnostics/reference_gap/refmap_candidate_mmcif/7f67.cif	d4ffdd588833c780ee263b1eb309005a6bb6599cdccd08a14ecc66a2b68bb762	full_construct_exact_candidate_needs_native_provenance_and_mapping | 7F67_5 | eIF2B-SFSV NSs-2-eIF2 | 2021-12-01T00:00:00.000+00:00 | ELECTRON MICROSCOPY
H0217	7f67	candidate			B	B	1	1-254,268-305	292	0.000000	0	false	/scratch/10992/liaorunlong93/casp16-leaderboard/diagnostics/reference_gap/refmap_candidate_mmcif/7f67.cif	d4ffdd588833c780ee263b1eb309005a6bb6599cdccd08a14ecc66a2b68bb762	full_construct_exact_candidate_needs_native_provenance_and_mapping | 7F67_5 | eIF2B-SFSV NSs-2-eIF2 | 2021-12-01T00:00:00.000+00:00 | ELECTRON MICROSCOPY
H0217	7f67	candidate			C	C	2	8-99,106-115,127-351	327	0.000000	0	false	/scratch/10992/liaorunlong93/casp16-leaderboard/diagnostics/reference_gap/refmap_candidate_mmcif/7f67.cif	d4ffdd588833c780ee263b1eb309005a6bb6599cdccd08a14ecc66a2b68bb762	full_construct_exact_candidate_needs_native_provenance_and_mapping | 7F67_5 | eIF2B-SFSV NSs-2-eIF2 | 2021-12-01T00:00:00.000+00:00 | ELECTRON MICROSCOPY
H0217	7f67	candidate			D	D	2	9-98,106-115,127-351	325	0.000000	0	false	/scratch/10992/liaorunlong93/casp16-leaderboard/diagnostics/reference_gap/refmap_candidate_mmcif/7f67.cif	d4ffdd588833c780ee263b1eb309005a6bb6599cdccd08a14ecc66a2b68bb762	full_construct_exact_candidate_needs_native_provenance_and_mapping | 7F67_5 | eIF2B-SFSV NSs-2-eIF2 | 2021-12-01T00:00:00.000+00:00 | ELECTRON MICROSCOPY
H0217	7f67	candidate			E	E	3	1-10,27-136,155-238,259-295	241	0.000000	0	false	/scratch/10992/liaorunlong93/casp16-leaderboard/diagnostics/reference_gap/refmap_candidate_mmcif/7f67.cif	d4ffdd588833c780ee263b1eb309005a6bb6599cdccd08a14ecc66a2b68bb762	full_construct_exact_candidate_needs_native_provenance_and_mapping | 7F67_5 | eIF2B-SFSV NSs-2-eIF2 | 2021-12-01T00:00:00.000+00:00 | ELECTRON MICROSCOPY
H0217	7f67	candidate			F	F	3	1-9,28-134,154-238,259-295	238	0.000000	0	false	/scratch/10992/liaorunlong93/casp16-leaderboard/diagnostics/reference_gap/refmap_candidate_mmcif/7f67.cif	d4ffdd588833c780ee263b1eb309005a6bb6599cdccd08a14ecc66a2b68bb762	full_construct_exact_candidate_needs_native_provenance_and_mapping | 7F67_5 | eIF2B-SFSV NSs-2-eIF2 | 2021-12-01T00:00:00.000+00:00 | ELECTRON MICROSCOPY
H0217	7f67	candidate			G	G	4	166-521	356	0.000000	0	false	/scratch/10992/liaorunlong93/casp16-leaderboard/diagnostics/reference_gap/refmap_candidate_mmcif/7f67.cif	d4ffdd588833c780ee263b1eb309005a6bb6599cdccd08a14ecc66a2b68bb762	full_construct_exact_candidate_needs_native_provenance_and_mapping | 7F67_5 | eIF2B-SFSV NSs-2-eIF2 | 2021-12-01T00:00:00.000+00:00 | ELECTRON MICROSCOPY
H0217	7f67	candidate			H	H	4	166-520	355	0.000000	0	false	/scratch/10992/liaorunlong93/casp16-leaderboard/diagnostics/reference_gap/refmap_candidate_mmcif/7f67.cif	d4ffdd588833c780ee263b1eb309005a6bb6599cdccd08a14ecc66a2b68bb762	full_construct_exact_candidate_needs_native_provenance_and_mapping | 7F67_5 | eIF2B-SFSV NSs-2-eIF2 | 2021-12-01T00:00:00.000+00:00 | ELECTRON MICROSCOPY
H0217	7f67	candidate			I	I	5	40-466,549-688,692-715	591	0.000000	0	false	/scratch/10992/liaorunlong93/casp16-leaderboard/diagnostics/reference_gap/refmap_candidate_mmcif/7f67.cif	d4ffdd588833c780ee263b1eb309005a6bb6599cdccd08a14ecc66a2b68bb762	full_construct_exact_candidate_needs_native_provenance_and_mapping | 7F67_5 | eIF2B-SFSV NSs-2-eIF2 | 2021-12-01T00:00:00.000+00:00 | ELECTRON MICROSCOPY
H0217	7f67	candidate			J	J	5	40-466,549-688,692-715	591	0.000000	0	false	/scratch/10992/liaorunlong93/casp16-leaderboard/diagnostics/reference_gap/refmap_candidate_mmcif/7f67.cif	d4ffdd588833c780ee263b1eb309005a6bb6599cdccd08a14ecc66a2b68bb762	full_construct_exact_candidate_needs_native_provenance_and_mapping | 7F67_5 | eIF2B-SFSV NSs-2-eIF2 | 2021-12-01T00:00:00.000+00:00 | ELECTRON MICROSCOPY
H0217	7f67	candidate			K	K	6	1-14,22-103,111-204	190	0.000000	0	false	/scratch/10992/liaorunlong93/casp16-leaderboard/diagnostics/reference_gap/refmap_candidate_mmcif/7f67.cif	d4ffdd588833c780ee263b1eb309005a6bb6599cdccd08a14ecc66a2b68bb762	full_construct_exact_candidate_needs_native_provenance_and_mapping | 7F67_5 | eIF2B-SFSV NSs-2-eIF2 | 2021-12-01T00:00:00.000+00:00 | ELECTRON MICROSCOPY
H0217	7f67	candidate			L	L	6	1-14,22-103,111-204	190	0.000000	0	false	/scratch/10992/liaorunlong93/casp16-leaderboard/diagnostics/reference_gap/refmap_candidate_mmcif/7f67.cif	d4ffdd588833c780ee263b1eb309005a6bb6599cdccd08a14ecc66a2b68bb762	full_construct_exact_candidate_needs_native_provenance_and_mapping | 7F67_5 | eIF2B-SFSV NSs-2-eIF2 | 2021-12-01T00:00:00.000+00:00 | ELECTRON MICROSCOPY
H0217	7f67	candidate			M	N	7	4-278	275	0.000000	0	false	/scratch/10992/liaorunlong93/casp16-leaderboard/diagnostics/reference_gap/refmap_candidate_mmcif/7f67.cif	d4ffdd588833c780ee263b1eb309005a6bb6599cdccd08a14ecc66a2b68bb762	full_construct_exact_candidate_needs_native_provenance_and_mapping | 7F67_5 | eIF2B-SFSV NSs-2-eIF2 | 2021-12-01T00:00:00.000+00:00 | ELECTRON MICROSCOPY
H0217	7f67	candidate			N	O	8	1-14	14	0.000000	0	false	/scratch/10992/liaorunlong93/casp16-leaderboard/diagnostics/reference_gap/refmap_candidate_mmcif/7f67.cif	d4ffdd588833c780ee263b1eb309005a6bb6599cdccd08a14ecc66a2b68bb762	full_construct_exact_candidate_needs_native_provenance_and_mapping | 7F67_5 | eIF2B-SFSV NSs-2-eIF2 | 2021-12-01T00:00:00.000+00:00 | ELECTRON MICROSCOPY
H0217	7f67	candidate			O	S	9	20-91,123-179,184-223,228-468	410	0.000000	0	false	/scratch/10992/liaorunlong93/casp16-leaderboard/diagnostics/reference_gap/refmap_candidate_mmcif/7f67.cif	d4ffdd588833c780ee263b1eb309005a6bb6599cdccd08a14ecc66a2b68bb762	full_construct_exact_candidate_needs_native_provenance_and_mapping | 7F67_5 | eIF2B-SFSV NSs-2-eIF2 | 2021-12-01T00:00:00.000+00:00 | ELECTRON MICROSCOPY
H0217	7f67	candidate			P	Q	7	4-278	275	0.000000	0	false	/scratch/10992/liaorunlong93/casp16-leaderboard/diagnostics/reference_gap/refmap_candidate_mmcif/7f67.cif	d4ffdd588833c780ee263b1eb309005a6bb6599cdccd08a14ecc66a2b68bb762	full_construct_exact_candidate_needs_native_provenance_and_mapping | 7F67_5 | eIF2B-SFSV NSs-2-eIF2 | 2021-12-01T00:00:00.000+00:00 | ELECTRON MICROSCOPY
H0217	7f67	candidate			Q	R	8	1-14	14	0.000000	0	false	/scratch/10992/liaorunlong93/casp16-leaderboard/diagnostics/reference_gap/refmap_candidate_mmcif/7f67.cif	d4ffdd588833c780ee263b1eb309005a6bb6599cdccd08a14ecc66a2b68bb762	full_construct_exact_candidate_needs_native_provenance_and_mapping | 7F67_5 | eIF2B-SFSV NSs-2-eIF2 | 2021-12-01T00:00:00.000+00:00 | ELECTRON MICROSCOPY
H0217	7f67	candidate			R	T	9	20-91,123-179,184-223,228-468	410	0.000000	0	false	/scratch/10992/liaorunlong93/casp16-leaderboard/diagnostics/reference_gap/refmap_candidate_mmcif/7f67.cif	d4ffdd588833c780ee263b1eb309005a6bb6599cdccd08a14ecc66a2b68bb762	full_construct_exact_candidate_needs_native_provenance_and_mapping | 7F67_5 | eIF2B-SFSV NSs-2-eIF2 | 2021-12-01T00:00:00.000+00:00 | ELECTRON MICROSCOPY
H0217	7kmf	candidate			A	C	1	25-113,142-367	315	0.000000	0	false	/scratch/10992/liaorunlong93/casp16-leaderboard/diagnostics/reference_gap/refmap_candidate_mmcif/7kmf.cif	d8064b1f7d7aba9f472c4453c344f970bd26d1efb0b52f76e56fad08d49f13b3	full_construct_exact_candidate_needs_native_provenance_and_mapping | 7KMF_4 | Sugar phosphate activation of the stress sensor eIF2B | 2021-07-14T00:00:00.000+00:00 | ELECTRON MICROSCOPY
H0217	7kmf	candidate			B	D	1	25-42,45-113,141-367	314	0.000000	0	false	/scratch/10992/liaorunlong93/casp16-leaderboard/diagnostics/reference_gap/refmap_candidate_mmcif/7kmf.cif	d8064b1f7d7aba9f472c4453c344f970bd26d1efb0b52f76e56fad08d49f13b3	full_construct_exact_candidate_needs_native_provenance_and_mapping | 7KMF_4 | Sugar phosphate activation of the stress sensor eIF2B | 2021-07-14T00:00:00.000+00:00 | ELECTRON MICROSCOPY
H0217	7kmf	candidate			C	F	2	179-187,192-242,248-289,294-466,471-520	325	0.000000	0	false	/scratch/10992/liaorunlong93/casp16-leaderboard/diagnostics/reference_gap/refmap_candidate_mmcif/7kmf.cif	d8064b1f7d7aba9f472c4453c344f970bd26d1efb0b52f76e56fad08d49f13b3	full_construct_exact_candidate_needs_native_provenance_and_mapping | 7KMF_4 | Sugar phosphate activation of the stress sensor eIF2B | 2021-07-14T00:00:00.000+00:00 | ELECTRON MICROSCOPY
H0217	7kmf	candidate			D	E	2	179-187,191-242,248-289,292-467,470-520	330	0.000000	0	false	/scratch/10992/liaorunlong93/casp16-leaderboard/diagnostics/reference_gap/refmap_candidate_mmcif/7kmf.cif	d8064b1f7d7aba9f472c4453c344f970bd26d1efb0b52f76e56fad08d49f13b3	full_construct_exact_candidate_needs_native_provenance_and_mapping | 7KMF_4 | Sugar phosphate activation of the stress sensor eIF2B | 2021-07-14T00:00:00.000+00:00 | ELECTRON MICROSCOPY
H0217	7kmf	candidate			E	H	3	3-36,41-80,88-254,266-304	280	0.000000	0	false	/scratch/10992/liaorunlong93/casp16-leaderboard/diagnostics/reference_gap/refmap_candidate_mmcif/7kmf.cif	d8064b1f7d7aba9f472c4453c344f970bd26d1efb0b52f76e56fad08d49f13b3	full_construct_exact_candidate_needs_native_provenance_and_mapping | 7KMF_4 | Sugar phosphate activation of the stress sensor eIF2B | 2021-07-14T00:00:00.000+00:00 | ELECTRON MICROSCOPY
H0217	7kmf	candidate			F	G	3	3-36,42-254,266-305	287	0.000000	0	false	/scratch/10992/liaorunlong93/casp16-leaderboard/diagnostics/reference_gap/refmap_candidate_mmcif/7kmf.cif	d8064b1f7d7aba9f472c4453c344f970bd26d1efb0b52f76e56fad08d49f13b3	full_construct_exact_candidate_needs_native_provenance_and_mapping | 7KMF_4 | Sugar phosphate activation of the stress sensor eIF2B | 2021-07-14T00:00:00.000+00:00 | ELECTRON MICROSCOPY
H0217	7kmf	candidate			G	B	4	41-231,238-279,285-464	413	0.000000	0	false	/scratch/10992/liaorunlong93/casp16-leaderboard/diagnostics/reference_gap/refmap_candidate_mmcif/7kmf.cif	d8064b1f7d7aba9f472c4453c344f970bd26d1efb0b52f76e56fad08d49f13b3	full_construct_exact_candidate_needs_native_provenance_and_mapping | 7KMF_4 | Sugar phosphate activation of the stress sensor eIF2B | 2021-07-14T00:00:00.000+00:00 | ELECTRON MICROSCOPY
H0217	7kmf	candidate			H	I	4	41-232,238-279,285-466	416	0.000000	0	false	/scratch/10992/liaorunlong93/casp16-leaderboard/diagnostics/reference_gap/refmap_candidate_mmcif/7kmf.cif	d8064b1f7d7aba9f472c4453c344f970bd26d1efb0b52f76e56fad08d49f13b3	full_construct_exact_candidate_needs_native_provenance_and_mapping | 7KMF_4 | Sugar phosphate activation of the stress sensor eIF2B | 2021-07-14T00:00:00.000+00:00 | ELECTRON MICROSCOPY
H0217	7kmf	candidate			I	J	5	1-9,36-54,75-79,87-133,155-171,174-214,226-237,240-243,260-267	162	0.000000	0	false	/scratch/10992/liaorunlong93/casp16-leaderboard/diagnostics/reference_gap/refmap_candidate_mmcif/7kmf.cif	d8064b1f7d7aba9f472c4453c344f970bd26d1efb0b52f76e56fad08d49f13b3	full_construct_exact_candidate_needs_native_provenance_and_mapping | 7KMF_4 | Sugar phosphate activation of the stress sensor eIF2B | 2021-07-14T00:00:00.000+00:00 | ELECTRON MICROSCOPY
H0217	7kmf	candidate			J	K	5	1-9,36-44,48-53,75-78,87-133,155-217,226-237,240-243,259-267	163	0.000000	0	false	/scratch/10992/liaorunlong93/casp16-leaderboard/diagnostics/reference_gap/refmap_candidate_mmcif/7kmf.cif	d8064b1f7d7aba9f472c4453c344f970bd26d1efb0b52f76e56fad08d49f13b3	full_construct_exact_candidate_needs_native_provenance_and_mapping | 7KMF_4 | Sugar phosphate activation of the stress sensor eIF2B | 2021-07-14T00:00:00.000+00:00 | ELECTRON MICROSCOPY
H0217	7rlo	candidate			A	A	1	41-279,285-459	414	0.000000	0	false	/scratch/10992/liaorunlong93/casp16-leaderboard/diagnostics/reference_gap/refmap_candidate_mmcif/7rlo.cif	aeb32f20ec9b4cae68e0bd3d3cfa981f59a039cb2b76fa2f57fdb198059d2534	full_construct_exact_candidate_needs_native_provenance_and_mapping | 7RLO_1 | Structure of the human eukaryotic translation initiation factor 2B (eIF2B) in complex with a viral protein NSs | 2021-12-22T00:00:00.000+00:00 | ELECTRON MICROSCOPY
H0217	7rlo	candidate			B	B	1	41-279,285-459	414	0.000000	0	false	/scratch/10992/liaorunlong93/casp16-leaderboard/diagnostics/reference_gap/refmap_candidate_mmcif/7rlo.cif	aeb32f20ec9b4cae68e0bd3d3cfa981f59a039cb2b76fa2f57fdb198059d2534	full_construct_exact_candidate_needs_native_provenance_and_mapping | 7RLO_1 | Structure of the human eukaryotic translation initiation factor 2B (eIF2B) in complex with a viral protein NSs | 2021-12-22T00:00:00.000+00:00 | ELECTRON MICROSCOPY
H0217	7rlo	candidate			C	C	2	8-98,106-115,120-351	333	0.000000	0	false	/scratch/10992/liaorunlong93/casp16-leaderboard/diagnostics/reference_gap/refmap_candidate_mmcif/7rlo.cif	aeb32f20ec9b4cae68e0bd3d3cfa981f59a039cb2b76fa2f57fdb198059d2534	full_construct_exact_candidate_needs_native_provenance_and_mapping | 7RLO_1 | Structure of the human eukaryotic translation initiation factor 2B (eIF2B) in complex with a viral protein NSs | 2021-12-22T00:00:00.000+00:00 | ELECTRON MICROSCOPY
H0217	7rlo	candidate			D	D	2	8-98,106-115,120-351	333	0.000000	0	false	/scratch/10992/liaorunlong93/casp16-leaderboard/diagnostics/reference_gap/refmap_candidate_mmcif/7rlo.cif	aeb32f20ec9b4cae68e0bd3d3cfa981f59a039cb2b76fa2f57fdb198059d2534	full_construct_exact_candidate_needs_native_provenance_and_mapping | 7RLO_1 | Structure of the human eukaryotic translation initiation factor 2B (eIF2B) in complex with a viral protein NSs | 2021-12-22T00:00:00.000+00:00 | ELECTRON MICROSCOPY
H0217	7rlo	candidate			E	E	3	167-519	353	0.000000	0	false	/scratch/10992/liaorunlong93/casp16-leaderboard/diagnostics/reference_gap/refmap_candidate_mmcif/7rlo.cif	aeb32f20ec9b4cae68e0bd3d3cfa981f59a039cb2b76fa2f57fdb198059d2534	full_construct_exact_candidate_needs_native_provenance_and_mapping | 7RLO_1 | Structure of the human eukaryotic translation initiation factor 2B (eIF2B) in complex with a viral protein NSs | 2021-12-22T00:00:00.000+00:00 | ELECTRON MICROSCOPY
H0217	7rlo	candidate			F	F	3	167-519	353	0.000000	0	false	/scratch/10992/liaorunlong93/casp16-leaderboard/diagnostics/reference_gap/refmap_candidate_mmcif/7rlo.cif	aeb32f20ec9b4cae68e0bd3d3cfa981f59a039cb2b76fa2f57fdb198059d2534	full_construct_exact_candidate_needs_native_provenance_and_mapping | 7RLO_1 | Structure of the human eukaryotic translation initiation factor 2B (eIF2B) in complex with a viral protein NSs | 2021-12-22T00:00:00.000+00:00 | ELECTRON MICROSCOPY
H0217	7rlo	candidate			G	G	4	5-252,270-305	284	0.000000	0	false	/scratch/10992/liaorunlong93/casp16-leaderboard/diagnostics/reference_gap/refmap_candidate_mmcif/7rlo.cif	aeb32f20ec9b4cae68e0bd3d3cfa981f59a039cb2b76fa2f57fdb198059d2534	full_construct_exact_candidate_needs_native_provenance_and_mapping | 7RLO_1 | Structure of the human eukaryotic translation initiation factor 2B (eIF2B) in complex with a viral protein NSs | 2021-12-22T00:00:00.000+00:00 | ELECTRON MICROSCOPY
H0217	7rlo	candidate			H	H	4	5-252,270-305	284	0.000000	0	false	/scratch/10992/liaorunlong93/casp16-leaderboard/diagnostics/reference_gap/refmap_candidate_mmcif/7rlo.cif	aeb32f20ec9b4cae68e0bd3d3cfa981f59a039cb2b76fa2f57fdb198059d2534	full_construct_exact_candidate_needs_native_provenance_and_mapping | 7RLO_1 | Structure of the human eukaryotic translation initiation factor 2B (eIF2B) in complex with a viral protein NSs | 2021-12-22T00:00:00.000+00:00 | ELECTRON MICROSCOPY
H0217	7rlo	candidate			I	I	5	1-10,24-61,71-79,83-136,155-235,261-268,297-334	238	0.000000	0	false	/scratch/10992/liaorunlong93/casp16-leaderboard/diagnostics/reference_gap/refmap_candidate_mmcif/7rlo.cif	aeb32f20ec9b4cae68e0bd3d3cfa981f59a039cb2b76fa2f57fdb198059d2534	full_construct_exact_candidate_needs_native_provenance_and_mapping | 7RLO_1 | Structure of the human eukaryotic translation initiation factor 2B (eIF2B) in complex with a viral protein NSs | 2021-12-22T00:00:00.000+00:00 | ELECTRON MICROSCOPY
H0217	7rlo	candidate			J	J	5	1-10,24-61,71-78,84-136,155-235,297-334	228	0.000000	0	false	/scratch/10992/liaorunlong93/casp16-leaderboard/diagnostics/reference_gap/refmap_candidate_mmcif/7rlo.cif	aeb32f20ec9b4cae68e0bd3d3cfa981f59a039cb2b76fa2f57fdb198059d2534	full_construct_exact_candidate_needs_native_provenance_and_mapping | 7RLO_1 | Structure of the human eukaryotic translation initiation factor 2B (eIF2B) in complex with a viral protein NSs | 2021-12-22T00:00:00.000+00:00 | ELECTRON MICROSCOPY
H0217	7rlo	candidate			K	K	6	1-208,217-226	218	0.000000	0	false	/scratch/10992/liaorunlong93/casp16-leaderboard/diagnostics/reference_gap/refmap_candidate_mmcif/7rlo.cif	aeb32f20ec9b4cae68e0bd3d3cfa981f59a039cb2b76fa2f57fdb198059d2534	full_construct_exact_candidate_needs_native_provenance_and_mapping | 7RLO_1 | Structure of the human eukaryotic translation initiation factor 2B (eIF2B) in complex with a viral protein NSs | 2021-12-22T00:00:00.000+00:00 | ELECTRON MICROSCOPY
H0217	7rlo	candidate			L	L	6	1-208,217-226	218	0.000000	0	false	/scratch/10992/liaorunlong93/casp16-leaderboard/diagnostics/reference_gap/refmap_candidate_mmcif/7rlo.cif	aeb32f20ec9b4cae68e0bd3d3cfa981f59a039cb2b76fa2f57fdb198059d2534	full_construct_exact_candidate_needs_native_provenance_and_mapping | 7RLO_1 | Structure of the human eukaryotic translation initiation factor 2B (eIF2B) in complex with a viral protein NSs | 2021-12-22T00:00:00.000+00:00 | ELECTRON MICROSCOPY
H0217	7trj	candidate			A	A	1	41-279,285-459	414	0.000000	0	false	/scratch/10992/liaorunlong93/casp16-leaderboard/diagnostics/reference_gap/refmap_candidate_mmcif/7trj.cif	7aa805f87e5c0a37ef0906ce74d7c4441dd416e49509b74d14c47448ee249a92	full_construct_exact_candidate_needs_native_provenance_and_mapping | 7TRJ_1 | The eukaryotic translation initiation factor 2B from Homo sapiens with a H160D mutation in the beta subunit | 2022-04-27T00:00:00.000+00:00 | ELECTRON MICROSCOPY
H0217	7trj	candidate			B	D	2	8-98,108-113,120-351	329	0.000000	0	false	/scratch/10992/liaorunlong93/casp16-leaderboard/diagnostics/reference_gap/refmap_candidate_mmcif/7trj.cif	7aa805f87e5c0a37ef0906ce74d7c4441dd416e49509b74d14c47448ee249a92	full_construct_exact_candidate_needs_native_provenance_and_mapping | 7TRJ_1 | The eukaryotic translation initiation factor 2B from Homo sapiens with a H160D mutation in the beta subunit | 2022-04-27T00:00:00.000+00:00 | ELECTRON MICROSCOPY
H0217	7trj	candidate			C	E	3	167-519	353	0.000000	0	false	/scratch/10992/liaorunlong93/casp16-leaderboard/diagnostics/reference_gap/refmap_candidate_mmcif/7trj.cif	7aa805f87e5c0a37ef0906ce74d7c4441dd416e49509b74d14c47448ee249a92	full_construct_exact_candidate_needs_native_provenance_and_mapping | 7TRJ_1 | The eukaryotic translation initiation factor 2B from Homo sapiens with a H160D mutation in the beta subunit | 2022-04-27T00:00:00.000+00:00 | ELECTRON MICROSCOPY
H0217	7trj	candidate			D	G	4	4-252,270-305	285	0.000000	0	false	/scratch/10992/liaorunlong93/casp16-leaderboard/diagnostics/reference_gap/refmap_candidate_mmcif/7trj.cif	7aa805f87e5c0a37ef0906ce74d7c4441dd416e49509b74d14c47448ee249a92	full_construct_exact_candidate_needs_native_provenance_and_mapping | 7TRJ_1 | The eukaryotic translation initiation factor 2B from Homo sapiens with a H160D mutation in the beta subunit | 2022-04-27T00:00:00.000+00:00 | ELECTRON MICROSCOPY
H0217	7trj	candidate			E	I	5	1-10,24-61,71-79,84-134,155-237,262-268,297-334	236	0.000000	0	false	/scratch/10992/liaorunlong93/casp16-leaderboard/diagnostics/reference_gap/refmap_candidate_mmcif/7trj.cif	7aa805f87e5c0a37ef0906ce74d7c4441dd416e49509b74d14c47448ee249a92	full_construct_exact_candidate_needs_native_provenance_and_mapping | 7TRJ_1 | The eukaryotic translation initiation factor 2B from Homo sapiens with a H160D mutation in the beta subunit | 2022-04-27T00:00:00.000+00:00 | ELECTRON MICROSCOPY
H0217	7trj	candidate			F	B	1	41-279,285-459	414	0.000000	0	false	/scratch/10992/liaorunlong93/casp16-leaderboard/diagnostics/reference_gap/refmap_candidate_mmcif/7trj.cif	7aa805f87e5c0a37ef0906ce74d7c4441dd416e49509b74d14c47448ee249a92	full_construct_exact_candidate_needs_native_provenance_and_mapping | 7TRJ_1 | The eukaryotic translation initiation factor 2B from Homo sapiens with a H160D mutation in the beta subunit | 2022-04-27T00:00:00.000+00:00 | ELECTRON MICROSCOPY
H0217	7trj	candidate			G	C	2	8-98,108-113,120-351	329	0.000000	0	false	/scratch/10992/liaorunlong93/casp16-leaderboard/diagnostics/reference_gap/refmap_candidate_mmcif/7trj.cif	7aa805f87e5c0a37ef0906ce74d7c4441dd416e49509b74d14c47448ee249a92	full_construct_exact_candidate_needs_native_provenance_and_mapping | 7TRJ_1 | The eukaryotic translation initiation factor 2B from Homo sapiens with a H160D mutation in the beta subunit | 2022-04-27T00:00:00.000+00:00 | ELECTRON MICROSCOPY
H0217	7trj	candidate			H	F	3	167-519	353	0.000000	0	false	/scratch/10992/liaorunlong93/casp16-leaderboard/diagnostics/reference_gap/refmap_candidate_mmcif/7trj.cif	7aa805f87e5c0a37ef0906ce74d7c4441dd416e49509b74d14c47448ee249a92	full_construct_exact_candidate_needs_native_provenance_and_mapping | 7TRJ_1 | The eukaryotic translation initiation factor 2B from Homo sapiens with a H160D mutation in the beta subunit | 2022-04-27T00:00:00.000+00:00 | ELECTRON MICROSCOPY
H0217	7trj	candidate			I	H	4	4-252,270-305	285	0.000000	0	false	/scratch/10992/liaorunlong93/casp16-leaderboard/diagnostics/reference_gap/refmap_candidate_mmcif/7trj.cif	7aa805f87e5c0a37ef0906ce74d7c4441dd416e49509b74d14c47448ee249a92	full_construct_exact_candidate_needs_native_provenance_and_mapping | 7TRJ_1 | The eukaryotic translation initiation factor 2B from Homo sapiens with a H160D mutation in the beta subunit | 2022-04-27T00:00:00.000+00:00 | ELECTRON MICROSCOPY
H0217	7trj	candidate			J	J	5	1-10,24-61,71-79,84-134,155-237,262-268,297-334	236	0.000000	0	false	/scratch/10992/liaorunlong93/casp16-leaderboard/diagnostics/reference_gap/refmap_candidate_mmcif/7trj.cif	7aa805f87e5c0a37ef0906ce74d7c4441dd416e49509b74d14c47448ee249a92	full_construct_exact_candidate_needs_native_provenance_and_mapping | 7TRJ_1 | The eukaryotic translation initiation factor 2B from Homo sapiens with a H160D mutation in the beta subunit | 2022-04-27T00:00:00.000+00:00 | ELECTRON MICROSCOPY
H0217	7vlk	candidate			A	A	1	1-256,270-307	294	0.000000	0	false	/scratch/10992/liaorunlong93/casp16-leaderboard/diagnostics/reference_gap/refmap_candidate_mmcif/7vlk.cif	51d740ee75eef31c6879de5a7ee78bf5fbbcda3770ce4f9e4bffe634d5dfbd71	full_construct_exact_candidate_needs_native_provenance_and_mapping | 7VLK_5 | eIF2B-SFSV NSs C2-imposed | 2021-12-01T00:00:00.000+00:00 | ELECTRON MICROSCOPY
H0217	7vlk	candidate			B	B	1	1-256,270-307	294	0.000000	0	false	/scratch/10992/liaorunlong93/casp16-leaderboard/diagnostics/reference_gap/refmap_candidate_mmcif/7vlk.cif	51d740ee75eef31c6879de5a7ee78bf5fbbcda3770ce4f9e4bffe634d5dfbd71	full_construct_exact_candidate_needs_native_provenance_and_mapping | 7VLK_5 | eIF2B-SFSV NSs C2-imposed | 2021-12-01T00:00:00.000+00:00 | ELECTRON MICROSCOPY
H0217	7vlk	candidate			C	C	2	8-99,106-115,121-351	333	0.000000	0	false	/scratch/10992/liaorunlong93/casp16-leaderboard/diagnostics/reference_gap/refmap_candidate_mmcif/7vlk.cif	51d740ee75eef31c6879de5a7ee78bf5fbbcda3770ce4f9e4bffe634d5dfbd71	full_construct_exact_candidate_needs_native_provenance_and_mapping | 7VLK_5 | eIF2B-SFSV NSs C2-imposed | 2021-12-01T00:00:00.000+00:00 | ELECTRON MICROSCOPY
H0217	7vlk	candidate			D	D	2	8-99,106-115,121-351	333	0.000000	0	false	/scratch/10992/liaorunlong93/casp16-leaderboard/diagnostics/reference_gap/refmap_candidate_mmcif/7vlk.cif	51d740ee75eef31c6879de5a7ee78bf5fbbcda3770ce4f9e4bffe634d5dfbd71	full_construct_exact_candidate_needs_native_provenance_and_mapping | 7VLK_5 | eIF2B-SFSV NSs C2-imposed | 2021-12-01T00:00:00.000+00:00 | ELECTRON MICROSCOPY
H0217	7vlk	candidate			E	E	3	1-10,27-136,154-238,259-295	242	0.000000	0	false	/scratch/10992/liaorunlong93/casp16-leaderboard/diagnostics/reference_gap/refmap_candidate_mmcif/7vlk.cif	51d740ee75eef31c6879de5a7ee78bf5fbbcda3770ce4f9e4bffe634d5dfbd71	full_construct_exact_candidate_needs_native_provenance_and_mapping | 7VLK_5 | eIF2B-SFSV NSs C2-imposed | 2021-12-01T00:00:00.000+00:00 | ELECTRON MICROSCOPY
H0217	7vlk	candidate			F	F	3	1-10,27-136,154-238,259-295	242	0.000000	0	false	/scratch/10992/liaorunlong93/casp16-leaderboard/diagnostics/reference_gap/refmap_candidate_mmcif/7vlk.cif	51d740ee75eef31c6879de5a7ee78bf5fbbcda3770ce4f9e4bffe634d5dfbd71	full_construct_exact_candidate_needs_native_provenance_and_mapping | 7VLK_5 | eIF2B-SFSV NSs C2-imposed | 2021-12-01T00:00:00.000+00:00 | ELECTRON MICROSCOPY
H0217	7vlk	candidate			G	G	4	166-521	356	0.000000	0	false	/scratch/10992/liaorunlong93/casp16-leaderboard/diagnostics/reference_gap/refmap_candidate_mmcif/7vlk.cif	51d740ee75eef31c6879de5a7ee78bf5fbbcda3770ce4f9e4bffe634d5dfbd71	full_construct_exact_candidate_needs_native_provenance_and_mapping | 7VLK_5 | eIF2B-SFSV NSs C2-imposed | 2021-12-01T00:00:00.000+00:00 | ELECTRON MICROSCOPY
H0217	7vlk	candidate			H	H	4	166-521	356	0.000000	0	false	/scratch/10992/liaorunlong93/casp16-leaderboard/diagnostics/reference_gap/refmap_candidate_mmcif/7vlk.cif	51d740ee75eef31c6879de5a7ee78bf5fbbcda3770ce4f9e4bffe634d5dfbd71	full_construct_exact_candidate_needs_native_provenance_and_mapping | 7VLK_5 | eIF2B-SFSV NSs C2-imposed | 2021-12-01T00:00:00.000+00:00 | ELECTRON MICROSCOPY
H0217	7vlk	candidate			I	I	5	40-466	427	0.000000	0	false	/scratch/10992/liaorunlong93/casp16-leaderboard/diagnostics/reference_gap/refmap_candidate_mmcif/7vlk.cif	51d740ee75eef31c6879de5a7ee78bf5fbbcda3770ce4f9e4bffe634d5dfbd71	full_construct_exact_candidate_needs_native_provenance_and_mapping | 7VLK_5 | eIF2B-SFSV NSs C2-imposed | 2021-12-01T00:00:00.000+00:00 | ELECTRON MICROSCOPY
H0217	7vlk	candidate			J	J	5	40-466	427	0.000000	0	false	/scratch/10992/liaorunlong93/casp16-leaderboard/diagnostics/reference_gap/refmap_candidate_mmcif/7vlk.cif	51d740ee75eef31c6879de5a7ee78bf5fbbcda3770ce4f9e4bffe634d5dfbd71	full_construct_exact_candidate_needs_native_provenance_and_mapping | 7VLK_5 | eIF2B-SFSV NSs C2-imposed | 2021-12-01T00:00:00.000+00:00 | ELECTRON MICROSCOPY
H0217	7vlk	candidate			K	K	6	1-103,111-204	197	0.000000	0	false	/scratch/10992/liaorunlong93/casp16-leaderboard/diagnostics/reference_gap/refmap_candidate_mmcif/7vlk.cif	51d740ee75eef31c6879de5a7ee78bf5fbbcda3770ce4f9e4bffe634d5dfbd71	full_construct_exact_candidate_needs_native_provenance_and_mapping | 7VLK_5 | eIF2B-SFSV NSs C2-imposed | 2021-12-01T00:00:00.000+00:00 | ELECTRON MICROSCOPY
H0217	7vlk	candidate			L	L	6	1-103,111-204	197	0.000000	0	false	/scratch/10992/liaorunlong93/casp16-leaderboard/diagnostics/reference_gap/refmap_candidate_mmcif/7vlk.cif	51d740ee75eef31c6879de5a7ee78bf5fbbcda3770ce4f9e4bffe634d5dfbd71	full_construct_exact_candidate_needs_native_provenance_and_mapping | 7VLK_5 | eIF2B-SFSV NSs C2-imposed | 2021-12-01T00:00:00.000+00:00 | ELECTRON MICROSCOPY
H0217	9hvd	candidate			A	F	1	1-136,152-247,255-270,296-445	398	0.000000	0	false	/scratch/10992/liaorunlong93/casp16-leaderboard/diagnostics/reference_gap/refmap_candidate_mmcif/9hvd.cif	60231b0603cfb47c34d6578181f71dda1b40ce1d4960990f1c87fa744f3501dd	full_construct_exact_candidate_needs_native_provenance_and_mapping | 9HVD_3 | Native human P-eIF2-eIF2B complex | 2025-11-19T00:00:00.000+00:00 | ELECTRON MICROSCOPY
H0217	9hvd	candidate			B	K	2	3-185	183	0.000000	0	false	/scratch/10992/liaorunlong93/casp16-leaderboard/diagnostics/reference_gap/refmap_candidate_mmcif/9hvd.cif	60231b0603cfb47c34d6578181f71dda1b40ce1d4960990f1c87fa744f3501dd	full_construct_exact_candidate_needs_native_provenance_and_mapping | 9HVD_3 | Native human P-eIF2-eIF2B complex | 2025-11-19T00:00:00.000+00:00 | ELECTRON MICROSCOPY
H0217	9hvd	candidate			C	J	3	39-456,481-500	438	0.000000	0	false	/scratch/10992/liaorunlong93/casp16-leaderboard/diagnostics/reference_gap/refmap_candidate_mmcif/9hvd.cif	60231b0603cfb47c34d6578181f71dda1b40ce1d4960990f1c87fa744f3501dd	full_construct_exact_candidate_needs_native_provenance_and_mapping | 9HVD_3 | Native human P-eIF2-eIF2B complex | 2025-11-19T00:00:00.000+00:00 | ELECTRON MICROSCOPY
H0217	9hvd	candidate			D	D	4	8-98,119-351	324	0.000000	0	false	/scratch/10992/liaorunlong93/casp16-leaderboard/diagnostics/reference_gap/refmap_candidate_mmcif/9hvd.cif	60231b0603cfb47c34d6578181f71dda1b40ce1d4960990f1c87fa744f3501dd	full_construct_exact_candidate_needs_native_provenance_and_mapping | 9HVD_3 | Native human P-eIF2-eIF2B complex | 2025-11-19T00:00:00.000+00:00 | ELECTRON MICROSCOPY
H0217	9hvd	candidate			E	B	5	1-254,268-305	292	0.000000	0	false	/scratch/10992/liaorunlong93/casp16-leaderboard/diagnostics/reference_gap/refmap_candidate_mmcif/9hvd.cif	60231b0603cfb47c34d6578181f71dda1b40ce1d4960990f1c87fa744f3501dd	full_construct_exact_candidate_needs_native_provenance_and_mapping | 9HVD_3 | Native human P-eIF2-eIF2B complex | 2025-11-19T00:00:00.000+00:00 | ELECTRON MICROSCOPY
H0217	9hvd	candidate			F	G	6	177-520	344	0.000000	0	false	/scratch/10992/liaorunlong93/casp16-leaderboard/diagnostics/reference_gap/refmap_candidate_mmcif/9hvd.cif	60231b0603cfb47c34d6578181f71dda1b40ce1d4960990f1c87fa744f3501dd	full_construct_exact_candidate_needs_native_provenance_and_mapping | 9HVD_3 | Native human P-eIF2-eIF2B complex | 2025-11-19T00:00:00.000+00:00 | ELECTRON MICROSCOPY
H0217	9hvd	candidate			G	E	1	1-244,257-445	433	0.000000	0	false	/scratch/10992/liaorunlong93/casp16-leaderboard/diagnostics/reference_gap/refmap_candidate_mmcif/9hvd.cif	60231b0603cfb47c34d6578181f71dda1b40ce1d4960990f1c87fa744f3501dd	full_construct_exact_candidate_needs_native_provenance_and_mapping | 9HVD_3 | Native human P-eIF2-eIF2B complex | 2025-11-19T00:00:00.000+00:00 | ELECTRON MICROSCOPY
H0217	9hvd	candidate			H	I	3	38-456,480-499	439	0.000000	0	false	/scratch/10992/liaorunlong93/casp16-leaderboard/diagnostics/reference_gap/refmap_candidate_mmcif/9hvd.cif	60231b0603cfb47c34d6578181f71dda1b40ce1d4960990f1c87fa744f3501dd	full_construct_exact_candidate_needs_native_provenance_and_mapping | 9HVD_3 | Native human P-eIF2-eIF2B complex | 2025-11-19T00:00:00.000+00:00 | ELECTRON MICROSCOPY
H0217	9hvd	candidate			I	C	4	6-98,119-351	326	0.000000	0	false	/scratch/10992/liaorunlong93/casp16-leaderboard/diagnostics/reference_gap/refmap_candidate_mmcif/9hvd.cif	60231b0603cfb47c34d6578181f71dda1b40ce1d4960990f1c87fa744f3501dd	full_construct_exact_candidate_needs_native_provenance_and_mapping | 9HVD_3 | Native human P-eIF2-eIF2B complex | 2025-11-19T00:00:00.000+00:00 | ELECTRON MICROSCOPY
H0217	9hvd	candidate			J	A	5	1-254,267-305	293	0.000000	0	false	/scratch/10992/liaorunlong93/casp16-leaderboard/diagnostics/reference_gap/refmap_candidate_mmcif/9hvd.cif	60231b0603cfb47c34d6578181f71dda1b40ce1d4960990f1c87fa744f3501dd	full_construct_exact_candidate_needs_native_provenance_and_mapping | 9HVD_3 | Native human P-eIF2-eIF2B complex | 2025-11-19T00:00:00.000+00:00 | ELECTRON MICROSCOPY
H0217	9hvd	candidate			K	H	6	175-518	344	0.000000	0	false	/scratch/10992/liaorunlong93/casp16-leaderboard/diagnostics/reference_gap/refmap_candidate_mmcif/9hvd.cif	60231b0603cfb47c34d6578181f71dda1b40ce1d4960990f1c87fa744f3501dd	full_construct_exact_candidate_needs_native_provenance_and_mapping | 9HVD_3 | Native human P-eIF2-eIF2B complex | 2025-11-19T00:00:00.000+00:00 | ELECTRON MICROSCOPY
H0217	9hvd	candidate			L	L	2	3-185	183	0.000000	0	false	/scratch/10992/liaorunlong93/casp16-leaderboard/diagnostics/reference_gap/refmap_candidate_mmcif/9hvd.cif	60231b0603cfb47c34d6578181f71dda1b40ce1d4960990f1c87fa744f3501dd	full_construct_exact_candidate_needs_native_provenance_and_mapping | 9HVD_3 | Native human P-eIF2-eIF2B complex | 2025-11-19T00:00:00.000+00:00 | ELECTRON MICROSCOPY
H0217	9hve	candidate			A	F	1	1-241,260-283,295-445	416	0.000000	0	false	/scratch/10992/liaorunlong93/casp16-leaderboard/diagnostics/reference_gap/refmap_candidate_mmcif/9hve.cif	2aacf2192283650dfa58d271e7d371dded823bf8241223ca63899942b04a420f	full_construct_exact_candidate_needs_native_provenance_and_mapping | 9HVE_3 | Native human eIF2-eIF2B complex | 2025-11-19T00:00:00.000+00:00 | ELECTRON MICROSCOPY
H0217	9hve	candidate			B	E	1	1-241,260-283,295-445	416	0.000000	0	false	/scratch/10992/liaorunlong93/casp16-leaderboard/diagnostics/reference_gap/refmap_candidate_mmcif/9hve.cif	2aacf2192283650dfa58d271e7d371dded823bf8241223ca63899942b04a420f	full_construct_exact_candidate_needs_native_provenance_and_mapping | 9HVE_3 | Native human eIF2-eIF2B complex | 2025-11-19T00:00:00.000+00:00 | ELECTRON MICROSCOPY
H0217	9hve	candidate			C	K	2	2-279	278	0.000000	0	false	/scratch/10992/liaorunlong93/casp16-leaderboard/diagnostics/reference_gap/refmap_candidate_mmcif/9hve.cif	2aacf2192283650dfa58d271e7d371dded823bf8241223ca63899942b04a420f	full_construct_exact_candidate_needs_native_provenance_and_mapping | 9HVE_3 | Native human eIF2-eIF2B complex | 2025-11-19T00:00:00.000+00:00 | ELECTRON MICROSCOPY
H0217	9hve	candidate			D	I	3	38-266,268-461,478-509,547-721	630	0.000000	0	false	/scratch/10992/liaorunlong93/casp16-leaderboard/diagnostics/reference_gap/refmap_candidate_mmcif/9hve.cif	2aacf2192283650dfa58d271e7d371dded823bf8241223ca63899942b04a420f	full_construct_exact_candidate_needs_native_provenance_and_mapping | 9HVE_3 | Native human eIF2-eIF2B complex | 2025-11-19T00:00:00.000+00:00 | ELECTRON MICROSCOPY
H0217	9hve	candidate			E	O	4	11-470	460	0.000000	0	false	/scratch/10992/liaorunlong93/casp16-leaderboard/diagnostics/reference_gap/refmap_candidate_mmcif/9hve.cif	2aacf2192283650dfa58d271e7d371dded823bf8241223ca63899942b04a420f	full_construct_exact_candidate_needs_native_provenance_and_mapping | 9HVE_3 | Native human eIF2-eIF2B complex | 2025-11-19T00:00:00.000+00:00 | ELECTRON MICROSCOPY
H0217	9hve	candidate			F	D	5	6-351	346	0.000000	0	false	/scratch/10992/liaorunlong93/casp16-leaderboard/diagnostics/reference_gap/refmap_candidate_mmcif/9hve.cif	2aacf2192283650dfa58d271e7d371dded823bf8241223ca63899942b04a420f	full_construct_exact_candidate_needs_native_provenance_and_mapping | 9HVE_3 | Native human eIF2-eIF2B complex | 2025-11-19T00:00:00.000+00:00 | ELECTRON MICROSCOPY
H0217	9hve	candidate			G	A	6	1-257,262-305	301	0.000000	0	false	/scratch/10992/liaorunlong93/casp16-leaderboard/diagnostics/reference_gap/refmap_candidate_mmcif/9hve.cif	2aacf2192283650dfa58d271e7d371dded823bf8241223ca63899942b04a420f	full_construct_exact_candidate_needs_native_provenance_and_mapping | 9HVE_3 | Native human eIF2-eIF2B complex | 2025-11-19T00:00:00.000+00:00 | ELECTRON MICROSCOPY
H0217	9hve	candidate			H	H	7	164-523	360	0.000000	0	false	/scratch/10992/liaorunlong93/casp16-leaderboard/diagnostics/reference_gap/refmap_candidate_mmcif/9hve.cif	2aacf2192283650dfa58d271e7d371dded823bf8241223ca63899942b04a420f	full_construct_exact_candidate_needs_native_provenance_and_mapping | 9HVE_3 | Native human eIF2-eIF2B complex | 2025-11-19T00:00:00.000+00:00 | ELECTRON MICROSCOPY
H0217	9hve	candidate			I	M	8	167-190	24	0.000000	0	false	/scratch/10992/liaorunlong93/casp16-leaderboard/diagnostics/reference_gap/refmap_candidate_mmcif/9hve.cif	2aacf2192283650dfa58d271e7d371dded823bf8241223ca63899942b04a420f	full_construct_exact_candidate_needs_native_provenance_and_mapping | 9HVE_3 | Native human eIF2-eIF2B complex | 2025-11-19T00:00:00.000+00:00 | ELECTRON MICROSCOPY
H0217	9hve	candidate			J	N	8	167-190	24	0.000000	0	false	/scratch/10992/liaorunlong93/casp16-leaderboard/diagnostics/reference_gap/refmap_candidate_mmcif/9hve.cif	2aacf2192283650dfa58d271e7d371dded823bf8241223ca63899942b04a420f	full_construct_exact_candidate_needs_native_provenance_and_mapping | 9HVE_3 | Native human eIF2-eIF2B complex | 2025-11-19T00:00:00.000+00:00 | ELECTRON MICROSCOPY
H0217	9hve	candidate			K	L	2	2-279	278	0.000000	0	false	/scratch/10992/liaorunlong93/casp16-leaderboard/diagnostics/reference_gap/refmap_candidate_mmcif/9hve.cif	2aacf2192283650dfa58d271e7d371dded823bf8241223ca63899942b04a420f	full_construct_exact_candidate_needs_native_provenance_and_mapping | 9HVE_3 | Native human eIF2-eIF2B complex | 2025-11-19T00:00:00.000+00:00 | ELECTRON MICROSCOPY
H0217	9hve	candidate			L	J	3	38-266,268-461,478-509,547-721	630	0.000000	0	false	/scratch/10992/liaorunlong93/casp16-leaderboard/diagnostics/reference_gap/refmap_candidate_mmcif/9hve.cif	2aacf2192283650dfa58d271e7d371dded823bf8241223ca63899942b04a420f	full_construct_exact_candidate_needs_native_provenance_and_mapping | 9HVE_3 | Native human eIF2-eIF2B complex | 2025-11-19T00:00:00.000+00:00 | ELECTRON MICROSCOPY
H0217	9hve	candidate			M	P	4	11-470	460	0.000000	0	false	/scratch/10992/liaorunlong93/casp16-leaderboard/diagnostics/reference_gap/refmap_candidate_mmcif/9hve.cif	2aacf2192283650dfa58d271e7d371dded823bf8241223ca63899942b04a420f	full_construct_exact_candidate_needs_native_provenance_and_mapping | 9HVE_3 | Native human eIF2-eIF2B complex | 2025-11-19T00:00:00.000+00:00 | ELECTRON MICROSCOPY
H0217	9hve	candidate			N	C	5	6-351	346	0.000000	0	false	/scratch/10992/liaorunlong93/casp16-leaderboard/diagnostics/reference_gap/refmap_candidate_mmcif/9hve.cif	2aacf2192283650dfa58d271e7d371dded823bf8241223ca63899942b04a420f	full_construct_exact_candidate_needs_native_provenance_and_mapping | 9HVE_3 | Native human eIF2-eIF2B complex | 2025-11-19T00:00:00.000+00:00 | ELECTRON MICROSCOPY
H0217	9hve	candidate			O	B	6	1-257,262-305	301	0.000000	0	false	/scratch/10992/liaorunlong93/casp16-leaderboard/diagnostics/reference_gap/refmap_candidate_mmcif/9hve.cif	2aacf2192283650dfa58d271e7d371dded823bf8241223ca63899942b04a420f	full_construct_exact_candidate_needs_native_provenance_and_mapping | 9HVE_3 | Native human eIF2-eIF2B complex | 2025-11-19T00:00:00.000+00:00 | ELECTRON MICROSCOPY
H0217	9hve	candidate			P	G	7	164-523	360	0.000000	0	false	/scratch/10992/liaorunlong93/casp16-leaderboard/diagnostics/reference_gap/refmap_candidate_mmcif/9hve.cif	2aacf2192283650dfa58d271e7d371dded823bf8241223ca63899942b04a420f	full_construct_exact_candidate_needs_native_provenance_and_mapping | 9HVE_3 | Native human eIF2-eIF2B complex | 2025-11-19T00:00:00.000+00:00 | ELECTRON MICROSCOPY
H0217	9y3v	candidate			A	A	1	39-456,481-499	437	0.000000	0	false	/scratch/10992/liaorunlong93/casp16-leaderboard/diagnostics/reference_gap/refmap_candidate_mmcif/9y3v.cif	69396a605fdfa9a8009afa20b62d7f73646734fb63748ff407d426ee9af5a044	full_construct_exact_candidate_needs_native_provenance_and_mapping | 9Y3V_1 | Eukaryotic translation initiation factor 2-B (eIF2B) bound to the viral effector AcP10 | 2026-06-24T00:00:00.000+00:00 | ELECTRON MICROSCOPY
H0217	9y3v	candidate			B	B	1	39-456,481-499	437	0.000000	0	false	/scratch/10992/liaorunlong93/casp16-leaderboard/diagnostics/reference_gap/refmap_candidate_mmcif/9y3v.cif	69396a605fdfa9a8009afa20b62d7f73646734fb63748ff407d426ee9af5a044	full_construct_exact_candidate_needs_native_provenance_and_mapping | 9Y3V_1 | Eukaryotic translation initiation factor 2-B (eIF2B) bound to the viral effector AcP10 | 2026-06-24T00:00:00.000+00:00 | ELECTRON MICROSCOPY
H0217	9y3v	candidate			C	C	2	25-368	344	0.000000	0	false	/scratch/10992/liaorunlong93/casp16-leaderboard/diagnostics/reference_gap/refmap_candidate_mmcif/9y3v.cif	69396a605fdfa9a8009afa20b62d7f73646734fb63748ff407d426ee9af5a044	full_construct_exact_candidate_needs_native_provenance_and_mapping | 9Y3V_1 | Eukaryotic translation initiation factor 2-B (eIF2B) bound to the viral effector AcP10 | 2026-06-24T00:00:00.000+00:00 | ELECTRON MICROSCOPY
H0217	9y3v	candidate			D	D	2	25-368	344	0.000000	0	false	/scratch/10992/liaorunlong93/casp16-leaderboard/diagnostics/reference_gap/refmap_candidate_mmcif/9y3v.cif	69396a605fdfa9a8009afa20b62d7f73646734fb63748ff407d426ee9af5a044	full_construct_exact_candidate_needs_native_provenance_and_mapping | 9Y3V_1 | Eukaryotic translation initiation factor 2-B (eIF2B) bound to the viral effector AcP10 | 2026-06-24T00:00:00.000+00:00 | ELECTRON MICROSCOPY
H0217	9y3v	candidate			E	E	3	167-522	356	0.000000	0	false	/scratch/10992/liaorunlong93/casp16-leaderboard/diagnostics/reference_gap/refmap_candidate_mmcif/9y3v.cif	69396a605fdfa9a8009afa20b62d7f73646734fb63748ff407d426ee9af5a044	full_construct_exact_candidate_needs_native_provenance_and_mapping | 9Y3V_1 | Eukaryotic translation initiation factor 2-B (eIF2B) bound to the viral effector AcP10 | 2026-06-24T00:00:00.000+00:00 | ELECTRON MICROSCOPY
H0217	9y3v	candidate			F	F	3	167-522	356	0.000000	0	false	/scratch/10992/liaorunlong93/casp16-leaderboard/diagnostics/reference_gap/refmap_candidate_mmcif/9y3v.cif	69396a605fdfa9a8009afa20b62d7f73646734fb63748ff407d426ee9af5a044	full_construct_exact_candidate_needs_native_provenance_and_mapping | 9Y3V_1 | Eukaryotic translation initiation factor 2-B (eIF2B) bound to the viral effector AcP10 | 2026-06-24T00:00:00.000+00:00 | ELECTRON MICROSCOPY
H0217	9y3v	candidate			G	G	4	1-256,266-305	296	0.000000	0	false	/scratch/10992/liaorunlong93/casp16-leaderboard/diagnostics/reference_gap/refmap_candidate_mmcif/9y3v.cif	69396a605fdfa9a8009afa20b62d7f73646734fb63748ff407d426ee9af5a044	full_construct_exact_candidate_needs_native_provenance_and_mapping | 9Y3V_1 | Eukaryotic translation initiation factor 2-B (eIF2B) bound to the viral effector AcP10 | 2026-06-24T00:00:00.000+00:00 | ELECTRON MICROSCOPY
H0217	9y3v	candidate			H	H	4	1-256,266-305	296	0.000000	0	false	/scratch/10992/liaorunlong93/casp16-leaderboard/diagnostics/reference_gap/refmap_candidate_mmcif/9y3v.cif	69396a605fdfa9a8009afa20b62d7f73646734fb63748ff407d426ee9af5a044	full_construct_exact_candidate_needs_native_provenance_and_mapping | 9Y3V_1 | Eukaryotic translation initiation factor 2-B (eIF2B) bound to the viral effector AcP10 | 2026-06-24T00:00:00.000+00:00 | ELECTRON MICROSCOPY
H0217	9y3v	candidate			I	I	5	1-238,262-443	420	0.000000	0	false	/scratch/10992/liaorunlong93/casp16-leaderboard/diagnostics/reference_gap/refmap_candidate_mmcif/9y3v.cif	69396a605fdfa9a8009afa20b62d7f73646734fb63748ff407d426ee9af5a044	full_construct_exact_candidate_needs_native_provenance_and_mapping | 9Y3V_1 | Eukaryotic translation initiation factor 2-B (eIF2B) bound to the viral effector AcP10 | 2026-06-24T00:00:00.000+00:00 | ELECTRON MICROSCOPY
H0217	9y3v	candidate			J	J	5	1-238,262-443	420	0.000000	0	false	/scratch/10992/liaorunlong93/casp16-leaderboard/diagnostics/reference_gap/refmap_candidate_mmcif/9y3v.cif	69396a605fdfa9a8009afa20b62d7f73646734fb63748ff407d426ee9af5a044	full_construct_exact_candidate_needs_native_provenance_and_mapping | 9Y3V_1 | Eukaryotic translation initiation factor 2-B (eIF2B) bound to the viral effector AcP10 | 2026-06-24T00:00:00.000+00:00 | ELECTRON MICROSCOPY
H0217	9y3v	candidate			K	K	6	1-210	210	0.000000	0	false	/scratch/10992/liaorunlong93/casp16-leaderboard/diagnostics/reference_gap/refmap_candidate_mmcif/9y3v.cif	69396a605fdfa9a8009afa20b62d7f73646734fb63748ff407d426ee9af5a044	full_construct_exact_candidate_needs_native_provenance_and_mapping | 9Y3V_1 | Eukaryotic translation initiation factor 2-B (eIF2B) bound to the viral effector AcP10 | 2026-06-24T00:00:00.000+00:00 | ELECTRON MICROSCOPY
H0217	9y3v	candidate			L	L	6	1-210	210	0.000000	0	false	/scratch/10992/liaorunlong93/casp16-leaderboard/diagnostics/reference_gap/refmap_candidate_mmcif/9y3v.cif	69396a605fdfa9a8009afa20b62d7f73646734fb63748ff407d426ee9af5a044	full_construct_exact_candidate_needs_native_provenance_and_mapping | 9Y3V_1 | Eukaryotic translation initiation factor 2-B (eIF2B) bound to the viral effector AcP10 | 2026-06-24T00:00:00.000+00:00 | ELECTRON MICROSCOPY
H0217	9y4b	candidate			A	A	1	39-456,481-499,509-516	445	0.000000	0	false	/scratch/10992/liaorunlong93/casp16-leaderboard/diagnostics/reference_gap/refmap_candidate_mmcif/9y4b.cif	9fb6b6cdc0725dae4ea2ced7031d42669e10aadaf116e772f7d2730b8c67756f	full_construct_exact_candidate_needs_native_provenance_and_mapping | 9Y4B_1 | Eukaryotic translation initiation factor 2-B (eIF2B) with a truncation in the beta subunit (active-like-state) bound to the viral effector AcP10 | 2026-06-24T00:00:00.000+00:00 | ELECTRON MICROSCOPY
H0217	9y4b	candidate			B	B	1	39-456,481-499,509-516	445	0.000000	0	false	/scratch/10992/liaorunlong93/casp16-leaderboard/diagnostics/reference_gap/refmap_candidate_mmcif/9y4b.cif	9fb6b6cdc0725dae4ea2ced7031d42669e10aadaf116e772f7d2730b8c67756f	full_construct_exact_candidate_needs_native_provenance_and_mapping | 9Y4B_1 | Eukaryotic translation initiation factor 2-B (eIF2B) with a truncation in the beta subunit (active-like-state) bound to the viral effector AcP10 | 2026-06-24T00:00:00.000+00:00 | ELECTRON MICROSCOPY
H0217	9y4b	candidate			C	C	2	25-355	331	0.000000	0	false	/scratch/10992/liaorunlong93/casp16-leaderboard/diagnostics/reference_gap/refmap_candidate_mmcif/9y4b.cif	9fb6b6cdc0725dae4ea2ced7031d42669e10aadaf116e772f7d2730b8c67756f	full_construct_exact_candidate_needs_native_provenance_and_mapping | 9Y4B_1 | Eukaryotic translation initiation factor 2-B (eIF2B) with a truncation in the beta subunit (active-like-state) bound to the viral effector AcP10 | 2026-06-24T00:00:00.000+00:00 | ELECTRON MICROSCOPY
H0217	9y4b	candidate			D	D	2	25-355	331	0.000000	0	false	/scratch/10992/liaorunlong93/casp16-leaderboard/diagnostics/reference_gap/refmap_candidate_mmcif/9y4b.cif	9fb6b6cdc0725dae4ea2ced7031d42669e10aadaf116e772f7d2730b8c67756f	full_construct_exact_candidate_needs_native_provenance_and_mapping | 9Y4B_1 | Eukaryotic translation initiation factor 2-B (eIF2B) with a truncation in the beta subunit (active-like-state) bound to the viral effector AcP10 | 2026-06-24T00:00:00.000+00:00 | ELECTRON MICROSCOPY
H0217	9y4b	candidate			E	E	3	167-522	356	0.000000	0	false	/scratch/10992/liaorunlong93/casp16-leaderboard/diagnostics/reference_gap/refmap_candidate_mmcif/9y4b.cif	9fb6b6cdc0725dae4ea2ced7031d42669e10aadaf116e772f7d2730b8c67756f	full_construct_exact_candidate_needs_native_provenance_and_mapping | 9Y4B_1 | Eukaryotic translation initiation factor 2-B (eIF2B) with a truncation in the beta subunit (active-like-state) bound to the viral effector AcP10 | 2026-06-24T00:00:00.000+00:00 | ELECTRON MICROSCOPY
H0217	9y4b	candidate			F	F	3	167-522	356	0.000000	0	false	/scratch/10992/liaorunlong93/casp16-leaderboard/diagnostics/reference_gap/refmap_candidate_mmcif/9y4b.cif	9fb6b6cdc0725dae4ea2ced7031d42669e10aadaf116e772f7d2730b8c67756f	full_construct_exact_candidate_needs_native_provenance_and_mapping | 9Y4B_1 | Eukaryotic translation initiation factor 2-B (eIF2B) with a truncation in the beta subunit (active-like-state) bound to the viral effector AcP10 | 2026-06-24T00:00:00.000+00:00 | ELECTRON MICROSCOPY
H0217	9y4b	candidate			G	G	4	1-256,266-305	296	0.000000	0	false	/scratch/10992/liaorunlong93/casp16-leaderboard/diagnostics/reference_gap/refmap_candidate_mmcif/9y4b.cif	9fb6b6cdc0725dae4ea2ced7031d42669e10aadaf116e772f7d2730b8c67756f	full_construct_exact_candidate_needs_native_provenance_and_mapping | 9Y4B_1 | Eukaryotic translation initiation factor 2-B (eIF2B) with a truncation in the beta subunit (active-like-state) bound to the viral effector AcP10 | 2026-06-24T00:00:00.000+00:00 | ELECTRON MICROSCOPY
H0217	9y4b	candidate			H	H	4	1-256,266-305	296	0.000000	0	false	/scratch/10992/liaorunlong93/casp16-leaderboard/diagnostics/reference_gap/refmap_candidate_mmcif/9y4b.cif	9fb6b6cdc0725dae4ea2ced7031d42669e10aadaf116e772f7d2730b8c67756f	full_construct_exact_candidate_needs_native_provenance_and_mapping | 9Y4B_1 | Eukaryotic translation initiation factor 2-B (eIF2B) with a truncation in the beta subunit (active-like-state) bound to the viral effector AcP10 | 2026-06-24T00:00:00.000+00:00 | ELECTRON MICROSCOPY
H0217	9y4b	candidate			I	I	5	1-238,261-443	421	0.000000	0	false	/scratch/10992/liaorunlong93/casp16-leaderboard/diagnostics/reference_gap/refmap_candidate_mmcif/9y4b.cif	9fb6b6cdc0725dae4ea2ced7031d42669e10aadaf116e772f7d2730b8c67756f	full_construct_exact_candidate_needs_native_provenance_and_mapping | 9Y4B_1 | Eukaryotic translation initiation factor 2-B (eIF2B) with a truncation in the beta subunit (active-like-state) bound to the viral effector AcP10 | 2026-06-24T00:00:00.000+00:00 | ELECTRON MICROSCOPY
H0217	9y4b	candidate			J	J	5	1-238,261-443	421	0.000000	0	false	/scratch/10992/liaorunlong93/casp16-leaderboard/diagnostics/reference_gap/refmap_candidate_mmcif/9y4b.cif	9fb6b6cdc0725dae4ea2ced7031d42669e10aadaf116e772f7d2730b8c67756f	full_construct_exact_candidate_needs_native_provenance_and_mapping | 9Y4B_1 | Eukaryotic translation initiation factor 2-B (eIF2B) with a truncation in the beta subunit (active-like-state) bound to the viral effector AcP10 | 2026-06-24T00:00:00.000+00:00 | ELECTRON MICROSCOPY
H0217	9y4b	candidate			K	K	6	2-210	209	0.000000	0	false	/scratch/10992/liaorunlong93/casp16-leaderboard/diagnostics/reference_gap/refmap_candidate_mmcif/9y4b.cif	9fb6b6cdc0725dae4ea2ced7031d42669e10aadaf116e772f7d2730b8c67756f	full_construct_exact_candidate_needs_native_provenance_and_mapping | 9Y4B_1 | Eukaryotic translation initiation factor 2-B (eIF2B) with a truncation in the beta subunit (active-like-state) bound to the viral effector AcP10 | 2026-06-24T00:00:00.000+00:00 | ELECTRON MICROSCOPY
H0217	9y4b	candidate			L	L	6	2-210	209	0.000000	0	false	/scratch/10992/liaorunlong93/casp16-leaderboard/diagnostics/reference_gap/refmap_candidate_mmcif/9y4b.cif	9fb6b6cdc0725dae4ea2ced7031d42669e10aadaf116e772f7d2730b8c67756f	full_construct_exact_candidate_needs_native_provenance_and_mapping | 9Y4B_1 | Eukaryotic translation initiation factor 2-B (eIF2B) with a truncation in the beta subunit (active-like-state) bound to the viral effector AcP10 | 2026-06-24T00:00:00.000+00:00 | ELECTRON MICROSCOPY
H0217	9y4w	candidate			A	A	1	39-456,481-499,509-516	445	0.000000	0	false	/scratch/10992/liaorunlong93/casp16-leaderboard/diagnostics/reference_gap/refmap_candidate_mmcif/9y4w.cif	cdb9325cf4e423f836b9e6ed3e00d47e03516969cd0cde182472450f89f7458e	full_construct_exact_candidate_needs_native_provenance_and_mapping | 9Y4W_1 | Eukaryotic translation initiation factor 2-B (eIF2B) with a truncation in the beta subunit (active-like-state) asymmetrically bound to the viral effector AcP10 | 2026-06-24T00:00:00.000+00:00 | ELECTRON MICROSCOPY
H0217	9y4w	candidate			B	B	1	39-456,481-499,509-516	445	0.000000	0	false	/scratch/10992/liaorunlong93/casp16-leaderboard/diagnostics/reference_gap/refmap_candidate_mmcif/9y4w.cif	cdb9325cf4e423f836b9e6ed3e00d47e03516969cd0cde182472450f89f7458e	full_construct_exact_candidate_needs_native_provenance_and_mapping | 9Y4W_1 | Eukaryotic translation initiation factor 2-B (eIF2B) with a truncation in the beta subunit (active-like-state) asymmetrically bound to the viral effector AcP10 | 2026-06-24T00:00:00.000+00:00 | ELECTRON MICROSCOPY
H0217	9y4w	candidate			C	C	2	25-355	331	0.000000	0	false	/scratch/10992/liaorunlong93/casp16-leaderboard/diagnostics/reference_gap/refmap_candidate_mmcif/9y4w.cif	cdb9325cf4e423f836b9e6ed3e00d47e03516969cd0cde182472450f89f7458e	full_construct_exact_candidate_needs_native_provenance_and_mapping | 9Y4W_1 | Eukaryotic translation initiation factor 2-B (eIF2B) with a truncation in the beta subunit (active-like-state) asymmetrically bound to the viral effector AcP10 | 2026-06-24T00:00:00.000+00:00 | ELECTRON MICROSCOPY
H0217	9y4w	candidate			D	D	2	25-355	331	0.000000	0	false	/scratch/10992/liaorunlong93/casp16-leaderboard/diagnostics/reference_gap/refmap_candidate_mmcif/9y4w.cif	cdb9325cf4e423f836b9e6ed3e00d47e03516969cd0cde182472450f89f7458e	full_construct_exact_candidate_needs_native_provenance_and_mapping | 9Y4W_1 | Eukaryotic translation initiation factor 2-B (eIF2B) with a truncation in the beta subunit (active-like-state) asymmetrically bound to the viral effector AcP10 | 2026-06-24T00:00:00.000+00:00 | ELECTRON MICROSCOPY
H0217	9y4w	candidate			E	E	3	167-522	356	0.000000	0	false	/scratch/10992/liaorunlong93/casp16-leaderboard/diagnostics/reference_gap/refmap_candidate_mmcif/9y4w.cif	cdb9325cf4e423f836b9e6ed3e00d47e03516969cd0cde182472450f89f7458e	full_construct_exact_candidate_needs_native_provenance_and_mapping | 9Y4W_1 | Eukaryotic translation initiation factor 2-B (eIF2B) with a truncation in the beta subunit (active-like-state) asymmetrically bound to the viral effector AcP10 | 2026-06-24T00:00:00.000+00:00 | ELECTRON MICROSCOPY
H0217	9y4w	candidate			F	F	3	167-522	356	0.000000	0	false	/scratch/10992/liaorunlong93/casp16-leaderboard/diagnostics/reference_gap/refmap_candidate_mmcif/9y4w.cif	cdb9325cf4e423f836b9e6ed3e00d47e03516969cd0cde182472450f89f7458e	full_construct_exact_candidate_needs_native_provenance_and_mapping | 9Y4W_1 | Eukaryotic translation initiation factor 2-B (eIF2B) with a truncation in the beta subunit (active-like-state) asymmetrically bound to the viral effector AcP10 | 2026-06-24T00:00:00.000+00:00 | ELECTRON MICROSCOPY
H0217	9y4w	candidate			G	G	4	1-256,266-305	296	0.000000	0	false	/scratch/10992/liaorunlong93/casp16-leaderboard/diagnostics/reference_gap/refmap_candidate_mmcif/9y4w.cif	cdb9325cf4e423f836b9e6ed3e00d47e03516969cd0cde182472450f89f7458e	full_construct_exact_candidate_needs_native_provenance_and_mapping | 9Y4W_1 | Eukaryotic translation initiation factor 2-B (eIF2B) with a truncation in the beta subunit (active-like-state) asymmetrically bound to the viral effector AcP10 | 2026-06-24T00:00:00.000+00:00 | ELECTRON MICROSCOPY
H0217	9y4w	candidate			H	H	4	1-256,266-305	296	0.000000	0	false	/scratch/10992/liaorunlong93/casp16-leaderboard/diagnostics/reference_gap/refmap_candidate_mmcif/9y4w.cif	cdb9325cf4e423f836b9e6ed3e00d47e03516969cd0cde182472450f89f7458e	full_construct_exact_candidate_needs_native_provenance_and_mapping | 9Y4W_1 | Eukaryotic translation initiation factor 2-B (eIF2B) with a truncation in the beta subunit (active-like-state) asymmetrically bound to the viral effector AcP10 | 2026-06-24T00:00:00.000+00:00 | ELECTRON MICROSCOPY
H0217	9y4w	candidate			I	I	5	1-238,261-443	421	0.000000	0	false	/scratch/10992/liaorunlong93/casp16-leaderboard/diagnostics/reference_gap/refmap_candidate_mmcif/9y4w.cif	cdb9325cf4e423f836b9e6ed3e00d47e03516969cd0cde182472450f89f7458e	full_construct_exact_candidate_needs_native_provenance_and_mapping | 9Y4W_1 | Eukaryotic translation initiation factor 2-B (eIF2B) with a truncation in the beta subunit (active-like-state) asymmetrically bound to the viral effector AcP10 | 2026-06-24T00:00:00.000+00:00 | ELECTRON MICROSCOPY
H0217	9y4w	candidate			J	J	5	1-238,261-443	421	0.000000	0	false	/scratch/10992/liaorunlong93/casp16-leaderboard/diagnostics/reference_gap/refmap_candidate_mmcif/9y4w.cif	cdb9325cf4e423f836b9e6ed3e00d47e03516969cd0cde182472450f89f7458e	full_construct_exact_candidate_needs_native_provenance_and_mapping | 9Y4W_1 | Eukaryotic translation initiation factor 2-B (eIF2B) with a truncation in the beta subunit (active-like-state) asymmetrically bound to the viral effector AcP10 | 2026-06-24T00:00:00.000+00:00 | ELECTRON MICROSCOPY
H0217	9y4w	candidate			K	K	6	2-210	209	0.000000	0	false	/scratch/10992/liaorunlong93/casp16-leaderboard/diagnostics/reference_gap/refmap_candidate_mmcif/9y4w.cif	cdb9325cf4e423f836b9e6ed3e00d47e03516969cd0cde182472450f89f7458e	full_construct_exact_candidate_needs_native_provenance_and_mapping | 9Y4W_1 | Eukaryotic translation initiation factor 2-B (eIF2B) with a truncation in the beta subunit (active-like-state) asymmetrically bound to the viral effector AcP10 | 2026-06-24T00:00:00.000+00:00 | ELECTRON MICROSCOPY
H2217	6ezo	candidate			A	A	1	6-58,61-250,269-305	280	0.000000	0	false	/scratch/10992/liaorunlong93/casp16-leaderboard/diagnostics/reference_gap/refmap_candidate_mmcif/6ezo.cif	9b1e48287dbcfea1ce9906ded05285038731828a3ad687ea72f14154dcd0d972	full_construct_exact_candidate_needs_native_provenance_and_mapping | 6EZO_5 | Eukaryotic initiation factor EIF2B in complex with ISRIB | 2018-03-28T00:00:00.000+00:00 | ELECTRON MICROSCOPY
H2217	6ezo	candidate			B	B	1	6-58,61-250,269-305	280	0.000000	0	false	/scratch/10992/liaorunlong93/casp16-leaderboard/diagnostics/reference_gap/refmap_candidate_mmcif/6ezo.cif	9b1e48287dbcfea1ce9906ded05285038731828a3ad687ea72f14154dcd0d972	full_construct_exact_candidate_needs_native_provenance_and_mapping | 6EZO_5 | Eukaryotic initiation factor EIF2B in complex with ISRIB | 2018-03-28T00:00:00.000+00:00 | ELECTRON MICROSCOPY
H2217	6ezo	candidate			C	C	2	34-118,150-371	307	0.000000	0	false	/scratch/10992/liaorunlong93/casp16-leaderboard/diagnostics/reference_gap/refmap_candidate_mmcif/6ezo.cif	9b1e48287dbcfea1ce9906ded05285038731828a3ad687ea72f14154dcd0d972	full_construct_exact_candidate_needs_native_provenance_and_mapping | 6EZO_5 | Eukaryotic initiation factor EIF2B in complex with ISRIB | 2018-03-28T00:00:00.000+00:00 | ELECTRON MICROSCOPY
H2217	6ezo	candidate			D	D	2	34-119,150-371	308	0.000000	0	false	/scratch/10992/liaorunlong93/casp16-leaderboard/diagnostics/reference_gap/refmap_candidate_mmcif/6ezo.cif	9b1e48287dbcfea1ce9906ded05285038731828a3ad687ea72f14154dcd0d972	full_construct_exact_candidate_needs_native_provenance_and_mapping | 6EZO_5 | Eukaryotic initiation factor EIF2B in complex with ISRIB | 2018-03-28T00:00:00.000+00:00 | ELECTRON MICROSCOPY
H2217	6ezo	candidate			E	E	3	1-134,155-235,302-330,342-444	347	0.000000	0	false	/scratch/10992/liaorunlong93/casp16-leaderboard/diagnostics/reference_gap/refmap_candidate_mmcif/6ezo.cif	9b1e48287dbcfea1ce9906ded05285038731828a3ad687ea72f14154dcd0d972	full_construct_exact_candidate_needs_native_provenance_and_mapping | 6EZO_5 | Eukaryotic initiation factor EIF2B in complex with ISRIB | 2018-03-28T00:00:00.000+00:00 | ELECTRON MICROSCOPY
H2217	6ezo	candidate			F	F	3	1-134,155-235,302-330,342-444	347	0.000000	0	false	/scratch/10992/liaorunlong93/casp16-leaderboard/diagnostics/reference_gap/refmap_candidate_mmcif/6ezo.cif	9b1e48287dbcfea1ce9906ded05285038731828a3ad687ea72f14154dcd0d972	full_construct_exact_candidate_needs_native_provenance_and_mapping | 6EZO_5 | Eukaryotic initiation factor EIF2B in complex with ISRIB | 2018-03-28T00:00:00.000+00:00 | ELECTRON MICROSCOPY
H2217	6ezo	candidate			G	G	4	166-520	355	0.000000	0	false	/scratch/10992/liaorunlong93/casp16-leaderboard/diagnostics/reference_gap/refmap_candidate_mmcif/6ezo.cif	9b1e48287dbcfea1ce9906ded05285038731828a3ad687ea72f14154dcd0d972	full_construct_exact_candidate_needs_native_provenance_and_mapping | 6EZO_5 | Eukaryotic initiation factor EIF2B in complex with ISRIB | 2018-03-28T00:00:00.000+00:00 | ELECTRON MICROSCOPY
H2217	6ezo	candidate			H	H	4	166-518	353	0.000000	0	false	/scratch/10992/liaorunlong93/casp16-leaderboard/diagnostics/reference_gap/refmap_candidate_mmcif/6ezo.cif	9b1e48287dbcfea1ce9906ded05285038731828a3ad687ea72f14154dcd0d972	full_construct_exact_candidate_needs_native_provenance_and_mapping | 6EZO_5 | Eukaryotic initiation factor EIF2B in complex with ISRIB | 2018-03-28T00:00:00.000+00:00 | ELECTRON MICROSCOPY
H2217	6ezo	candidate			I	I	5	38-47,58-326,334-450	396	0.000000	0	false	/scratch/10992/liaorunlong93/casp16-leaderboard/diagnostics/reference_gap/refmap_candidate_mmcif/6ezo.cif	9b1e48287dbcfea1ce9906ded05285038731828a3ad687ea72f14154dcd0d972	full_construct_exact_candidate_needs_native_provenance_and_mapping | 6EZO_5 | Eukaryotic initiation factor EIF2B in complex with ISRIB | 2018-03-28T00:00:00.000+00:00 | ELECTRON MICROSCOPY
H2217	6ezo	candidate			J	J	5	40-47,58-326,334-450	394	0.000000	0	false	/scratch/10992/liaorunlong93/casp16-leaderboard/diagnostics/reference_gap/refmap_candidate_mmcif/6ezo.cif	9b1e48287dbcfea1ce9906ded05285038731828a3ad687ea72f14154dcd0d972	full_construct_exact_candidate_needs_native_provenance_and_mapping | 6EZO_5 | Eukaryotic initiation factor EIF2B in complex with ISRIB | 2018-03-28T00:00:00.000+00:00 | ELECTRON MICROSCOPY
H2217	6k71	candidate			A	A	1	4-36,44-77,91-252,270-305	265	0.000000	0	false	/scratch/10992/liaorunlong93/casp16-leaderboard/diagnostics/reference_gap/refmap_candidate_mmcif/6k71.cif	d302f40f34666e56cfc47671e3747ef3f3038339ba2cfc6af2dfb871b52950e7	full_construct_exact_candidate_needs_native_provenance_and_mapping | 6K71_5 | eIF2 - eIF2B complex | 2019-07-10T00:00:00.000+00:00 | ELECTRON MICROSCOPY
H2217	6k71	candidate			B	B	1	4-36,44-77,91-252,270-305	265	0.000000	0	false	/scratch/10992/liaorunlong93/casp16-leaderboard/diagnostics/reference_gap/refmap_candidate_mmcif/6k71.cif	d302f40f34666e56cfc47671e3747ef3f3038339ba2cfc6af2dfb871b52950e7	full_construct_exact_candidate_needs_native_provenance_and_mapping | 6K71_5 | eIF2 - eIF2B complex | 2019-07-10T00:00:00.000+00:00 | ELECTRON MICROSCOPY
H2217	6k71	candidate			C	C	2	8-98,125-351	318	0.000000	0	false	/scratch/10992/liaorunlong93/casp16-leaderboard/diagnostics/reference_gap/refmap_candidate_mmcif/6k71.cif	d302f40f34666e56cfc47671e3747ef3f3038339ba2cfc6af2dfb871b52950e7	full_construct_exact_candidate_needs_native_provenance_and_mapping | 6K71_5 | eIF2 - eIF2B complex | 2019-07-10T00:00:00.000+00:00 | ELECTRON MICROSCOPY
H2217	6k71	candidate			D	D	2	8-98,125-351	318	0.000000	0	false	/scratch/10992/liaorunlong93/casp16-leaderboard/diagnostics/reference_gap/refmap_candidate_mmcif/6k71.cif	d302f40f34666e56cfc47671e3747ef3f3038339ba2cfc6af2dfb871b52950e7	full_construct_exact_candidate_needs_native_provenance_and_mapping | 6K71_5 | eIF2 - eIF2B complex | 2019-07-10T00:00:00.000+00:00 | ELECTRON MICROSCOPY
H2217	6k71	candidate			E	E	3	1-12,26-56,61-134,155-236,239-243,260-267,272-292,342-444	336	0.000000	0	false	/scratch/10992/liaorunlong93/casp16-leaderboard/diagnostics/reference_gap/refmap_candidate_mmcif/6k71.cif	d302f40f34666e56cfc47671e3747ef3f3038339ba2cfc6af2dfb871b52950e7	full_construct_exact_candidate_needs_native_provenance_and_mapping | 6K71_5 | eIF2 - eIF2B complex | 2019-07-10T00:00:00.000+00:00 | ELECTRON MICROSCOPY
H2217	6k71	candidate			F	F	3	1-12,26-56,61-134,155-236,239-243,260-267,276-292,342-444	332	0.000000	0	false	/scratch/10992/liaorunlong93/casp16-leaderboard/diagnostics/reference_gap/refmap_candidate_mmcif/6k71.cif	d302f40f34666e56cfc47671e3747ef3f3038339ba2cfc6af2dfb871b52950e7	full_construct_exact_candidate_needs_native_provenance_and_mapping | 6K71_5 | eIF2 - eIF2B complex | 2019-07-10T00:00:00.000+00:00 | ELECTRON MICROSCOPY
H2217	6k71	candidate			G	G	4	166-522	357	0.000000	0	false	/scratch/10992/liaorunlong93/casp16-leaderboard/diagnostics/reference_gap/refmap_candidate_mmcif/6k71.cif	d302f40f34666e56cfc47671e3747ef3f3038339ba2cfc6af2dfb871b52950e7	full_construct_exact_candidate_needs_native_provenance_and_mapping | 6K71_5 | eIF2 - eIF2B complex | 2019-07-10T00:00:00.000+00:00 | ELECTRON MICROSCOPY
H2217	6k71	candidate			H	H	4	166-522	357	0.000000	0	false	/scratch/10992/liaorunlong93/casp16-leaderboard/diagnostics/reference_gap/refmap_candidate_mmcif/6k71.cif	d302f40f34666e56cfc47671e3747ef3f3038339ba2cfc6af2dfb871b52950e7	full_construct_exact_candidate_needs_native_provenance_and_mapping | 6K71_5 | eIF2 - eIF2B complex | 2019-07-10T00:00:00.000+00:00 | ELECTRON MICROSCOPY
H2217	6k71	candidate			I	I	5	41-279,285-466	421	0.000000	0	false	/scratch/10992/liaorunlong93/casp16-leaderboard/diagnostics/reference_gap/refmap_candidate_mmcif/6k71.cif	d302f40f34666e56cfc47671e3747ef3f3038339ba2cfc6af2dfb871b52950e7	full_construct_exact_candidate_needs_native_provenance_and_mapping | 6K71_5 | eIF2 - eIF2B complex | 2019-07-10T00:00:00.000+00:00 | ELECTRON MICROSCOPY
H2217	6k71	candidate			J	J	5	41-279,285-466,547-689,692-715	588	0.000000	0	false	/scratch/10992/liaorunlong93/casp16-leaderboard/diagnostics/reference_gap/refmap_candidate_mmcif/6k71.cif	d302f40f34666e56cfc47671e3747ef3f3038339ba2cfc6af2dfb871b52950e7	full_construct_exact_candidate_needs_native_provenance_and_mapping | 6K71_5 | eIF2 - eIF2B complex | 2019-07-10T00:00:00.000+00:00 | ELECTRON MICROSCOPY
H2217	6k71	candidate			K	K	6	7-271	265	0.000000	0	false	/scratch/10992/liaorunlong93/casp16-leaderboard/diagnostics/reference_gap/refmap_candidate_mmcif/6k71.cif	d302f40f34666e56cfc47671e3747ef3f3038339ba2cfc6af2dfb871b52950e7	full_construct_exact_candidate_needs_native_provenance_and_mapping | 6K71_5 | eIF2 - eIF2B complex | 2019-07-10T00:00:00.000+00:00 | ELECTRON MICROSCOPY
H2217	6k71	candidate			L	M	7	173-188	16	0.000000	0	false	/scratch/10992/liaorunlong93/casp16-leaderboard/diagnostics/reference_gap/refmap_candidate_mmcif/6k71.cif	d302f40f34666e56cfc47671e3747ef3f3038339ba2cfc6af2dfb871b52950e7	full_construct_exact_candidate_needs_native_provenance_and_mapping | 6K71_5 | eIF2 - eIF2B complex | 2019-07-10T00:00:00.000+00:00 | ELECTRON MICROSCOPY
H2217	6k71	candidate			M	P	8	40-103,119-460	406	0.000000	0	false	/scratch/10992/liaorunlong93/casp16-leaderboard/diagnostics/reference_gap/refmap_candidate_mmcif/6k71.cif	d302f40f34666e56cfc47671e3747ef3f3038339ba2cfc6af2dfb871b52950e7	full_construct_exact_candidate_needs_native_provenance_and_mapping | 6K71_5 | eIF2 - eIF2B complex | 2019-07-10T00:00:00.000+00:00 | ELECTRON MICROSCOPY
H2217	6k72	candidate			A	A	1	4-252,270-305	285	0.000000	0	false	/scratch/10992/liaorunlong93/casp16-leaderboard/diagnostics/reference_gap/refmap_candidate_mmcif/6k72.cif	74adb8c4e9b3b0680c411f0b2093a66e732c5350189dcc488186ceffe5c214ef	full_construct_exact_candidate_needs_native_provenance_and_mapping | 6K72_5 | eIF2(aP) - eIF2B complex | 2019-07-10T00:00:00.000+00:00 | ELECTRON MICROSCOPY
H2217	6k72	candidate			B	B	1	5-252,270-305	284	0.000000	0	false	/scratch/10992/liaorunlong93/casp16-leaderboard/diagnostics/reference_gap/refmap_candidate_mmcif/6k72.cif	74adb8c4e9b3b0680c411f0b2093a66e732c5350189dcc488186ceffe5c214ef	full_construct_exact_candidate_needs_native_provenance_and_mapping | 6K72_5 | eIF2(aP) - eIF2B complex | 2019-07-10T00:00:00.000+00:00 | ELECTRON MICROSCOPY
H2217	6k72	candidate			C	C	2	8-98,125-351	318	0.000000	0	false	/scratch/10992/liaorunlong93/casp16-leaderboard/diagnostics/reference_gap/refmap_candidate_mmcif/6k72.cif	74adb8c4e9b3b0680c411f0b2093a66e732c5350189dcc488186ceffe5c214ef	full_construct_exact_candidate_needs_native_provenance_and_mapping | 6K72_5 | eIF2(aP) - eIF2B complex | 2019-07-10T00:00:00.000+00:00 | ELECTRON MICROSCOPY
H2217	6k72	candidate			D	D	2	8-98,125-351	318	0.000000	0	false	/scratch/10992/liaorunlong93/casp16-leaderboard/diagnostics/reference_gap/refmap_candidate_mmcif/6k72.cif	74adb8c4e9b3b0680c411f0b2093a66e732c5350189dcc488186ceffe5c214ef	full_construct_exact_candidate_needs_native_provenance_and_mapping | 6K72_5 | eIF2(aP) - eIF2B complex | 2019-07-10T00:00:00.000+00:00 | ELECTRON MICROSCOPY
H2217	6k72	candidate			E	E	3	1-12,26-56,61-134,155-235,241-243,260-267,272-292,342-444	333	0.000000	0	false	/scratch/10992/liaorunlong93/casp16-leaderboard/diagnostics/reference_gap/refmap_candidate_mmcif/6k72.cif	74adb8c4e9b3b0680c411f0b2093a66e732c5350189dcc488186ceffe5c214ef	full_construct_exact_candidate_needs_native_provenance_and_mapping | 6K72_5 | eIF2(aP) - eIF2B complex | 2019-07-10T00:00:00.000+00:00 | ELECTRON MICROSCOPY
H2217	6k72	candidate			F	F	3	1-12,26-56,61-134,155-235,241-243,260-267,276-292,342-444	329	0.000000	0	false	/scratch/10992/liaorunlong93/casp16-leaderboard/diagnostics/reference_gap/refmap_candidate_mmcif/6k72.cif	74adb8c4e9b3b0680c411f0b2093a66e732c5350189dcc488186ceffe5c214ef	full_construct_exact_candidate_needs_native_provenance_and_mapping | 6K72_5 | eIF2(aP) - eIF2B complex | 2019-07-10T00:00:00.000+00:00 | ELECTRON MICROSCOPY
H2217	6k72	candidate			G	G	4	166-522	357	0.000000	0	false	/scratch/10992/liaorunlong93/casp16-leaderboard/diagnostics/reference_gap/refmap_candidate_mmcif/6k72.cif	74adb8c4e9b3b0680c411f0b2093a66e732c5350189dcc488186ceffe5c214ef	full_construct_exact_candidate_needs_native_provenance_and_mapping | 6K72_5 | eIF2(aP) - eIF2B complex | 2019-07-10T00:00:00.000+00:00 | ELECTRON MICROSCOPY
H2217	6k72	candidate			H	H	4	166-522	357	0.000000	0	false	/scratch/10992/liaorunlong93/casp16-leaderboard/diagnostics/reference_gap/refmap_candidate_mmcif/6k72.cif	74adb8c4e9b3b0680c411f0b2093a66e732c5350189dcc488186ceffe5c214ef	full_construct_exact_candidate_needs_native_provenance_and_mapping | 6K72_5 | eIF2(aP) - eIF2B complex | 2019-07-10T00:00:00.000+00:00 | ELECTRON MICROSCOPY
H2217	6k72	candidate			I	I	5	41-279,285-466	421	0.000000	0	false	/scratch/10992/liaorunlong93/casp16-leaderboard/diagnostics/reference_gap/refmap_candidate_mmcif/6k72.cif	74adb8c4e9b3b0680c411f0b2093a66e732c5350189dcc488186ceffe5c214ef	full_construct_exact_candidate_needs_native_provenance_and_mapping | 6K72_5 | eIF2(aP) - eIF2B complex | 2019-07-10T00:00:00.000+00:00 | ELECTRON MICROSCOPY
H2217	6k72	candidate			J	J	5	41-279,285-466	421	0.000000	0	false	/scratch/10992/liaorunlong93/casp16-leaderboard/diagnostics/reference_gap/refmap_candidate_mmcif/6k72.cif	74adb8c4e9b3b0680c411f0b2093a66e732c5350189dcc488186ceffe5c214ef	full_construct_exact_candidate_needs_native_provenance_and_mapping | 6K72_5 | eIF2(aP) - eIF2B complex | 2019-07-10T00:00:00.000+00:00 | ELECTRON MICROSCOPY
H2217	6k72	candidate			K	K	6	7-46,57-118,124-176,188-271	239	0.000000	0	false	/scratch/10992/liaorunlong93/casp16-leaderboard/diagnostics/reference_gap/refmap_candidate_mmcif/6k72.cif	74adb8c4e9b3b0680c411f0b2093a66e732c5350189dcc488186ceffe5c214ef	full_construct_exact_candidate_needs_native_provenance_and_mapping | 6K72_5 | eIF2(aP) - eIF2B complex | 2019-07-10T00:00:00.000+00:00 | ELECTRON MICROSCOPY
H2217	6k72	candidate			L	L	6	7-48,65-187	165	0.000000	0	false	/scratch/10992/liaorunlong93/casp16-leaderboard/diagnostics/reference_gap/refmap_candidate_mmcif/6k72.cif	74adb8c4e9b3b0680c411f0b2093a66e732c5350189dcc488186ceffe5c214ef	full_construct_exact_candidate_needs_native_provenance_and_mapping | 6K72_5 | eIF2(aP) - eIF2B complex | 2019-07-10T00:00:00.000+00:00 | ELECTRON MICROSCOPY
H2217	6k72	candidate			M	M	7	173-188	16	0.000000	0	false	/scratch/10992/liaorunlong93/casp16-leaderboard/diagnostics/reference_gap/refmap_candidate_mmcif/6k72.cif	74adb8c4e9b3b0680c411f0b2093a66e732c5350189dcc488186ceffe5c214ef	full_construct_exact_candidate_needs_native_provenance_and_mapping | 6K72_5 | eIF2(aP) - eIF2B complex | 2019-07-10T00:00:00.000+00:00 | ELECTRON MICROSCOPY
H2217	6k72	candidate			N	P	8	40-460	421	0.000000	0	false	/scratch/10992/liaorunlong93/casp16-leaderboard/diagnostics/reference_gap/refmap_candidate_mmcif/6k72.cif	74adb8c4e9b3b0680c411f0b2093a66e732c5350189dcc488186ceffe5c214ef	full_construct_exact_candidate_needs_native_provenance_and_mapping | 6K72_5 | eIF2(aP) - eIF2B complex | 2019-07-10T00:00:00.000+00:00 | ELECTRON MICROSCOPY
H2217	6o85	candidate			A	A	1	41-466	426	0.000000	0	false	/scratch/10992/liaorunlong93/casp16-leaderboard/diagnostics/reference_gap/refmap_candidate_mmcif/6o85.cif	bc93b8b194c02375e98e0c06f4ca76f7c55981b17668518782c794f1b2f2d33f	full_construct_exact_candidate_needs_native_provenance_and_mapping | 6O85_1 | Electron cryo-microscopy of the eukaryotic translation initiation factor 2B bound to eukaryotic translation initiation factor 2 from Homo sapiens | 2019-05-15T00:00:00.000+00:00 | ELECTRON MICROSCOPY
H2217	6o85	candidate			B	B	1	41-466,549-688,692-715	590	0.000000	0	false	/scratch/10992/liaorunlong93/casp16-leaderboard/diagnostics/reference_gap/refmap_candidate_mmcif/6o85.cif	bc93b8b194c02375e98e0c06f4ca76f7c55981b17668518782c794f1b2f2d33f	full_construct_exact_candidate_needs_native_provenance_and_mapping | 6O85_1 | Electron cryo-microscopy of the eukaryotic translation initiation factor 2B bound to eukaryotic translation initiation factor 2 from Homo sapiens | 2019-05-15T00:00:00.000+00:00 | ELECTRON MICROSCOPY
H2217	6o85	candidate			C	C	2	25-115,143-368	317	0.000000	0	false	/scratch/10992/liaorunlong93/casp16-leaderboard/diagnostics/reference_gap/refmap_candidate_mmcif/6o85.cif	bc93b8b194c02375e98e0c06f4ca76f7c55981b17668518782c794f1b2f2d33f	full_construct_exact_candidate_needs_native_provenance_and_mapping | 6O85_1 | Electron cryo-microscopy of the eukaryotic translation initiation factor 2B bound to eukaryotic translation initiation factor 2 from Homo sapiens | 2019-05-15T00:00:00.000+00:00 | ELECTRON MICROSCOPY
H2217	6o85	candidate			D	D	2	25-115,142-368	318	0.000000	0	false	/scratch/10992/liaorunlong93/casp16-leaderboard/diagnostics/reference_gap/refmap_candidate_mmcif/6o85.cif	bc93b8b194c02375e98e0c06f4ca76f7c55981b17668518782c794f1b2f2d33f	full_construct_exact_candidate_needs_native_provenance_and_mapping | 6O85_1 | Electron cryo-microscopy of the eukaryotic translation initiation factor 2B bound to eukaryotic translation initiation factor 2 from Homo sapiens | 2019-05-15T00:00:00.000+00:00 | ELECTRON MICROSCOPY
H2217	6o85	candidate			E	E	3	166-522	357	0.000000	0	false	/scratch/10992/liaorunlong93/casp16-leaderboard/diagnostics/reference_gap/refmap_candidate_mmcif/6o85.cif	bc93b8b194c02375e98e0c06f4ca76f7c55981b17668518782c794f1b2f2d33f	full_construct_exact_candidate_needs_native_provenance_and_mapping | 6O85_1 | Electron cryo-microscopy of the eukaryotic translation initiation factor 2B bound to eukaryotic translation initiation factor 2 from Homo sapiens | 2019-05-15T00:00:00.000+00:00 | ELECTRON MICROSCOPY
H2217	6o85	candidate			F	F	3	166-522	357	0.000000	0	false	/scratch/10992/liaorunlong93/casp16-leaderboard/diagnostics/reference_gap/refmap_candidate_mmcif/6o85.cif	bc93b8b194c02375e98e0c06f4ca76f7c55981b17668518782c794f1b2f2d33f	full_construct_exact_candidate_needs_native_provenance_and_mapping | 6O85_1 | Electron cryo-microscopy of the eukaryotic translation initiation factor 2B bound to eukaryotic translation initiation factor 2 from Homo sapiens | 2019-05-15T00:00:00.000+00:00 | ELECTRON MICROSCOPY
H2217	6o85	candidate			G	G	4	4-252,270-305	285	0.000000	0	false	/scratch/10992/liaorunlong93/casp16-leaderboard/diagnostics/reference_gap/refmap_candidate_mmcif/6o85.cif	bc93b8b194c02375e98e0c06f4ca76f7c55981b17668518782c794f1b2f2d33f	full_construct_exact_candidate_needs_native_provenance_and_mapping | 6O85_1 | Electron cryo-microscopy of the eukaryotic translation initiation factor 2B bound to eukaryotic translation initiation factor 2 from Homo sapiens | 2019-05-15T00:00:00.000+00:00 | ELECTRON MICROSCOPY
H2217	6o85	candidate			H	H	4	4-252,270-305	285	0.000000	0	false	/scratch/10992/liaorunlong93/casp16-leaderboard/diagnostics/reference_gap/refmap_candidate_mmcif/6o85.cif	bc93b8b194c02375e98e0c06f4ca76f7c55981b17668518782c794f1b2f2d33f	full_construct_exact_candidate_needs_native_provenance_and_mapping | 6O85_1 | Electron cryo-microscopy of the eukaryotic translation initiation factor 2B bound to eukaryotic translation initiation factor 2 from Homo sapiens | 2019-05-15T00:00:00.000+00:00 | ELECTRON MICROSCOPY
H2217	6o85	candidate			I	I	5	1-11,28-134,155-238,258-295	240	0.000000	0	false	/scratch/10992/liaorunlong93/casp16-leaderboard/diagnostics/reference_gap/refmap_candidate_mmcif/6o85.cif	bc93b8b194c02375e98e0c06f4ca76f7c55981b17668518782c794f1b2f2d33f	full_construct_exact_candidate_needs_native_provenance_and_mapping | 6O85_1 | Electron cryo-microscopy of the eukaryotic translation initiation factor 2B bound to eukaryotic translation initiation factor 2 from Homo sapiens | 2019-05-15T00:00:00.000+00:00 | ELECTRON MICROSCOPY
H2217	6o85	candidate			J	J	5	1-11,28-134,155-238,258-295	240	0.000000	0	false	/scratch/10992/liaorunlong93/casp16-leaderboard/diagnostics/reference_gap/refmap_candidate_mmcif/6o85.cif	bc93b8b194c02375e98e0c06f4ca76f7c55981b17668518782c794f1b2f2d33f	full_construct_exact_candidate_needs_native_provenance_and_mapping | 6O85_1 | Electron cryo-microscopy of the eukaryotic translation initiation factor 2B bound to eukaryotic translation initiation factor 2 from Homo sapiens | 2019-05-15T00:00:00.000+00:00 | ELECTRON MICROSCOPY
H2217	6o85	candidate			K	L	6	3-277	275	0.000000	0	false	/scratch/10992/liaorunlong93/casp16-leaderboard/diagnostics/reference_gap/refmap_candidate_mmcif/6o85.cif	bc93b8b194c02375e98e0c06f4ca76f7c55981b17668518782c794f1b2f2d33f	full_construct_exact_candidate_needs_native_provenance_and_mapping | 6O85_1 | Electron cryo-microscopy of the eukaryotic translation initiation factor 2B bound to eukaryotic translation initiation factor 2 from Homo sapiens | 2019-05-15T00:00:00.000+00:00 | ELECTRON MICROSCOPY
H2217	6o85	candidate			L	S	7	20-91,123-179,184-223,228-468	410	0.000000	0	false	/scratch/10992/liaorunlong93/casp16-leaderboard/diagnostics/reference_gap/refmap_candidate_mmcif/6o85.cif	bc93b8b194c02375e98e0c06f4ca76f7c55981b17668518782c794f1b2f2d33f	full_construct_exact_candidate_needs_native_provenance_and_mapping | 6O85_1 | Electron cryo-microscopy of the eukaryotic translation initiation factor 2B bound to eukaryotic translation initiation factor 2 from Homo sapiens | 2019-05-15T00:00:00.000+00:00 | ELECTRON MICROSCOPY
H2217	6o85	candidate			M	d	8	1-14	14	0.000000	0	false	/scratch/10992/liaorunlong93/casp16-leaderboard/diagnostics/reference_gap/refmap_candidate_mmcif/6o85.cif	bc93b8b194c02375e98e0c06f4ca76f7c55981b17668518782c794f1b2f2d33f	full_construct_exact_candidate_needs_native_provenance_and_mapping | 6O85_1 | Electron cryo-microscopy of the eukaryotic translation initiation factor 2B bound to eukaryotic translation initiation factor 2 from Homo sapiens | 2019-05-15T00:00:00.000+00:00 | ELECTRON MICROSCOPY
H2217	7d43	candidate			A	A	1	1-255,268-305	293	0.000000	0	false	/scratch/10992/liaorunlong93/casp16-leaderboard/diagnostics/reference_gap/refmap_candidate_mmcif/7d43.cif	bb24352a5c946b829ae35b7f39b8cc16d094d97cdd06c7a892eb7c826950122b	full_construct_exact_candidate_needs_native_provenance_and_mapping | 7D43_5 | eIF2B-eIF2(aP), aPg complex | 2020-12-09T00:00:00.000+00:00 | ELECTRON MICROSCOPY
H2217	7d43	candidate			B	B	1	1-253,268-305	291	0.000000	0	false	/scratch/10992/liaorunlong93/casp16-leaderboard/diagnostics/reference_gap/refmap_candidate_mmcif/7d43.cif	bb24352a5c946b829ae35b7f39b8cc16d094d97cdd06c7a892eb7c826950122b	full_construct_exact_candidate_needs_native_provenance_and_mapping | 7D43_5 | eIF2B-eIF2(aP), aPg complex | 2020-12-09T00:00:00.000+00:00 | ELECTRON MICROSCOPY
H2217	7d43	candidate			C	C	2	8-98,126-351	317	0.000000	0	false	/scratch/10992/liaorunlong93/casp16-leaderboard/diagnostics/reference_gap/refmap_candidate_mmcif/7d43.cif	bb24352a5c946b829ae35b7f39b8cc16d094d97cdd06c7a892eb7c826950122b	full_construct_exact_candidate_needs_native_provenance_and_mapping | 7D43_5 | eIF2B-eIF2(aP), aPg complex | 2020-12-09T00:00:00.000+00:00 | ELECTRON MICROSCOPY
H2217	7d43	candidate			D	D	2	8-98,119-351	324	0.000000	0	false	/scratch/10992/liaorunlong93/casp16-leaderboard/diagnostics/reference_gap/refmap_candidate_mmcif/7d43.cif	bb24352a5c946b829ae35b7f39b8cc16d094d97cdd06c7a892eb7c826950122b	full_construct_exact_candidate_needs_native_provenance_and_mapping | 7D43_5 | eIF2B-eIF2(aP), aPg complex | 2020-12-09T00:00:00.000+00:00 | ELECTRON MICROSCOPY
H2217	7d43	candidate			E	E	3	1-11,27-134,155-238,258-295,342-444	344	0.000000	0	false	/scratch/10992/liaorunlong93/casp16-leaderboard/diagnostics/reference_gap/refmap_candidate_mmcif/7d43.cif	bb24352a5c946b829ae35b7f39b8cc16d094d97cdd06c7a892eb7c826950122b	full_construct_exact_candidate_needs_native_provenance_and_mapping | 7D43_5 | eIF2B-eIF2(aP), aPg complex | 2020-12-09T00:00:00.000+00:00 | ELECTRON MICROSCOPY
H2217	7d43	candidate			F	F	3	1-11,28-134,155-238,258-295,342-444	343	0.000000	0	false	/scratch/10992/liaorunlong93/casp16-leaderboard/diagnostics/reference_gap/refmap_candidate_mmcif/7d43.cif	bb24352a5c946b829ae35b7f39b8cc16d094d97cdd06c7a892eb7c826950122b	full_construct_exact_candidate_needs_native_provenance_and_mapping | 7D43_5 | eIF2B-eIF2(aP), aPg complex | 2020-12-09T00:00:00.000+00:00 | ELECTRON MICROSCOPY
H2217	7d43	candidate			G	G	4	166-518	353	0.000000	0	false	/scratch/10992/liaorunlong93/casp16-leaderboard/diagnostics/reference_gap/refmap_candidate_mmcif/7d43.cif	bb24352a5c946b829ae35b7f39b8cc16d094d97cdd06c7a892eb7c826950122b	full_construct_exact_candidate_needs_native_provenance_and_mapping | 7D43_5 | eIF2B-eIF2(aP), aPg complex | 2020-12-09T00:00:00.000+00:00 | ELECTRON MICROSCOPY
H2217	7d43	candidate			H	H	4	166-518	353	0.000000	0	false	/scratch/10992/liaorunlong93/casp16-leaderboard/diagnostics/reference_gap/refmap_candidate_mmcif/7d43.cif	bb24352a5c946b829ae35b7f39b8cc16d094d97cdd06c7a892eb7c826950122b	full_construct_exact_candidate_needs_native_provenance_and_mapping | 7D43_5 | eIF2B-eIF2(aP), aPg complex | 2020-12-09T00:00:00.000+00:00 | ELECTRON MICROSCOPY
H2217	7d43	candidate			I	I	5	41-467	427	0.000000	0	false	/scratch/10992/liaorunlong93/casp16-leaderboard/diagnostics/reference_gap/refmap_candidate_mmcif/7d43.cif	bb24352a5c946b829ae35b7f39b8cc16d094d97cdd06c7a892eb7c826950122b	full_construct_exact_candidate_needs_native_provenance_and_mapping | 7D43_5 | eIF2B-eIF2(aP), aPg complex | 2020-12-09T00:00:00.000+00:00 | ELECTRON MICROSCOPY
H2217	7d43	candidate			J	J	5	40-468	429	0.000000	0	false	/scratch/10992/liaorunlong93/casp16-leaderboard/diagnostics/reference_gap/refmap_candidate_mmcif/7d43.cif	bb24352a5c946b829ae35b7f39b8cc16d094d97cdd06c7a892eb7c826950122b	full_construct_exact_candidate_needs_native_provenance_and_mapping | 7D43_5 | eIF2B-eIF2(aP), aPg complex | 2020-12-09T00:00:00.000+00:00 | ELECTRON MICROSCOPY
H2217	7d43	candidate			K	K	6	6-181,188-271	260	0.000000	0	false	/scratch/10992/liaorunlong93/casp16-leaderboard/diagnostics/reference_gap/refmap_candidate_mmcif/7d43.cif	bb24352a5c946b829ae35b7f39b8cc16d094d97cdd06c7a892eb7c826950122b	full_construct_exact_candidate_needs_native_provenance_and_mapping | 7D43_5 | eIF2B-eIF2(aP), aPg complex | 2020-12-09T00:00:00.000+00:00 | ELECTRON MICROSCOPY
H2217	7d43	candidate			L	L	6	6-181	176	0.000000	0	false	/scratch/10992/liaorunlong93/casp16-leaderboard/diagnostics/reference_gap/refmap_candidate_mmcif/7d43.cif	bb24352a5c946b829ae35b7f39b8cc16d094d97cdd06c7a892eb7c826950122b	full_construct_exact_candidate_needs_native_provenance_and_mapping | 7D43_5 | eIF2B-eIF2(aP), aPg complex | 2020-12-09T00:00:00.000+00:00 | ELECTRON MICROSCOPY
H2217	7d43	candidate			M	M	7	173-188	16	0.000000	0	false	/scratch/10992/liaorunlong93/casp16-leaderboard/diagnostics/reference_gap/refmap_candidate_mmcif/7d43.cif	bb24352a5c946b829ae35b7f39b8cc16d094d97cdd06c7a892eb7c826950122b	full_construct_exact_candidate_needs_native_provenance_and_mapping | 7D43_5 | eIF2B-eIF2(aP), aPg complex | 2020-12-09T00:00:00.000+00:00 | ELECTRON MICROSCOPY
H2217	7d43	candidate			N	P	8	40-460	421	0.000000	0	false	/scratch/10992/liaorunlong93/casp16-leaderboard/diagnostics/reference_gap/refmap_candidate_mmcif/7d43.cif	bb24352a5c946b829ae35b7f39b8cc16d094d97cdd06c7a892eb7c826950122b	full_construct_exact_candidate_needs_native_provenance_and_mapping | 7D43_5 | eIF2B-eIF2(aP), aPg complex | 2020-12-09T00:00:00.000+00:00 | ELECTRON MICROSCOPY
H2217	7d44	candidate			A	A	1	1-255,268-305	293	0.000000	0	false	/scratch/10992/liaorunlong93/casp16-leaderboard/diagnostics/reference_gap/refmap_candidate_mmcif/7d44.cif	94ac7979f473f4d2295626bfe9cca998dc1e138a2f770c3954685bbd289e845a	full_construct_exact_candidate_needs_native_provenance_and_mapping | 7D44_5 | eIF2B-eIF2(aP), aP2 complex | 2020-12-09T00:00:00.000+00:00 | ELECTRON MICROSCOPY
H2217	7d44	candidate			B	B	1	1-253,268-305	291	0.000000	0	false	/scratch/10992/liaorunlong93/casp16-leaderboard/diagnostics/reference_gap/refmap_candidate_mmcif/7d44.cif	94ac7979f473f4d2295626bfe9cca998dc1e138a2f770c3954685bbd289e845a	full_construct_exact_candidate_needs_native_provenance_and_mapping | 7D44_5 | eIF2B-eIF2(aP), aP2 complex | 2020-12-09T00:00:00.000+00:00 | ELECTRON MICROSCOPY
H2217	7d44	candidate			C	C	2	8-98,126-351	317	0.000000	0	false	/scratch/10992/liaorunlong93/casp16-leaderboard/diagnostics/reference_gap/refmap_candidate_mmcif/7d44.cif	94ac7979f473f4d2295626bfe9cca998dc1e138a2f770c3954685bbd289e845a	full_construct_exact_candidate_needs_native_provenance_and_mapping | 7D44_5 | eIF2B-eIF2(aP), aP2 complex | 2020-12-09T00:00:00.000+00:00 | ELECTRON MICROSCOPY
H2217	7d44	candidate			D	D	2	8-98,119-351	324	0.000000	0	false	/scratch/10992/liaorunlong93/casp16-leaderboard/diagnostics/reference_gap/refmap_candidate_mmcif/7d44.cif	94ac7979f473f4d2295626bfe9cca998dc1e138a2f770c3954685bbd289e845a	full_construct_exact_candidate_needs_native_provenance_and_mapping | 7D44_5 | eIF2B-eIF2(aP), aP2 complex | 2020-12-09T00:00:00.000+00:00 | ELECTRON MICROSCOPY
H2217	7d44	candidate			E	E	3	1-11,28-134,155-238,258-295,342-444	343	0.000000	0	false	/scratch/10992/liaorunlong93/casp16-leaderboard/diagnostics/reference_gap/refmap_candidate_mmcif/7d44.cif	94ac7979f473f4d2295626bfe9cca998dc1e138a2f770c3954685bbd289e845a	full_construct_exact_candidate_needs_native_provenance_and_mapping | 7D44_5 | eIF2B-eIF2(aP), aP2 complex | 2020-12-09T00:00:00.000+00:00 | ELECTRON MICROSCOPY
H2217	7d44	candidate			F	F	3	1-11,28-134,155-238,258-295,342-444	343	0.000000	0	false	/scratch/10992/liaorunlong93/casp16-leaderboard/diagnostics/reference_gap/refmap_candidate_mmcif/7d44.cif	94ac7979f473f4d2295626bfe9cca998dc1e138a2f770c3954685bbd289e845a	full_construct_exact_candidate_needs_native_provenance_and_mapping | 7D44_5 | eIF2B-eIF2(aP), aP2 complex | 2020-12-09T00:00:00.000+00:00 | ELECTRON MICROSCOPY
H2217	7d44	candidate			G	G	4	166-518	353	0.000000	0	false	/scratch/10992/liaorunlong93/casp16-leaderboard/diagnostics/reference_gap/refmap_candidate_mmcif/7d44.cif	94ac7979f473f4d2295626bfe9cca998dc1e138a2f770c3954685bbd289e845a	full_construct_exact_candidate_needs_native_provenance_and_mapping | 7D44_5 | eIF2B-eIF2(aP), aP2 complex | 2020-12-09T00:00:00.000+00:00 | ELECTRON MICROSCOPY
H2217	7d44	candidate			H	H	4	166-518	353	0.000000	0	false	/scratch/10992/liaorunlong93/casp16-leaderboard/diagnostics/reference_gap/refmap_candidate_mmcif/7d44.cif	94ac7979f473f4d2295626bfe9cca998dc1e138a2f770c3954685bbd289e845a	full_construct_exact_candidate_needs_native_provenance_and_mapping | 7D44_5 | eIF2B-eIF2(aP), aP2 complex | 2020-12-09T00:00:00.000+00:00 | ELECTRON MICROSCOPY
H2217	7d44	candidate			I	I	5	41-467	427	0.000000	0	false	/scratch/10992/liaorunlong93/casp16-leaderboard/diagnostics/reference_gap/refmap_candidate_mmcif/7d44.cif	94ac7979f473f4d2295626bfe9cca998dc1e138a2f770c3954685bbd289e845a	full_construct_exact_candidate_needs_native_provenance_and_mapping | 7D44_5 | eIF2B-eIF2(aP), aP2 complex | 2020-12-09T00:00:00.000+00:00 | ELECTRON MICROSCOPY
H2217	7d44	candidate			J	J	5	40-468	429	0.000000	0	false	/scratch/10992/liaorunlong93/casp16-leaderboard/diagnostics/reference_gap/refmap_candidate_mmcif/7d44.cif	94ac7979f473f4d2295626bfe9cca998dc1e138a2f770c3954685bbd289e845a	full_construct_exact_candidate_needs_native_provenance_and_mapping | 7D44_5 | eIF2B-eIF2(aP), aP2 complex | 2020-12-09T00:00:00.000+00:00 | ELECTRON MICROSCOPY
H2217	7d44	candidate			K	K	6	6-181	176	0.000000	0	false	/scratch/10992/liaorunlong93/casp16-leaderboard/diagnostics/reference_gap/refmap_candidate_mmcif/7d44.cif	94ac7979f473f4d2295626bfe9cca998dc1e138a2f770c3954685bbd289e845a	full_construct_exact_candidate_needs_native_provenance_and_mapping | 7D44_5 | eIF2B-eIF2(aP), aP2 complex | 2020-12-09T00:00:00.000+00:00 | ELECTRON MICROSCOPY
H2217	7d44	candidate			L	L	6	6-181	176	0.000000	0	false	/scratch/10992/liaorunlong93/casp16-leaderboard/diagnostics/reference_gap/refmap_candidate_mmcif/7d44.cif	94ac7979f473f4d2295626bfe9cca998dc1e138a2f770c3954685bbd289e845a	full_construct_exact_candidate_needs_native_provenance_and_mapping | 7D44_5 | eIF2B-eIF2(aP), aP2 complex | 2020-12-09T00:00:00.000+00:00 | ELECTRON MICROSCOPY
H2217	7d45	candidate			A	A	1	1-255,268-305	293	0.000000	0	false	/scratch/10992/liaorunlong93/casp16-leaderboard/diagnostics/reference_gap/refmap_candidate_mmcif/7d45.cif	2bdffa54690f13f0845528b9707bd1b4cdb5aacf70acc9a90f25443eb6cbdc4c	full_construct_exact_candidate_needs_native_provenance_and_mapping | 7D45_5 | eIF2B-eIF2(aP), aP1 complex | 2020-12-09T00:00:00.000+00:00 | ELECTRON MICROSCOPY
H2217	7d45	candidate			B	B	1	1-253,268-305	291	0.000000	0	false	/scratch/10992/liaorunlong93/casp16-leaderboard/diagnostics/reference_gap/refmap_candidate_mmcif/7d45.cif	2bdffa54690f13f0845528b9707bd1b4cdb5aacf70acc9a90f25443eb6cbdc4c	full_construct_exact_candidate_needs_native_provenance_and_mapping | 7D45_5 | eIF2B-eIF2(aP), aP1 complex | 2020-12-09T00:00:00.000+00:00 | ELECTRON MICROSCOPY
H2217	7d45	candidate			C	C	2	8-98,126-351	317	0.000000	0	false	/scratch/10992/liaorunlong93/casp16-leaderboard/diagnostics/reference_gap/refmap_candidate_mmcif/7d45.cif	2bdffa54690f13f0845528b9707bd1b4cdb5aacf70acc9a90f25443eb6cbdc4c	full_construct_exact_candidate_needs_native_provenance_and_mapping | 7D45_5 | eIF2B-eIF2(aP), aP1 complex | 2020-12-09T00:00:00.000+00:00 | ELECTRON MICROSCOPY
H2217	7d45	candidate			D	D	2	8-98,119-351	324	0.000000	0	false	/scratch/10992/liaorunlong93/casp16-leaderboard/diagnostics/reference_gap/refmap_candidate_mmcif/7d45.cif	2bdffa54690f13f0845528b9707bd1b4cdb5aacf70acc9a90f25443eb6cbdc4c	full_construct_exact_candidate_needs_native_provenance_and_mapping | 7D45_5 | eIF2B-eIF2(aP), aP1 complex | 2020-12-09T00:00:00.000+00:00 | ELECTRON MICROSCOPY
H2217	7d45	candidate			E	E	3	1-11,25-134,155-238,258-295,342-444	346	0.000000	0	false	/scratch/10992/liaorunlong93/casp16-leaderboard/diagnostics/reference_gap/refmap_candidate_mmcif/7d45.cif	2bdffa54690f13f0845528b9707bd1b4cdb5aacf70acc9a90f25443eb6cbdc4c	full_construct_exact_candidate_needs_native_provenance_and_mapping | 7D45_5 | eIF2B-eIF2(aP), aP1 complex | 2020-12-09T00:00:00.000+00:00 | ELECTRON MICROSCOPY
H2217	7d45	candidate			F	F	3	1-11,21-134,155-238,258-295,342-444	350	0.000000	0	false	/scratch/10992/liaorunlong93/casp16-leaderboard/diagnostics/reference_gap/refmap_candidate_mmcif/7d45.cif	2bdffa54690f13f0845528b9707bd1b4cdb5aacf70acc9a90f25443eb6cbdc4c	full_construct_exact_candidate_needs_native_provenance_and_mapping | 7D45_5 | eIF2B-eIF2(aP), aP1 complex | 2020-12-09T00:00:00.000+00:00 | ELECTRON MICROSCOPY
H2217	7d45	candidate			G	G	4	166-518	353	0.000000	0	false	/scratch/10992/liaorunlong93/casp16-leaderboard/diagnostics/reference_gap/refmap_candidate_mmcif/7d45.cif	2bdffa54690f13f0845528b9707bd1b4cdb5aacf70acc9a90f25443eb6cbdc4c	full_construct_exact_candidate_needs_native_provenance_and_mapping | 7D45_5 | eIF2B-eIF2(aP), aP1 complex | 2020-12-09T00:00:00.000+00:00 | ELECTRON MICROSCOPY
H2217	7d45	candidate			H	H	4	166-518	353	0.000000	0	false	/scratch/10992/liaorunlong93/casp16-leaderboard/diagnostics/reference_gap/refmap_candidate_mmcif/7d45.cif	2bdffa54690f13f0845528b9707bd1b4cdb5aacf70acc9a90f25443eb6cbdc4c	full_construct_exact_candidate_needs_native_provenance_and_mapping | 7D45_5 | eIF2B-eIF2(aP), aP1 complex | 2020-12-09T00:00:00.000+00:00 | ELECTRON MICROSCOPY
H2217	7d45	candidate			I	I	5	41-467	427	0.000000	0	false	/scratch/10992/liaorunlong93/casp16-leaderboard/diagnostics/reference_gap/refmap_candidate_mmcif/7d45.cif	2bdffa54690f13f0845528b9707bd1b4cdb5aacf70acc9a90f25443eb6cbdc4c	full_construct_exact_candidate_needs_native_provenance_and_mapping | 7D45_5 | eIF2B-eIF2(aP), aP1 complex | 2020-12-09T00:00:00.000+00:00 | ELECTRON MICROSCOPY
H2217	7d45	candidate			J	J	5	40-468	429	0.000000	0	false	/scratch/10992/liaorunlong93/casp16-leaderboard/diagnostics/reference_gap/refmap_candidate_mmcif/7d45.cif	2bdffa54690f13f0845528b9707bd1b4cdb5aacf70acc9a90f25443eb6cbdc4c	full_construct_exact_candidate_needs_native_provenance_and_mapping | 7D45_5 | eIF2B-eIF2(aP), aP1 complex | 2020-12-09T00:00:00.000+00:00 | ELECTRON MICROSCOPY
H2217	7d45	candidate			K	K	6	6-181	176	0.000000	0	false	/scratch/10992/liaorunlong93/casp16-leaderboard/diagnostics/reference_gap/refmap_candidate_mmcif/7d45.cif	2bdffa54690f13f0845528b9707bd1b4cdb5aacf70acc9a90f25443eb6cbdc4c	full_construct_exact_candidate_needs_native_provenance_and_mapping | 7D45_5 | eIF2B-eIF2(aP), aP1 complex | 2020-12-09T00:00:00.000+00:00 | ELECTRON MICROSCOPY
H2217	7d46	candidate			A	A	1	1-255,268-305	293	0.000000	0	false	/scratch/10992/liaorunlong93/casp16-leaderboard/diagnostics/reference_gap/refmap_candidate_mmcif/7d46.cif	b92cf9af4ae854f167fee731cd532786340baeb5750a08f82d24e38e7b5a39ad	full_construct_exact_candidate_needs_native_provenance_and_mapping | 7D46_5 | eIF2B apo | 2020-12-09T00:00:00.000+00:00 | ELECTRON MICROSCOPY
H2217	7d46	candidate			B	B	1	1-253,268-305	291	0.000000	0	false	/scratch/10992/liaorunlong93/casp16-leaderboard/diagnostics/reference_gap/refmap_candidate_mmcif/7d46.cif	b92cf9af4ae854f167fee731cd532786340baeb5750a08f82d24e38e7b5a39ad	full_construct_exact_candidate_needs_native_provenance_and_mapping | 7D46_5 | eIF2B apo | 2020-12-09T00:00:00.000+00:00 | ELECTRON MICROSCOPY
H2217	7d46	candidate			C	C	2	8-98,122-351	321	0.000000	0	false	/scratch/10992/liaorunlong93/casp16-leaderboard/diagnostics/reference_gap/refmap_candidate_mmcif/7d46.cif	b92cf9af4ae854f167fee731cd532786340baeb5750a08f82d24e38e7b5a39ad	full_construct_exact_candidate_needs_native_provenance_and_mapping | 7D46_5 | eIF2B apo | 2020-12-09T00:00:00.000+00:00 | ELECTRON MICROSCOPY
H2217	7d46	candidate			D	D	2	8-98,119-351	324	0.000000	0	false	/scratch/10992/liaorunlong93/casp16-leaderboard/diagnostics/reference_gap/refmap_candidate_mmcif/7d46.cif	b92cf9af4ae854f167fee731cd532786340baeb5750a08f82d24e38e7b5a39ad	full_construct_exact_candidate_needs_native_provenance_and_mapping | 7D46_5 | eIF2B apo | 2020-12-09T00:00:00.000+00:00 | ELECTRON MICROSCOPY
H2217	7d46	candidate			E	E	3	1-11,26-134,155-238,258-295,342-444	345	0.000000	0	false	/scratch/10992/liaorunlong93/casp16-leaderboard/diagnostics/reference_gap/refmap_candidate_mmcif/7d46.cif	b92cf9af4ae854f167fee731cd532786340baeb5750a08f82d24e38e7b5a39ad	full_construct_exact_candidate_needs_native_provenance_and_mapping | 7D46_5 | eIF2B apo | 2020-12-09T00:00:00.000+00:00 | ELECTRON MICROSCOPY
H2217	7d46	candidate			F	F	3	1-11,26-134,155-238,258-295,342-444	345	0.000000	0	false	/scratch/10992/liaorunlong93/casp16-leaderboard/diagnostics/reference_gap/refmap_candidate_mmcif/7d46.cif	b92cf9af4ae854f167fee731cd532786340baeb5750a08f82d24e38e7b5a39ad	full_construct_exact_candidate_needs_native_provenance_and_mapping | 7D46_5 | eIF2B apo | 2020-12-09T00:00:00.000+00:00 | ELECTRON MICROSCOPY
H2217	7d46	candidate			G	G	4	166-518	353	0.000000	0	false	/scratch/10992/liaorunlong93/casp16-leaderboard/diagnostics/reference_gap/refmap_candidate_mmcif/7d46.cif	b92cf9af4ae854f167fee731cd532786340baeb5750a08f82d24e38e7b5a39ad	full_construct_exact_candidate_needs_native_provenance_and_mapping | 7D46_5 | eIF2B apo | 2020-12-09T00:00:00.000+00:00 | ELECTRON MICROSCOPY
H2217	7d46	candidate			H	H	4	166-518	353	0.000000	0	false	/scratch/10992/liaorunlong93/casp16-leaderboard/diagnostics/reference_gap/refmap_candidate_mmcif/7d46.cif	b92cf9af4ae854f167fee731cd532786340baeb5750a08f82d24e38e7b5a39ad	full_construct_exact_candidate_needs_native_provenance_and_mapping | 7D46_5 | eIF2B apo | 2020-12-09T00:00:00.000+00:00 | ELECTRON MICROSCOPY
H2217	7d46	candidate			I	I	5	41-467	427	0.000000	0	false	/scratch/10992/liaorunlong93/casp16-leaderboard/diagnostics/reference_gap/refmap_candidate_mmcif/7d46.cif	b92cf9af4ae854f167fee731cd532786340baeb5750a08f82d24e38e7b5a39ad	full_construct_exact_candidate_needs_native_provenance_and_mapping | 7D46_5 | eIF2B apo | 2020-12-09T00:00:00.000+00:00 | ELECTRON MICROSCOPY
H2217	7d46	candidate			J	J	5	40-468	429	0.000000	0	false	/scratch/10992/liaorunlong93/casp16-leaderboard/diagnostics/reference_gap/refmap_candidate_mmcif/7d46.cif	b92cf9af4ae854f167fee731cd532786340baeb5750a08f82d24e38e7b5a39ad	full_construct_exact_candidate_needs_native_provenance_and_mapping | 7D46_5 | eIF2B apo | 2020-12-09T00:00:00.000+00:00 | ELECTRON MICROSCOPY
H2217	7f64	candidate			A	A	1	1-254,268-305	292	0.000000	0	false	/scratch/10992/liaorunlong93/casp16-leaderboard/diagnostics/reference_gap/refmap_candidate_mmcif/7f64.cif	b95dd2a0269b3244740b058e0a8d726f4b464bf3a90f5046920b320e850f7a05	full_construct_exact_candidate_needs_native_provenance_and_mapping | 7F64_5 | eIF2B-SFSV NSs | 2021-12-08T00:00:00.000+00:00 | ELECTRON MICROSCOPY
H2217	7f64	candidate			B	B	1	1-254,268-305	292	0.000000	0	false	/scratch/10992/liaorunlong93/casp16-leaderboard/diagnostics/reference_gap/refmap_candidate_mmcif/7f64.cif	b95dd2a0269b3244740b058e0a8d726f4b464bf3a90f5046920b320e850f7a05	full_construct_exact_candidate_needs_native_provenance_and_mapping | 7F64_5 | eIF2B-SFSV NSs | 2021-12-08T00:00:00.000+00:00 | ELECTRON MICROSCOPY
H2217	7f64	candidate			C	C	2	8-99,106-115,121-351	333	0.000000	0	false	/scratch/10992/liaorunlong93/casp16-leaderboard/diagnostics/reference_gap/refmap_candidate_mmcif/7f64.cif	b95dd2a0269b3244740b058e0a8d726f4b464bf3a90f5046920b320e850f7a05	full_construct_exact_candidate_needs_native_provenance_and_mapping | 7F64_5 | eIF2B-SFSV NSs | 2021-12-08T00:00:00.000+00:00 | ELECTRON MICROSCOPY
H2217	7f64	candidate			D	D	2	8-99,106-115,121-351	333	0.000000	0	false	/scratch/10992/liaorunlong93/casp16-leaderboard/diagnostics/reference_gap/refmap_candidate_mmcif/7f64.cif	b95dd2a0269b3244740b058e0a8d726f4b464bf3a90f5046920b320e850f7a05	full_construct_exact_candidate_needs_native_provenance_and_mapping | 7F64_5 | eIF2B-SFSV NSs | 2021-12-08T00:00:00.000+00:00 | ELECTRON MICROSCOPY
H2217	7f64	candidate			E	E	3	1-10,27-136,154-238,259-295	242	0.000000	0	false	/scratch/10992/liaorunlong93/casp16-leaderboard/diagnostics/reference_gap/refmap_candidate_mmcif/7f64.cif	b95dd2a0269b3244740b058e0a8d726f4b464bf3a90f5046920b320e850f7a05	full_construct_exact_candidate_needs_native_provenance_and_mapping | 7F64_5 | eIF2B-SFSV NSs | 2021-12-08T00:00:00.000+00:00 | ELECTRON MICROSCOPY
H2217	7f64	candidate			F	F	3	1-10,27-136,154-238,259-295	242	0.000000	0	false	/scratch/10992/liaorunlong93/casp16-leaderboard/diagnostics/reference_gap/refmap_candidate_mmcif/7f64.cif	b95dd2a0269b3244740b058e0a8d726f4b464bf3a90f5046920b320e850f7a05	full_construct_exact_candidate_needs_native_provenance_and_mapping | 7F64_5 | eIF2B-SFSV NSs | 2021-12-08T00:00:00.000+00:00 | ELECTRON MICROSCOPY
H2217	7f64	candidate			G	G	4	166-521	356	0.000000	0	false	/scratch/10992/liaorunlong93/casp16-leaderboard/diagnostics/reference_gap/refmap_candidate_mmcif/7f64.cif	b95dd2a0269b3244740b058e0a8d726f4b464bf3a90f5046920b320e850f7a05	full_construct_exact_candidate_needs_native_provenance_and_mapping | 7F64_5 | eIF2B-SFSV NSs | 2021-12-08T00:00:00.000+00:00 | ELECTRON MICROSCOPY
H2217	7f64	candidate			H	H	4	166-521	356	0.000000	0	false	/scratch/10992/liaorunlong93/casp16-leaderboard/diagnostics/reference_gap/refmap_candidate_mmcif/7f64.cif	b95dd2a0269b3244740b058e0a8d726f4b464bf3a90f5046920b320e850f7a05	full_construct_exact_candidate_needs_native_provenance_and_mapping | 7F64_5 | eIF2B-SFSV NSs | 2021-12-08T00:00:00.000+00:00 | ELECTRON MICROSCOPY
H2217	7f64	candidate			I	I	5	40-466	427	0.000000	0	false	/scratch/10992/liaorunlong93/casp16-leaderboard/diagnostics/reference_gap/refmap_candidate_mmcif/7f64.cif	b95dd2a0269b3244740b058e0a8d726f4b464bf3a90f5046920b320e850f7a05	full_construct_exact_candidate_needs_native_provenance_and_mapping | 7F64_5 | eIF2B-SFSV NSs | 2021-12-08T00:00:00.000+00:00 | ELECTRON MICROSCOPY
H2217	7f64	candidate			J	J	5	40-466	427	0.000000	0	false	/scratch/10992/liaorunlong93/casp16-leaderboard/diagnostics/reference_gap/refmap_candidate_mmcif/7f64.cif	b95dd2a0269b3244740b058e0a8d726f4b464bf3a90f5046920b320e850f7a05	full_construct_exact_candidate_needs_native_provenance_and_mapping | 7F64_5 | eIF2B-SFSV NSs | 2021-12-08T00:00:00.000+00:00 | ELECTRON MICROSCOPY
H2217	7f64	candidate			K	K	6	1-103,111-204	197	0.000000	0	false	/scratch/10992/liaorunlong93/casp16-leaderboard/diagnostics/reference_gap/refmap_candidate_mmcif/7f64.cif	b95dd2a0269b3244740b058e0a8d726f4b464bf3a90f5046920b320e850f7a05	full_construct_exact_candidate_needs_native_provenance_and_mapping | 7F64_5 | eIF2B-SFSV NSs | 2021-12-08T00:00:00.000+00:00 | ELECTRON MICROSCOPY
H2217	7f64	candidate			L	L	6	1-103,111-204	197	0.000000	0	false	/scratch/10992/liaorunlong93/casp16-leaderboard/diagnostics/reference_gap/refmap_candidate_mmcif/7f64.cif	b95dd2a0269b3244740b058e0a8d726f4b464bf3a90f5046920b320e850f7a05	full_construct_exact_candidate_needs_native_provenance_and_mapping | 7F64_5 | eIF2B-SFSV NSs | 2021-12-08T00:00:00.000+00:00 | ELECTRON MICROSCOPY
H2217	7f66	candidate			A	A	1	2-256,270-307	293	0.000000	0	false	/scratch/10992/liaorunlong93/casp16-leaderboard/diagnostics/reference_gap/refmap_candidate_mmcif/7f66.cif	afe4781e8250076b7cc69051e37f5e623b1bf854d8a28d129caf0e5f483c958f	full_construct_exact_candidate_needs_native_provenance_and_mapping | 7F66_5 | eIF2B-SFSV NSs-1-eIF2 | 2021-12-01T00:00:00.000+00:00 | ELECTRON MICROSCOPY
H2217	7f66	candidate			B	B	1	2-256,270-307	293	0.000000	0	false	/scratch/10992/liaorunlong93/casp16-leaderboard/diagnostics/reference_gap/refmap_candidate_mmcif/7f66.cif	afe4781e8250076b7cc69051e37f5e623b1bf854d8a28d129caf0e5f483c958f	full_construct_exact_candidate_needs_native_provenance_and_mapping | 7F66_5 | eIF2B-SFSV NSs-1-eIF2 | 2021-12-01T00:00:00.000+00:00 | ELECTRON MICROSCOPY
H2217	7f66	candidate			C	C	2	8-99,105-115,120-351	335	0.000000	0	false	/scratch/10992/liaorunlong93/casp16-leaderboard/diagnostics/reference_gap/refmap_candidate_mmcif/7f66.cif	afe4781e8250076b7cc69051e37f5e623b1bf854d8a28d129caf0e5f483c958f	full_construct_exact_candidate_needs_native_provenance_and_mapping | 7F66_5 | eIF2B-SFSV NSs-1-eIF2 | 2021-12-01T00:00:00.000+00:00 | ELECTRON MICROSCOPY
H2217	7f66	candidate			D	D	2	9-98,106-115,121-351	331	0.000000	0	false	/scratch/10992/liaorunlong93/casp16-leaderboard/diagnostics/reference_gap/refmap_candidate_mmcif/7f66.cif	afe4781e8250076b7cc69051e37f5e623b1bf854d8a28d129caf0e5f483c958f	full_construct_exact_candidate_needs_native_provenance_and_mapping | 7F66_5 | eIF2B-SFSV NSs-1-eIF2 | 2021-12-01T00:00:00.000+00:00 | ELECTRON MICROSCOPY
H2217	7f66	candidate			E	E	3	1-10,27-136,155-238,259-295	241	0.000000	0	false	/scratch/10992/liaorunlong93/casp16-leaderboard/diagnostics/reference_gap/refmap_candidate_mmcif/7f66.cif	afe4781e8250076b7cc69051e37f5e623b1bf854d8a28d129caf0e5f483c958f	full_construct_exact_candidate_needs_native_provenance_and_mapping | 7F66_5 | eIF2B-SFSV NSs-1-eIF2 | 2021-12-01T00:00:00.000+00:00 | ELECTRON MICROSCOPY
H2217	7f66	candidate			F	F	3	1-10,23-136,154-238,259-295	246	0.000000	0	false	/scratch/10992/liaorunlong93/casp16-leaderboard/diagnostics/reference_gap/refmap_candidate_mmcif/7f66.cif	afe4781e8250076b7cc69051e37f5e623b1bf854d8a28d129caf0e5f483c958f	full_construct_exact_candidate_needs_native_provenance_and_mapping | 7F66_5 | eIF2B-SFSV NSs-1-eIF2 | 2021-12-01T00:00:00.000+00:00 | ELECTRON MICROSCOPY
H2217	7f66	candidate			G	G	4	166-521	356	0.000000	0	false	/scratch/10992/liaorunlong93/casp16-leaderboard/diagnostics/reference_gap/refmap_candidate_mmcif/7f66.cif	afe4781e8250076b7cc69051e37f5e623b1bf854d8a28d129caf0e5f483c958f	full_construct_exact_candidate_needs_native_provenance_and_mapping | 7F66_5 | eIF2B-SFSV NSs-1-eIF2 | 2021-12-01T00:00:00.000+00:00 | ELECTRON MICROSCOPY
H2217	7f66	candidate			H	H	4	166-520	355	0.000000	0	false	/scratch/10992/liaorunlong93/casp16-leaderboard/diagnostics/reference_gap/refmap_candidate_mmcif/7f66.cif	afe4781e8250076b7cc69051e37f5e623b1bf854d8a28d129caf0e5f483c958f	full_construct_exact_candidate_needs_native_provenance_and_mapping | 7F66_5 | eIF2B-SFSV NSs-1-eIF2 | 2021-12-01T00:00:00.000+00:00 | ELECTRON MICROSCOPY
H2217	7f66	candidate			I	I	5	40-466	427	0.000000	0	false	/scratch/10992/liaorunlong93/casp16-leaderboard/diagnostics/reference_gap/refmap_candidate_mmcif/7f66.cif	afe4781e8250076b7cc69051e37f5e623b1bf854d8a28d129caf0e5f483c958f	full_construct_exact_candidate_needs_native_provenance_and_mapping | 7F66_5 | eIF2B-SFSV NSs-1-eIF2 | 2021-12-01T00:00:00.000+00:00 | ELECTRON MICROSCOPY
H2217	7f66	candidate			J	J	5	40-466,549-688,692-715	591	0.000000	0	false	/scratch/10992/liaorunlong93/casp16-leaderboard/diagnostics/reference_gap/refmap_candidate_mmcif/7f66.cif	afe4781e8250076b7cc69051e37f5e623b1bf854d8a28d129caf0e5f483c958f	full_construct_exact_candidate_needs_native_provenance_and_mapping | 7F66_5 | eIF2B-SFSV NSs-1-eIF2 | 2021-12-01T00:00:00.000+00:00 | ELECTRON MICROSCOPY
H2217	7f66	candidate			K	K	6	1-103,111-204	197	0.000000	0	false	/scratch/10992/liaorunlong93/casp16-leaderboard/diagnostics/reference_gap/refmap_candidate_mmcif/7f66.cif	afe4781e8250076b7cc69051e37f5e623b1bf854d8a28d129caf0e5f483c958f	full_construct_exact_candidate_needs_native_provenance_and_mapping | 7F66_5 | eIF2B-SFSV NSs-1-eIF2 | 2021-12-01T00:00:00.000+00:00 | ELECTRON MICROSCOPY
H2217	7f66	candidate			L	L	6	1-103,111-204	197	0.000000	0	false	/scratch/10992/liaorunlong93/casp16-leaderboard/diagnostics/reference_gap/refmap_candidate_mmcif/7f66.cif	afe4781e8250076b7cc69051e37f5e623b1bf854d8a28d129caf0e5f483c958f	full_construct_exact_candidate_needs_native_provenance_and_mapping | 7F66_5 | eIF2B-SFSV NSs-1-eIF2 | 2021-12-01T00:00:00.000+00:00 | ELECTRON MICROSCOPY
H2217	7f66	candidate			M	N	7	4-278	275	0.000000	0	false	/scratch/10992/liaorunlong93/casp16-leaderboard/diagnostics/reference_gap/refmap_candidate_mmcif/7f66.cif	afe4781e8250076b7cc69051e37f5e623b1bf854d8a28d129caf0e5f483c958f	full_construct_exact_candidate_needs_native_provenance_and_mapping | 7F66_5 | eIF2B-SFSV NSs-1-eIF2 | 2021-12-01T00:00:00.000+00:00 | ELECTRON MICROSCOPY
H2217	7f66	candidate			N	O	8	1-14	14	0.000000	0	false	/scratch/10992/liaorunlong93/casp16-leaderboard/diagnostics/reference_gap/refmap_candidate_mmcif/7f66.cif	afe4781e8250076b7cc69051e37f5e623b1bf854d8a28d129caf0e5f483c958f	full_construct_exact_candidate_needs_native_provenance_and_mapping | 7F66_5 | eIF2B-SFSV NSs-1-eIF2 | 2021-12-01T00:00:00.000+00:00 | ELECTRON MICROSCOPY
H2217	7f66	candidate			O	S	9	20-91,123-179,184-223,228-468	410	0.000000	0	false	/scratch/10992/liaorunlong93/casp16-leaderboard/diagnostics/reference_gap/refmap_candidate_mmcif/7f66.cif	afe4781e8250076b7cc69051e37f5e623b1bf854d8a28d129caf0e5f483c958f	full_construct_exact_candidate_needs_native_provenance_and_mapping | 7F66_5 | eIF2B-SFSV NSs-1-eIF2 | 2021-12-01T00:00:00.000+00:00 | ELECTRON MICROSCOPY
H2217	7f67	candidate			A	A	1	1-254,268-305	292	0.000000	0	false	/scratch/10992/liaorunlong93/casp16-leaderboard/diagnostics/reference_gap/refmap_candidate_mmcif/7f67.cif	d4ffdd588833c780ee263b1eb309005a6bb6599cdccd08a14ecc66a2b68bb762	full_construct_exact_candidate_needs_native_provenance_and_mapping | 7F67_5 | eIF2B-SFSV NSs-2-eIF2 | 2021-12-01T00:00:00.000+00:00 | ELECTRON MICROSCOPY
H2217	7f67	candidate			B	B	1	1-254,268-305	292	0.000000	0	false	/scratch/10992/liaorunlong93/casp16-leaderboard/diagnostics/reference_gap/refmap_candidate_mmcif/7f67.cif	d4ffdd588833c780ee263b1eb309005a6bb6599cdccd08a14ecc66a2b68bb762	full_construct_exact_candidate_needs_native_provenance_and_mapping | 7F67_5 | eIF2B-SFSV NSs-2-eIF2 | 2021-12-01T00:00:00.000+00:00 | ELECTRON MICROSCOPY
H2217	7f67	candidate			C	C	2	8-99,106-115,127-351	327	0.000000	0	false	/scratch/10992/liaorunlong93/casp16-leaderboard/diagnostics/reference_gap/refmap_candidate_mmcif/7f67.cif	d4ffdd588833c780ee263b1eb309005a6bb6599cdccd08a14ecc66a2b68bb762	full_construct_exact_candidate_needs_native_provenance_and_mapping | 7F67_5 | eIF2B-SFSV NSs-2-eIF2 | 2021-12-01T00:00:00.000+00:00 | ELECTRON MICROSCOPY
H2217	7f67	candidate			D	D	2	9-98,106-115,127-351	325	0.000000	0	false	/scratch/10992/liaorunlong93/casp16-leaderboard/diagnostics/reference_gap/refmap_candidate_mmcif/7f67.cif	d4ffdd588833c780ee263b1eb309005a6bb6599cdccd08a14ecc66a2b68bb762	full_construct_exact_candidate_needs_native_provenance_and_mapping | 7F67_5 | eIF2B-SFSV NSs-2-eIF2 | 2021-12-01T00:00:00.000+00:00 | ELECTRON MICROSCOPY
H2217	7f67	candidate			E	E	3	1-10,27-136,155-238,259-295	241	0.000000	0	false	/scratch/10992/liaorunlong93/casp16-leaderboard/diagnostics/reference_gap/refmap_candidate_mmcif/7f67.cif	d4ffdd588833c780ee263b1eb309005a6bb6599cdccd08a14ecc66a2b68bb762	full_construct_exact_candidate_needs_native_provenance_and_mapping | 7F67_5 | eIF2B-SFSV NSs-2-eIF2 | 2021-12-01T00:00:00.000+00:00 | ELECTRON MICROSCOPY
H2217	7f67	candidate			F	F	3	1-9,28-134,154-238,259-295	238	0.000000	0	false	/scratch/10992/liaorunlong93/casp16-leaderboard/diagnostics/reference_gap/refmap_candidate_mmcif/7f67.cif	d4ffdd588833c780ee263b1eb309005a6bb6599cdccd08a14ecc66a2b68bb762	full_construct_exact_candidate_needs_native_provenance_and_mapping | 7F67_5 | eIF2B-SFSV NSs-2-eIF2 | 2021-12-01T00:00:00.000+00:00 | ELECTRON MICROSCOPY
H2217	7f67	candidate			G	G	4	166-521	356	0.000000	0	false	/scratch/10992/liaorunlong93/casp16-leaderboard/diagnostics/reference_gap/refmap_candidate_mmcif/7f67.cif	d4ffdd588833c780ee263b1eb309005a6bb6599cdccd08a14ecc66a2b68bb762	full_construct_exact_candidate_needs_native_provenance_and_mapping | 7F67_5 | eIF2B-SFSV NSs-2-eIF2 | 2021-12-01T00:00:00.000+00:00 | ELECTRON MICROSCOPY
H2217	7f67	candidate			H	H	4	166-520	355	0.000000	0	false	/scratch/10992/liaorunlong93/casp16-leaderboard/diagnostics/reference_gap/refmap_candidate_mmcif/7f67.cif	d4ffdd588833c780ee263b1eb309005a6bb6599cdccd08a14ecc66a2b68bb762	full_construct_exact_candidate_needs_native_provenance_and_mapping | 7F67_5 | eIF2B-SFSV NSs-2-eIF2 | 2021-12-01T00:00:00.000+00:00 | ELECTRON MICROSCOPY
H2217	7f67	candidate			I	I	5	40-466,549-688,692-715	591	0.000000	0	false	/scratch/10992/liaorunlong93/casp16-leaderboard/diagnostics/reference_gap/refmap_candidate_mmcif/7f67.cif	d4ffdd588833c780ee263b1eb309005a6bb6599cdccd08a14ecc66a2b68bb762	full_construct_exact_candidate_needs_native_provenance_and_mapping | 7F67_5 | eIF2B-SFSV NSs-2-eIF2 | 2021-12-01T00:00:00.000+00:00 | ELECTRON MICROSCOPY
H2217	7f67	candidate			J	J	5	40-466,549-688,692-715	591	0.000000	0	false	/scratch/10992/liaorunlong93/casp16-leaderboard/diagnostics/reference_gap/refmap_candidate_mmcif/7f67.cif	d4ffdd588833c780ee263b1eb309005a6bb6599cdccd08a14ecc66a2b68bb762	full_construct_exact_candidate_needs_native_provenance_and_mapping | 7F67_5 | eIF2B-SFSV NSs-2-eIF2 | 2021-12-01T00:00:00.000+00:00 | ELECTRON MICROSCOPY
H2217	7f67	candidate			K	K	6	1-14,22-103,111-204	190	0.000000	0	false	/scratch/10992/liaorunlong93/casp16-leaderboard/diagnostics/reference_gap/refmap_candidate_mmcif/7f67.cif	d4ffdd588833c780ee263b1eb309005a6bb6599cdccd08a14ecc66a2b68bb762	full_construct_exact_candidate_needs_native_provenance_and_mapping | 7F67_5 | eIF2B-SFSV NSs-2-eIF2 | 2021-12-01T00:00:00.000+00:00 | ELECTRON MICROSCOPY
H2217	7f67	candidate			L	L	6	1-14,22-103,111-204	190	0.000000	0	false	/scratch/10992/liaorunlong93/casp16-leaderboard/diagnostics/reference_gap/refmap_candidate_mmcif/7f67.cif	d4ffdd588833c780ee263b1eb309005a6bb6599cdccd08a14ecc66a2b68bb762	full_construct_exact_candidate_needs_native_provenance_and_mapping | 7F67_5 | eIF2B-SFSV NSs-2-eIF2 | 2021-12-01T00:00:00.000+00:00 | ELECTRON MICROSCOPY
H2217	7f67	candidate			M	N	7	4-278	275	0.000000	0	false	/scratch/10992/liaorunlong93/casp16-leaderboard/diagnostics/reference_gap/refmap_candidate_mmcif/7f67.cif	d4ffdd588833c780ee263b1eb309005a6bb6599cdccd08a14ecc66a2b68bb762	full_construct_exact_candidate_needs_native_provenance_and_mapping | 7F67_5 | eIF2B-SFSV NSs-2-eIF2 | 2021-12-01T00:00:00.000+00:00 | ELECTRON MICROSCOPY
H2217	7f67	candidate			N	O	8	1-14	14	0.000000	0	false	/scratch/10992/liaorunlong93/casp16-leaderboard/diagnostics/reference_gap/refmap_candidate_mmcif/7f67.cif	d4ffdd588833c780ee263b1eb309005a6bb6599cdccd08a14ecc66a2b68bb762	full_construct_exact_candidate_needs_native_provenance_and_mapping | 7F67_5 | eIF2B-SFSV NSs-2-eIF2 | 2021-12-01T00:00:00.000+00:00 | ELECTRON MICROSCOPY
H2217	7f67	candidate			O	S	9	20-91,123-179,184-223,228-468	410	0.000000	0	false	/scratch/10992/liaorunlong93/casp16-leaderboard/diagnostics/reference_gap/refmap_candidate_mmcif/7f67.cif	d4ffdd588833c780ee263b1eb309005a6bb6599cdccd08a14ecc66a2b68bb762	full_construct_exact_candidate_needs_native_provenance_and_mapping | 7F67_5 | eIF2B-SFSV NSs-2-eIF2 | 2021-12-01T00:00:00.000+00:00 | ELECTRON MICROSCOPY
H2217	7f67	candidate			P	Q	7	4-278	275	0.000000	0	false	/scratch/10992/liaorunlong93/casp16-leaderboard/diagnostics/reference_gap/refmap_candidate_mmcif/7f67.cif	d4ffdd588833c780ee263b1eb309005a6bb6599cdccd08a14ecc66a2b68bb762	full_construct_exact_candidate_needs_native_provenance_and_mapping | 7F67_5 | eIF2B-SFSV NSs-2-eIF2 | 2021-12-01T00:00:00.000+00:00 | ELECTRON MICROSCOPY
H2217	7f67	candidate			Q	R	8	1-14	14	0.000000	0	false	/scratch/10992/liaorunlong93/casp16-leaderboard/diagnostics/reference_gap/refmap_candidate_mmcif/7f67.cif	d4ffdd588833c780ee263b1eb309005a6bb6599cdccd08a14ecc66a2b68bb762	full_construct_exact_candidate_needs_native_provenance_and_mapping | 7F67_5 | eIF2B-SFSV NSs-2-eIF2 | 2021-12-01T00:00:00.000+00:00 | ELECTRON MICROSCOPY
H2217	7f67	candidate			R	T	9	20-91,123-179,184-223,228-468	410	0.000000	0	false	/scratch/10992/liaorunlong93/casp16-leaderboard/diagnostics/reference_gap/refmap_candidate_mmcif/7f67.cif	d4ffdd588833c780ee263b1eb309005a6bb6599cdccd08a14ecc66a2b68bb762	full_construct_exact_candidate_needs_native_provenance_and_mapping | 7F67_5 | eIF2B-SFSV NSs-2-eIF2 | 2021-12-01T00:00:00.000+00:00 | ELECTRON MICROSCOPY
H2217	7kmf	candidate			A	C	1	25-113,142-367	315	0.000000	0	false	/scratch/10992/liaorunlong93/casp16-leaderboard/diagnostics/reference_gap/refmap_candidate_mmcif/7kmf.cif	d8064b1f7d7aba9f472c4453c344f970bd26d1efb0b52f76e56fad08d49f13b3	full_construct_exact_candidate_needs_native_provenance_and_mapping | 7KMF_4 | Sugar phosphate activation of the stress sensor eIF2B | 2021-07-14T00:00:00.000+00:00 | ELECTRON MICROSCOPY
H2217	7kmf	candidate			B	D	1	25-42,45-113,141-367	314	0.000000	0	false	/scratch/10992/liaorunlong93/casp16-leaderboard/diagnostics/reference_gap/refmap_candidate_mmcif/7kmf.cif	d8064b1f7d7aba9f472c4453c344f970bd26d1efb0b52f76e56fad08d49f13b3	full_construct_exact_candidate_needs_native_provenance_and_mapping | 7KMF_4 | Sugar phosphate activation of the stress sensor eIF2B | 2021-07-14T00:00:00.000+00:00 | ELECTRON MICROSCOPY
H2217	7kmf	candidate			C	F	2	179-187,192-242,248-289,294-466,471-520	325	0.000000	0	false	/scratch/10992/liaorunlong93/casp16-leaderboard/diagnostics/reference_gap/refmap_candidate_mmcif/7kmf.cif	d8064b1f7d7aba9f472c4453c344f970bd26d1efb0b52f76e56fad08d49f13b3	full_construct_exact_candidate_needs_native_provenance_and_mapping | 7KMF_4 | Sugar phosphate activation of the stress sensor eIF2B | 2021-07-14T00:00:00.000+00:00 | ELECTRON MICROSCOPY
H2217	7kmf	candidate			D	E	2	179-187,191-242,248-289,292-467,470-520	330	0.000000	0	false	/scratch/10992/liaorunlong93/casp16-leaderboard/diagnostics/reference_gap/refmap_candidate_mmcif/7kmf.cif	d8064b1f7d7aba9f472c4453c344f970bd26d1efb0b52f76e56fad08d49f13b3	full_construct_exact_candidate_needs_native_provenance_and_mapping | 7KMF_4 | Sugar phosphate activation of the stress sensor eIF2B | 2021-07-14T00:00:00.000+00:00 | ELECTRON MICROSCOPY
H2217	7kmf	candidate			E	H	3	3-36,41-80,88-254,266-304	280	0.000000	0	false	/scratch/10992/liaorunlong93/casp16-leaderboard/diagnostics/reference_gap/refmap_candidate_mmcif/7kmf.cif	d8064b1f7d7aba9f472c4453c344f970bd26d1efb0b52f76e56fad08d49f13b3	full_construct_exact_candidate_needs_native_provenance_and_mapping | 7KMF_4 | Sugar phosphate activation of the stress sensor eIF2B | 2021-07-14T00:00:00.000+00:00 | ELECTRON MICROSCOPY
H2217	7kmf	candidate			F	G	3	3-36,42-254,266-305	287	0.000000	0	false	/scratch/10992/liaorunlong93/casp16-leaderboard/diagnostics/reference_gap/refmap_candidate_mmcif/7kmf.cif	d8064b1f7d7aba9f472c4453c344f970bd26d1efb0b52f76e56fad08d49f13b3	full_construct_exact_candidate_needs_native_provenance_and_mapping | 7KMF_4 | Sugar phosphate activation of the stress sensor eIF2B | 2021-07-14T00:00:00.000+00:00 | ELECTRON MICROSCOPY
H2217	7kmf	candidate			G	B	4	41-231,238-279,285-464	413	0.000000	0	false	/scratch/10992/liaorunlong93/casp16-leaderboard/diagnostics/reference_gap/refmap_candidate_mmcif/7kmf.cif	d8064b1f7d7aba9f472c4453c344f970bd26d1efb0b52f76e56fad08d49f13b3	full_construct_exact_candidate_needs_native_provenance_and_mapping | 7KMF_4 | Sugar phosphate activation of the stress sensor eIF2B | 2021-07-14T00:00:00.000+00:00 | ELECTRON MICROSCOPY
H2217	7kmf	candidate			H	I	4	41-232,238-279,285-466	416	0.000000	0	false	/scratch/10992/liaorunlong93/casp16-leaderboard/diagnostics/reference_gap/refmap_candidate_mmcif/7kmf.cif	d8064b1f7d7aba9f472c4453c344f970bd26d1efb0b52f76e56fad08d49f13b3	full_construct_exact_candidate_needs_native_provenance_and_mapping | 7KMF_4 | Sugar phosphate activation of the stress sensor eIF2B | 2021-07-14T00:00:00.000+00:00 | ELECTRON MICROSCOPY
H2217	7kmf	candidate			I	J	5	1-9,36-54,75-79,87-133,155-171,174-214,226-237,240-243,260-267	162	0.000000	0	false	/scratch/10992/liaorunlong93/casp16-leaderboard/diagnostics/reference_gap/refmap_candidate_mmcif/7kmf.cif	d8064b1f7d7aba9f472c4453c344f970bd26d1efb0b52f76e56fad08d49f13b3	full_construct_exact_candidate_needs_native_provenance_and_mapping | 7KMF_4 | Sugar phosphate activation of the stress sensor eIF2B | 2021-07-14T00:00:00.000+00:00 | ELECTRON MICROSCOPY
H2217	7kmf	candidate			J	K	5	1-9,36-44,48-53,75-78,87-133,155-217,226-237,240-243,259-267	163	0.000000	0	false	/scratch/10992/liaorunlong93/casp16-leaderboard/diagnostics/reference_gap/refmap_candidate_mmcif/7kmf.cif	d8064b1f7d7aba9f472c4453c344f970bd26d1efb0b52f76e56fad08d49f13b3	full_construct_exact_candidate_needs_native_provenance_and_mapping | 7KMF_4 | Sugar phosphate activation of the stress sensor eIF2B | 2021-07-14T00:00:00.000+00:00 | ELECTRON MICROSCOPY
H2217	7rlo	candidate			A	A	1	41-279,285-459	414	0.000000	0	false	/scratch/10992/liaorunlong93/casp16-leaderboard/diagnostics/reference_gap/refmap_candidate_mmcif/7rlo.cif	aeb32f20ec9b4cae68e0bd3d3cfa981f59a039cb2b76fa2f57fdb198059d2534	full_construct_exact_candidate_needs_native_provenance_and_mapping | 7RLO_1 | Structure of the human eukaryotic translation initiation factor 2B (eIF2B) in complex with a viral protein NSs | 2021-12-22T00:00:00.000+00:00 | ELECTRON MICROSCOPY
H2217	7rlo	candidate			B	B	1	41-279,285-459	414	0.000000	0	false	/scratch/10992/liaorunlong93/casp16-leaderboard/diagnostics/reference_gap/refmap_candidate_mmcif/7rlo.cif	aeb32f20ec9b4cae68e0bd3d3cfa981f59a039cb2b76fa2f57fdb198059d2534	full_construct_exact_candidate_needs_native_provenance_and_mapping | 7RLO_1 | Structure of the human eukaryotic translation initiation factor 2B (eIF2B) in complex with a viral protein NSs | 2021-12-22T00:00:00.000+00:00 | ELECTRON MICROSCOPY
H2217	7rlo	candidate			C	C	2	8-98,106-115,120-351	333	0.000000	0	false	/scratch/10992/liaorunlong93/casp16-leaderboard/diagnostics/reference_gap/refmap_candidate_mmcif/7rlo.cif	aeb32f20ec9b4cae68e0bd3d3cfa981f59a039cb2b76fa2f57fdb198059d2534	full_construct_exact_candidate_needs_native_provenance_and_mapping | 7RLO_1 | Structure of the human eukaryotic translation initiation factor 2B (eIF2B) in complex with a viral protein NSs | 2021-12-22T00:00:00.000+00:00 | ELECTRON MICROSCOPY
H2217	7rlo	candidate			D	D	2	8-98,106-115,120-351	333	0.000000	0	false	/scratch/10992/liaorunlong93/casp16-leaderboard/diagnostics/reference_gap/refmap_candidate_mmcif/7rlo.cif	aeb32f20ec9b4cae68e0bd3d3cfa981f59a039cb2b76fa2f57fdb198059d2534	full_construct_exact_candidate_needs_native_provenance_and_mapping | 7RLO_1 | Structure of the human eukaryotic translation initiation factor 2B (eIF2B) in complex with a viral protein NSs | 2021-12-22T00:00:00.000+00:00 | ELECTRON MICROSCOPY
H2217	7rlo	candidate			E	E	3	167-519	353	0.000000	0	false	/scratch/10992/liaorunlong93/casp16-leaderboard/diagnostics/reference_gap/refmap_candidate_mmcif/7rlo.cif	aeb32f20ec9b4cae68e0bd3d3cfa981f59a039cb2b76fa2f57fdb198059d2534	full_construct_exact_candidate_needs_native_provenance_and_mapping | 7RLO_1 | Structure of the human eukaryotic translation initiation factor 2B (eIF2B) in complex with a viral protein NSs | 2021-12-22T00:00:00.000+00:00 | ELECTRON MICROSCOPY
H2217	7rlo	candidate			F	F	3	167-519	353	0.000000	0	false	/scratch/10992/liaorunlong93/casp16-leaderboard/diagnostics/reference_gap/refmap_candidate_mmcif/7rlo.cif	aeb32f20ec9b4cae68e0bd3d3cfa981f59a039cb2b76fa2f57fdb198059d2534	full_construct_exact_candidate_needs_native_provenance_and_mapping | 7RLO_1 | Structure of the human eukaryotic translation initiation factor 2B (eIF2B) in complex with a viral protein NSs | 2021-12-22T00:00:00.000+00:00 | ELECTRON MICROSCOPY
H2217	7rlo	candidate			G	G	4	5-252,270-305	284	0.000000	0	false	/scratch/10992/liaorunlong93/casp16-leaderboard/diagnostics/reference_gap/refmap_candidate_mmcif/7rlo.cif	aeb32f20ec9b4cae68e0bd3d3cfa981f59a039cb2b76fa2f57fdb198059d2534	full_construct_exact_candidate_needs_native_provenance_and_mapping | 7RLO_1 | Structure of the human eukaryotic translation initiation factor 2B (eIF2B) in complex with a viral protein NSs | 2021-12-22T00:00:00.000+00:00 | ELECTRON MICROSCOPY
H2217	7rlo	candidate			H	H	4	5-252,270-305	284	0.000000	0	false	/scratch/10992/liaorunlong93/casp16-leaderboard/diagnostics/reference_gap/refmap_candidate_mmcif/7rlo.cif	aeb32f20ec9b4cae68e0bd3d3cfa981f59a039cb2b76fa2f57fdb198059d2534	full_construct_exact_candidate_needs_native_provenance_and_mapping | 7RLO_1 | Structure of the human eukaryotic translation initiation factor 2B (eIF2B) in complex with a viral protein NSs | 2021-12-22T00:00:00.000+00:00 | ELECTRON MICROSCOPY
H2217	7rlo	candidate			I	I	5	1-10,24-61,71-79,83-136,155-235,261-268,297-334	238	0.000000	0	false	/scratch/10992/liaorunlong93/casp16-leaderboard/diagnostics/reference_gap/refmap_candidate_mmcif/7rlo.cif	aeb32f20ec9b4cae68e0bd3d3cfa981f59a039cb2b76fa2f57fdb198059d2534	full_construct_exact_candidate_needs_native_provenance_and_mapping | 7RLO_1 | Structure of the human eukaryotic translation initiation factor 2B (eIF2B) in complex with a viral protein NSs | 2021-12-22T00:00:00.000+00:00 | ELECTRON MICROSCOPY
H2217	7rlo	candidate			J	J	5	1-10,24-61,71-78,84-136,155-235,297-334	228	0.000000	0	false	/scratch/10992/liaorunlong93/casp16-leaderboard/diagnostics/reference_gap/refmap_candidate_mmcif/7rlo.cif	aeb32f20ec9b4cae68e0bd3d3cfa981f59a039cb2b76fa2f57fdb198059d2534	full_construct_exact_candidate_needs_native_provenance_and_mapping | 7RLO_1 | Structure of the human eukaryotic translation initiation factor 2B (eIF2B) in complex with a viral protein NSs | 2021-12-22T00:00:00.000+00:00 | ELECTRON MICROSCOPY
H2217	7rlo	candidate			K	K	6	1-208,217-226	218	0.000000	0	false	/scratch/10992/liaorunlong93/casp16-leaderboard/diagnostics/reference_gap/refmap_candidate_mmcif/7rlo.cif	aeb32f20ec9b4cae68e0bd3d3cfa981f59a039cb2b76fa2f57fdb198059d2534	full_construct_exact_candidate_needs_native_provenance_and_mapping | 7RLO_1 | Structure of the human eukaryotic translation initiation factor 2B (eIF2B) in complex with a viral protein NSs | 2021-12-22T00:00:00.000+00:00 | ELECTRON MICROSCOPY
H2217	7rlo	candidate			L	L	6	1-208,217-226	218	0.000000	0	false	/scratch/10992/liaorunlong93/casp16-leaderboard/diagnostics/reference_gap/refmap_candidate_mmcif/7rlo.cif	aeb32f20ec9b4cae68e0bd3d3cfa981f59a039cb2b76fa2f57fdb198059d2534	full_construct_exact_candidate_needs_native_provenance_and_mapping | 7RLO_1 | Structure of the human eukaryotic translation initiation factor 2B (eIF2B) in complex with a viral protein NSs | 2021-12-22T00:00:00.000+00:00 | ELECTRON MICROSCOPY
H2217	7trj	candidate			A	A	1	41-279,285-459	414	0.000000	0	false	/scratch/10992/liaorunlong93/casp16-leaderboard/diagnostics/reference_gap/refmap_candidate_mmcif/7trj.cif	7aa805f87e5c0a37ef0906ce74d7c4441dd416e49509b74d14c47448ee249a92	full_construct_exact_candidate_needs_native_provenance_and_mapping | 7TRJ_1 | The eukaryotic translation initiation factor 2B from Homo sapiens with a H160D mutation in the beta subunit | 2022-04-27T00:00:00.000+00:00 | ELECTRON MICROSCOPY
H2217	7trj	candidate			B	D	2	8-98,108-113,120-351	329	0.000000	0	false	/scratch/10992/liaorunlong93/casp16-leaderboard/diagnostics/reference_gap/refmap_candidate_mmcif/7trj.cif	7aa805f87e5c0a37ef0906ce74d7c4441dd416e49509b74d14c47448ee249a92	full_construct_exact_candidate_needs_native_provenance_and_mapping | 7TRJ_1 | The eukaryotic translation initiation factor 2B from Homo sapiens with a H160D mutation in the beta subunit | 2022-04-27T00:00:00.000+00:00 | ELECTRON MICROSCOPY
H2217	7trj	candidate			C	E	3	167-519	353	0.000000	0	false	/scratch/10992/liaorunlong93/casp16-leaderboard/diagnostics/reference_gap/refmap_candidate_mmcif/7trj.cif	7aa805f87e5c0a37ef0906ce74d7c4441dd416e49509b74d14c47448ee249a92	full_construct_exact_candidate_needs_native_provenance_and_mapping | 7TRJ_1 | The eukaryotic translation initiation factor 2B from Homo sapiens with a H160D mutation in the beta subunit | 2022-04-27T00:00:00.000+00:00 | ELECTRON MICROSCOPY
H2217	7trj	candidate			D	G	4	4-252,270-305	285	0.000000	0	false	/scratch/10992/liaorunlong93/casp16-leaderboard/diagnostics/reference_gap/refmap_candidate_mmcif/7trj.cif	7aa805f87e5c0a37ef0906ce74d7c4441dd416e49509b74d14c47448ee249a92	full_construct_exact_candidate_needs_native_provenance_and_mapping | 7TRJ_1 | The eukaryotic translation initiation factor 2B from Homo sapiens with a H160D mutation in the beta subunit | 2022-04-27T00:00:00.000+00:00 | ELECTRON MICROSCOPY
H2217	7trj	candidate			E	I	5	1-10,24-61,71-79,84-134,155-237,262-268,297-334	236	0.000000	0	false	/scratch/10992/liaorunlong93/casp16-leaderboard/diagnostics/reference_gap/refmap_candidate_mmcif/7trj.cif	7aa805f87e5c0a37ef0906ce74d7c4441dd416e49509b74d14c47448ee249a92	full_construct_exact_candidate_needs_native_provenance_and_mapping | 7TRJ_1 | The eukaryotic translation initiation factor 2B from Homo sapiens with a H160D mutation in the beta subunit | 2022-04-27T00:00:00.000+00:00 | ELECTRON MICROSCOPY
H2217	7trj	candidate			F	B	1	41-279,285-459	414	0.000000	0	false	/scratch/10992/liaorunlong93/casp16-leaderboard/diagnostics/reference_gap/refmap_candidate_mmcif/7trj.cif	7aa805f87e5c0a37ef0906ce74d7c4441dd416e49509b74d14c47448ee249a92	full_construct_exact_candidate_needs_native_provenance_and_mapping | 7TRJ_1 | The eukaryotic translation initiation factor 2B from Homo sapiens with a H160D mutation in the beta subunit | 2022-04-27T00:00:00.000+00:00 | ELECTRON MICROSCOPY
H2217	7trj	candidate			G	C	2	8-98,108-113,120-351	329	0.000000	0	false	/scratch/10992/liaorunlong93/casp16-leaderboard/diagnostics/reference_gap/refmap_candidate_mmcif/7trj.cif	7aa805f87e5c0a37ef0906ce74d7c4441dd416e49509b74d14c47448ee249a92	full_construct_exact_candidate_needs_native_provenance_and_mapping | 7TRJ_1 | The eukaryotic translation initiation factor 2B from Homo sapiens with a H160D mutation in the beta subunit | 2022-04-27T00:00:00.000+00:00 | ELECTRON MICROSCOPY
H2217	7trj	candidate			H	F	3	167-519	353	0.000000	0	false	/scratch/10992/liaorunlong93/casp16-leaderboard/diagnostics/reference_gap/refmap_candidate_mmcif/7trj.cif	7aa805f87e5c0a37ef0906ce74d7c4441dd416e49509b74d14c47448ee249a92	full_construct_exact_candidate_needs_native_provenance_and_mapping | 7TRJ_1 | The eukaryotic translation initiation factor 2B from Homo sapiens with a H160D mutation in the beta subunit | 2022-04-27T00:00:00.000+00:00 | ELECTRON MICROSCOPY
H2217	7trj	candidate			I	H	4	4-252,270-305	285	0.000000	0	false	/scratch/10992/liaorunlong93/casp16-leaderboard/diagnostics/reference_gap/refmap_candidate_mmcif/7trj.cif	7aa805f87e5c0a37ef0906ce74d7c4441dd416e49509b74d14c47448ee249a92	full_construct_exact_candidate_needs_native_provenance_and_mapping | 7TRJ_1 | The eukaryotic translation initiation factor 2B from Homo sapiens with a H160D mutation in the beta subunit | 2022-04-27T00:00:00.000+00:00 | ELECTRON MICROSCOPY
H2217	7trj	candidate			J	J	5	1-10,24-61,71-79,84-134,155-237,262-268,297-334	236	0.000000	0	false	/scratch/10992/liaorunlong93/casp16-leaderboard/diagnostics/reference_gap/refmap_candidate_mmcif/7trj.cif	7aa805f87e5c0a37ef0906ce74d7c4441dd416e49509b74d14c47448ee249a92	full_construct_exact_candidate_needs_native_provenance_and_mapping | 7TRJ_1 | The eukaryotic translation initiation factor 2B from Homo sapiens with a H160D mutation in the beta subunit | 2022-04-27T00:00:00.000+00:00 | ELECTRON MICROSCOPY
H2217	7vlk	candidate			A	A	1	1-256,270-307	294	0.000000	0	false	/scratch/10992/liaorunlong93/casp16-leaderboard/diagnostics/reference_gap/refmap_candidate_mmcif/7vlk.cif	51d740ee75eef31c6879de5a7ee78bf5fbbcda3770ce4f9e4bffe634d5dfbd71	full_construct_exact_candidate_needs_native_provenance_and_mapping | 7VLK_5 | eIF2B-SFSV NSs C2-imposed | 2021-12-01T00:00:00.000+00:00 | ELECTRON MICROSCOPY
H2217	7vlk	candidate			B	B	1	1-256,270-307	294	0.000000	0	false	/scratch/10992/liaorunlong93/casp16-leaderboard/diagnostics/reference_gap/refmap_candidate_mmcif/7vlk.cif	51d740ee75eef31c6879de5a7ee78bf5fbbcda3770ce4f9e4bffe634d5dfbd71	full_construct_exact_candidate_needs_native_provenance_and_mapping | 7VLK_5 | eIF2B-SFSV NSs C2-imposed | 2021-12-01T00:00:00.000+00:00 | ELECTRON MICROSCOPY
H2217	7vlk	candidate			C	C	2	8-99,106-115,121-351	333	0.000000	0	false	/scratch/10992/liaorunlong93/casp16-leaderboard/diagnostics/reference_gap/refmap_candidate_mmcif/7vlk.cif	51d740ee75eef31c6879de5a7ee78bf5fbbcda3770ce4f9e4bffe634d5dfbd71	full_construct_exact_candidate_needs_native_provenance_and_mapping | 7VLK_5 | eIF2B-SFSV NSs C2-imposed | 2021-12-01T00:00:00.000+00:00 | ELECTRON MICROSCOPY
H2217	7vlk	candidate			D	D	2	8-99,106-115,121-351	333	0.000000	0	false	/scratch/10992/liaorunlong93/casp16-leaderboard/diagnostics/reference_gap/refmap_candidate_mmcif/7vlk.cif	51d740ee75eef31c6879de5a7ee78bf5fbbcda3770ce4f9e4bffe634d5dfbd71	full_construct_exact_candidate_needs_native_provenance_and_mapping | 7VLK_5 | eIF2B-SFSV NSs C2-imposed | 2021-12-01T00:00:00.000+00:00 | ELECTRON MICROSCOPY
H2217	7vlk	candidate			E	E	3	1-10,27-136,154-238,259-295	242	0.000000	0	false	/scratch/10992/liaorunlong93/casp16-leaderboard/diagnostics/reference_gap/refmap_candidate_mmcif/7vlk.cif	51d740ee75eef31c6879de5a7ee78bf5fbbcda3770ce4f9e4bffe634d5dfbd71	full_construct_exact_candidate_needs_native_provenance_and_mapping | 7VLK_5 | eIF2B-SFSV NSs C2-imposed | 2021-12-01T00:00:00.000+00:00 | ELECTRON MICROSCOPY
H2217	7vlk	candidate			F	F	3	1-10,27-136,154-238,259-295	242	0.000000	0	false	/scratch/10992/liaorunlong93/casp16-leaderboard/diagnostics/reference_gap/refmap_candidate_mmcif/7vlk.cif	51d740ee75eef31c6879de5a7ee78bf5fbbcda3770ce4f9e4bffe634d5dfbd71	full_construct_exact_candidate_needs_native_provenance_and_mapping | 7VLK_5 | eIF2B-SFSV NSs C2-imposed | 2021-12-01T00:00:00.000+00:00 | ELECTRON MICROSCOPY
H2217	7vlk	candidate			G	G	4	166-521	356	0.000000	0	false	/scratch/10992/liaorunlong93/casp16-leaderboard/diagnostics/reference_gap/refmap_candidate_mmcif/7vlk.cif	51d740ee75eef31c6879de5a7ee78bf5fbbcda3770ce4f9e4bffe634d5dfbd71	full_construct_exact_candidate_needs_native_provenance_and_mapping | 7VLK_5 | eIF2B-SFSV NSs C2-imposed | 2021-12-01T00:00:00.000+00:00 | ELECTRON MICROSCOPY
H2217	7vlk	candidate			H	H	4	166-521	356	0.000000	0	false	/scratch/10992/liaorunlong93/casp16-leaderboard/diagnostics/reference_gap/refmap_candidate_mmcif/7vlk.cif	51d740ee75eef31c6879de5a7ee78bf5fbbcda3770ce4f9e4bffe634d5dfbd71	full_construct_exact_candidate_needs_native_provenance_and_mapping | 7VLK_5 | eIF2B-SFSV NSs C2-imposed | 2021-12-01T00:00:00.000+00:00 | ELECTRON MICROSCOPY
H2217	7vlk	candidate			I	I	5	40-466	427	0.000000	0	false	/scratch/10992/liaorunlong93/casp16-leaderboard/diagnostics/reference_gap/refmap_candidate_mmcif/7vlk.cif	51d740ee75eef31c6879de5a7ee78bf5fbbcda3770ce4f9e4bffe634d5dfbd71	full_construct_exact_candidate_needs_native_provenance_and_mapping | 7VLK_5 | eIF2B-SFSV NSs C2-imposed | 2021-12-01T00:00:00.000+00:00 | ELECTRON MICROSCOPY
H2217	7vlk	candidate			J	J	5	40-466	427	0.000000	0	false	/scratch/10992/liaorunlong93/casp16-leaderboard/diagnostics/reference_gap/refmap_candidate_mmcif/7vlk.cif	51d740ee75eef31c6879de5a7ee78bf5fbbcda3770ce4f9e4bffe634d5dfbd71	full_construct_exact_candidate_needs_native_provenance_and_mapping | 7VLK_5 | eIF2B-SFSV NSs C2-imposed | 2021-12-01T00:00:00.000+00:00 | ELECTRON MICROSCOPY
H2217	7vlk	candidate			K	K	6	1-103,111-204	197	0.000000	0	false	/scratch/10992/liaorunlong93/casp16-leaderboard/diagnostics/reference_gap/refmap_candidate_mmcif/7vlk.cif	51d740ee75eef31c6879de5a7ee78bf5fbbcda3770ce4f9e4bffe634d5dfbd71	full_construct_exact_candidate_needs_native_provenance_and_mapping | 7VLK_5 | eIF2B-SFSV NSs C2-imposed | 2021-12-01T00:00:00.000+00:00 | ELECTRON MICROSCOPY
H2217	7vlk	candidate			L	L	6	1-103,111-204	197	0.000000	0	false	/scratch/10992/liaorunlong93/casp16-leaderboard/diagnostics/reference_gap/refmap_candidate_mmcif/7vlk.cif	51d740ee75eef31c6879de5a7ee78bf5fbbcda3770ce4f9e4bffe634d5dfbd71	full_construct_exact_candidate_needs_native_provenance_and_mapping | 7VLK_5 | eIF2B-SFSV NSs C2-imposed | 2021-12-01T00:00:00.000+00:00 | ELECTRON MICROSCOPY
H2217	9hvd	candidate			A	F	1	1-136,152-247,255-270,296-445	398	0.000000	0	false	/scratch/10992/liaorunlong93/casp16-leaderboard/diagnostics/reference_gap/refmap_candidate_mmcif/9hvd.cif	60231b0603cfb47c34d6578181f71dda1b40ce1d4960990f1c87fa744f3501dd	full_construct_exact_candidate_needs_native_provenance_and_mapping | 9HVD_3 | Native human P-eIF2-eIF2B complex | 2025-11-19T00:00:00.000+00:00 | ELECTRON MICROSCOPY
H2217	9hvd	candidate			B	K	2	3-185	183	0.000000	0	false	/scratch/10992/liaorunlong93/casp16-leaderboard/diagnostics/reference_gap/refmap_candidate_mmcif/9hvd.cif	60231b0603cfb47c34d6578181f71dda1b40ce1d4960990f1c87fa744f3501dd	full_construct_exact_candidate_needs_native_provenance_and_mapping | 9HVD_3 | Native human P-eIF2-eIF2B complex | 2025-11-19T00:00:00.000+00:00 | ELECTRON MICROSCOPY
H2217	9hvd	candidate			C	J	3	39-456,481-500	438	0.000000	0	false	/scratch/10992/liaorunlong93/casp16-leaderboard/diagnostics/reference_gap/refmap_candidate_mmcif/9hvd.cif	60231b0603cfb47c34d6578181f71dda1b40ce1d4960990f1c87fa744f3501dd	full_construct_exact_candidate_needs_native_provenance_and_mapping | 9HVD_3 | Native human P-eIF2-eIF2B complex | 2025-11-19T00:00:00.000+00:00 | ELECTRON MICROSCOPY
H2217	9hvd	candidate			D	D	4	8-98,119-351	324	0.000000	0	false	/scratch/10992/liaorunlong93/casp16-leaderboard/diagnostics/reference_gap/refmap_candidate_mmcif/9hvd.cif	60231b0603cfb47c34d6578181f71dda1b40ce1d4960990f1c87fa744f3501dd	full_construct_exact_candidate_needs_native_provenance_and_mapping | 9HVD_3 | Native human P-eIF2-eIF2B complex | 2025-11-19T00:00:00.000+00:00 | ELECTRON MICROSCOPY
H2217	9hvd	candidate			E	B	5	1-254,268-305	292	0.000000	0	false	/scratch/10992/liaorunlong93/casp16-leaderboard/diagnostics/reference_gap/refmap_candidate_mmcif/9hvd.cif	60231b0603cfb47c34d6578181f71dda1b40ce1d4960990f1c87fa744f3501dd	full_construct_exact_candidate_needs_native_provenance_and_mapping | 9HVD_3 | Native human P-eIF2-eIF2B complex | 2025-11-19T00:00:00.000+00:00 | ELECTRON MICROSCOPY
H2217	9hvd	candidate			F	G	6	177-520	344	0.000000	0	false	/scratch/10992/liaorunlong93/casp16-leaderboard/diagnostics/reference_gap/refmap_candidate_mmcif/9hvd.cif	60231b0603cfb47c34d6578181f71dda1b40ce1d4960990f1c87fa744f3501dd	full_construct_exact_candidate_needs_native_provenance_and_mapping | 9HVD_3 | Native human P-eIF2-eIF2B complex | 2025-11-19T00:00:00.000+00:00 | ELECTRON MICROSCOPY
H2217	9hvd	candidate			G	E	1	1-244,257-445	433	0.000000	0	false	/scratch/10992/liaorunlong93/casp16-leaderboard/diagnostics/reference_gap/refmap_candidate_mmcif/9hvd.cif	60231b0603cfb47c34d6578181f71dda1b40ce1d4960990f1c87fa744f3501dd	full_construct_exact_candidate_needs_native_provenance_and_mapping | 9HVD_3 | Native human P-eIF2-eIF2B complex | 2025-11-19T00:00:00.000+00:00 | ELECTRON MICROSCOPY
H2217	9hvd	candidate			H	I	3	38-456,480-499	439	0.000000	0	false	/scratch/10992/liaorunlong93/casp16-leaderboard/diagnostics/reference_gap/refmap_candidate_mmcif/9hvd.cif	60231b0603cfb47c34d6578181f71dda1b40ce1d4960990f1c87fa744f3501dd	full_construct_exact_candidate_needs_native_provenance_and_mapping | 9HVD_3 | Native human P-eIF2-eIF2B complex | 2025-11-19T00:00:00.000+00:00 | ELECTRON MICROSCOPY
H2217	9hvd	candidate			I	C	4	6-98,119-351	326	0.000000	0	false	/scratch/10992/liaorunlong93/casp16-leaderboard/diagnostics/reference_gap/refmap_candidate_mmcif/9hvd.cif	60231b0603cfb47c34d6578181f71dda1b40ce1d4960990f1c87fa744f3501dd	full_construct_exact_candidate_needs_native_provenance_and_mapping | 9HVD_3 | Native human P-eIF2-eIF2B complex | 2025-11-19T00:00:00.000+00:00 | ELECTRON MICROSCOPY
H2217	9hvd	candidate			J	A	5	1-254,267-305	293	0.000000	0	false	/scratch/10992/liaorunlong93/casp16-leaderboard/diagnostics/reference_gap/refmap_candidate_mmcif/9hvd.cif	60231b0603cfb47c34d6578181f71dda1b40ce1d4960990f1c87fa744f3501dd	full_construct_exact_candidate_needs_native_provenance_and_mapping | 9HVD_3 | Native human P-eIF2-eIF2B complex | 2025-11-19T00:00:00.000+00:00 | ELECTRON MICROSCOPY
H2217	9hvd	candidate			K	H	6	175-518	344	0.000000	0	false	/scratch/10992/liaorunlong93/casp16-leaderboard/diagnostics/reference_gap/refmap_candidate_mmcif/9hvd.cif	60231b0603cfb47c34d6578181f71dda1b40ce1d4960990f1c87fa744f3501dd	full_construct_exact_candidate_needs_native_provenance_and_mapping | 9HVD_3 | Native human P-eIF2-eIF2B complex | 2025-11-19T00:00:00.000+00:00 | ELECTRON MICROSCOPY
H2217	9hvd	candidate			L	L	2	3-185	183	0.000000	0	false	/scratch/10992/liaorunlong93/casp16-leaderboard/diagnostics/reference_gap/refmap_candidate_mmcif/9hvd.cif	60231b0603cfb47c34d6578181f71dda1b40ce1d4960990f1c87fa744f3501dd	full_construct_exact_candidate_needs_native_provenance_and_mapping | 9HVD_3 | Native human P-eIF2-eIF2B complex | 2025-11-19T00:00:00.000+00:00 | ELECTRON MICROSCOPY
H2217	9hve	candidate			A	F	1	1-241,260-283,295-445	416	0.000000	0	false	/scratch/10992/liaorunlong93/casp16-leaderboard/diagnostics/reference_gap/refmap_candidate_mmcif/9hve.cif	2aacf2192283650dfa58d271e7d371dded823bf8241223ca63899942b04a420f	full_construct_exact_candidate_needs_native_provenance_and_mapping | 9HVE_3 | Native human eIF2-eIF2B complex | 2025-11-19T00:00:00.000+00:00 | ELECTRON MICROSCOPY
H2217	9hve	candidate			B	E	1	1-241,260-283,295-445	416	0.000000	0	false	/scratch/10992/liaorunlong93/casp16-leaderboard/diagnostics/reference_gap/refmap_candidate_mmcif/9hve.cif	2aacf2192283650dfa58d271e7d371dded823bf8241223ca63899942b04a420f	full_construct_exact_candidate_needs_native_provenance_and_mapping | 9HVE_3 | Native human eIF2-eIF2B complex | 2025-11-19T00:00:00.000+00:00 | ELECTRON MICROSCOPY
H2217	9hve	candidate			C	K	2	2-279	278	0.000000	0	false	/scratch/10992/liaorunlong93/casp16-leaderboard/diagnostics/reference_gap/refmap_candidate_mmcif/9hve.cif	2aacf2192283650dfa58d271e7d371dded823bf8241223ca63899942b04a420f	full_construct_exact_candidate_needs_native_provenance_and_mapping | 9HVE_3 | Native human eIF2-eIF2B complex | 2025-11-19T00:00:00.000+00:00 | ELECTRON MICROSCOPY
H2217	9hve	candidate			D	I	3	38-266,268-461,478-509,547-721	630	0.000000	0	false	/scratch/10992/liaorunlong93/casp16-leaderboard/diagnostics/reference_gap/refmap_candidate_mmcif/9hve.cif	2aacf2192283650dfa58d271e7d371dded823bf8241223ca63899942b04a420f	full_construct_exact_candidate_needs_native_provenance_and_mapping | 9HVE_3 | Native human eIF2-eIF2B complex | 2025-11-19T00:00:00.000+00:00 | ELECTRON MICROSCOPY
H2217	9hve	candidate			E	O	4	11-470	460	0.000000	0	false	/scratch/10992/liaorunlong93/casp16-leaderboard/diagnostics/reference_gap/refmap_candidate_mmcif/9hve.cif	2aacf2192283650dfa58d271e7d371dded823bf8241223ca63899942b04a420f	full_construct_exact_candidate_needs_native_provenance_and_mapping | 9HVE_3 | Native human eIF2-eIF2B complex | 2025-11-19T00:00:00.000+00:00 | ELECTRON MICROSCOPY
H2217	9hve	candidate			F	D	5	6-351	346	0.000000	0	false	/scratch/10992/liaorunlong93/casp16-leaderboard/diagnostics/reference_gap/refmap_candidate_mmcif/9hve.cif	2aacf2192283650dfa58d271e7d371dded823bf8241223ca63899942b04a420f	full_construct_exact_candidate_needs_native_provenance_and_mapping | 9HVE_3 | Native human eIF2-eIF2B complex | 2025-11-19T00:00:00.000+00:00 | ELECTRON MICROSCOPY
H2217	9hve	candidate			G	A	6	1-257,262-305	301	0.000000	0	false	/scratch/10992/liaorunlong93/casp16-leaderboard/diagnostics/reference_gap/refmap_candidate_mmcif/9hve.cif	2aacf2192283650dfa58d271e7d371dded823bf8241223ca63899942b04a420f	full_construct_exact_candidate_needs_native_provenance_and_mapping | 9HVE_3 | Native human eIF2-eIF2B complex | 2025-11-19T00:00:00.000+00:00 | ELECTRON MICROSCOPY
H2217	9hve	candidate			H	H	7	164-523	360	0.000000	0	false	/scratch/10992/liaorunlong93/casp16-leaderboard/diagnostics/reference_gap/refmap_candidate_mmcif/9hve.cif	2aacf2192283650dfa58d271e7d371dded823bf8241223ca63899942b04a420f	full_construct_exact_candidate_needs_native_provenance_and_mapping | 9HVE_3 | Native human eIF2-eIF2B complex | 2025-11-19T00:00:00.000+00:00 | ELECTRON MICROSCOPY
H2217	9hve	candidate			I	M	8	167-190	24	0.000000	0	false	/scratch/10992/liaorunlong93/casp16-leaderboard/diagnostics/reference_gap/refmap_candidate_mmcif/9hve.cif	2aacf2192283650dfa58d271e7d371dded823bf8241223ca63899942b04a420f	full_construct_exact_candidate_needs_native_provenance_and_mapping | 9HVE_3 | Native human eIF2-eIF2B complex | 2025-11-19T00:00:00.000+00:00 | ELECTRON MICROSCOPY
H2217	9hve	candidate			J	N	8	167-190	24	0.000000	0	false	/scratch/10992/liaorunlong93/casp16-leaderboard/diagnostics/reference_gap/refmap_candidate_mmcif/9hve.cif	2aacf2192283650dfa58d271e7d371dded823bf8241223ca63899942b04a420f	full_construct_exact_candidate_needs_native_provenance_and_mapping | 9HVE_3 | Native human eIF2-eIF2B complex | 2025-11-19T00:00:00.000+00:00 | ELECTRON MICROSCOPY
H2217	9hve	candidate			K	L	2	2-279	278	0.000000	0	false	/scratch/10992/liaorunlong93/casp16-leaderboard/diagnostics/reference_gap/refmap_candidate_mmcif/9hve.cif	2aacf2192283650dfa58d271e7d371dded823bf8241223ca63899942b04a420f	full_construct_exact_candidate_needs_native_provenance_and_mapping | 9HVE_3 | Native human eIF2-eIF2B complex | 2025-11-19T00:00:00.000+00:00 | ELECTRON MICROSCOPY
H2217	9hve	candidate			L	J	3	38-266,268-461,478-509,547-721	630	0.000000	0	false	/scratch/10992/liaorunlong93/casp16-leaderboard/diagnostics/reference_gap/refmap_candidate_mmcif/9hve.cif	2aacf2192283650dfa58d271e7d371dded823bf8241223ca63899942b04a420f	full_construct_exact_candidate_needs_native_provenance_and_mapping | 9HVE_3 | Native human eIF2-eIF2B complex | 2025-11-19T00:00:00.000+00:00 | ELECTRON MICROSCOPY
H2217	9hve	candidate			M	P	4	11-470	460	0.000000	0	false	/scratch/10992/liaorunlong93/casp16-leaderboard/diagnostics/reference_gap/refmap_candidate_mmcif/9hve.cif	2aacf2192283650dfa58d271e7d371dded823bf8241223ca63899942b04a420f	full_construct_exact_candidate_needs_native_provenance_and_mapping | 9HVE_3 | Native human eIF2-eIF2B complex | 2025-11-19T00:00:00.000+00:00 | ELECTRON MICROSCOPY
H2217	9hve	candidate			N	C	5	6-351	346	0.000000	0	false	/scratch/10992/liaorunlong93/casp16-leaderboard/diagnostics/reference_gap/refmap_candidate_mmcif/9hve.cif	2aacf2192283650dfa58d271e7d371dded823bf8241223ca63899942b04a420f	full_construct_exact_candidate_needs_native_provenance_and_mapping | 9HVE_3 | Native human eIF2-eIF2B complex | 2025-11-19T00:00:00.000+00:00 | ELECTRON MICROSCOPY
H2217	9hve	candidate			O	B	6	1-257,262-305	301	0.000000	0	false	/scratch/10992/liaorunlong93/casp16-leaderboard/diagnostics/reference_gap/refmap_candidate_mmcif/9hve.cif	2aacf2192283650dfa58d271e7d371dded823bf8241223ca63899942b04a420f	full_construct_exact_candidate_needs_native_provenance_and_mapping | 9HVE_3 | Native human eIF2-eIF2B complex | 2025-11-19T00:00:00.000+00:00 | ELECTRON MICROSCOPY
H2217	9hve	candidate			P	G	7	164-523	360	0.000000	0	false	/scratch/10992/liaorunlong93/casp16-leaderboard/diagnostics/reference_gap/refmap_candidate_mmcif/9hve.cif	2aacf2192283650dfa58d271e7d371dded823bf8241223ca63899942b04a420f	full_construct_exact_candidate_needs_native_provenance_and_mapping | 9HVE_3 | Native human eIF2-eIF2B complex | 2025-11-19T00:00:00.000+00:00 | ELECTRON MICROSCOPY
H2217	9y3v	candidate			A	A	1	39-456,481-499	437	0.000000	0	false	/scratch/10992/liaorunlong93/casp16-leaderboard/diagnostics/reference_gap/refmap_candidate_mmcif/9y3v.cif	69396a605fdfa9a8009afa20b62d7f73646734fb63748ff407d426ee9af5a044	full_construct_exact_candidate_needs_native_provenance_and_mapping | 9Y3V_1 | Eukaryotic translation initiation factor 2-B (eIF2B) bound to the viral effector AcP10 | 2026-06-24T00:00:00.000+00:00 | ELECTRON MICROSCOPY
H2217	9y3v	candidate			B	B	1	39-456,481-499	437	0.000000	0	false	/scratch/10992/liaorunlong93/casp16-leaderboard/diagnostics/reference_gap/refmap_candidate_mmcif/9y3v.cif	69396a605fdfa9a8009afa20b62d7f73646734fb63748ff407d426ee9af5a044	full_construct_exact_candidate_needs_native_provenance_and_mapping | 9Y3V_1 | Eukaryotic translation initiation factor 2-B (eIF2B) bound to the viral effector AcP10 | 2026-06-24T00:00:00.000+00:00 | ELECTRON MICROSCOPY
H2217	9y3v	candidate			C	C	2	25-368	344	0.000000	0	false	/scratch/10992/liaorunlong93/casp16-leaderboard/diagnostics/reference_gap/refmap_candidate_mmcif/9y3v.cif	69396a605fdfa9a8009afa20b62d7f73646734fb63748ff407d426ee9af5a044	full_construct_exact_candidate_needs_native_provenance_and_mapping | 9Y3V_1 | Eukaryotic translation initiation factor 2-B (eIF2B) bound to the viral effector AcP10 | 2026-06-24T00:00:00.000+00:00 | ELECTRON MICROSCOPY
H2217	9y3v	candidate			D	D	2	25-368	344	0.000000	0	false	/scratch/10992/liaorunlong93/casp16-leaderboard/diagnostics/reference_gap/refmap_candidate_mmcif/9y3v.cif	69396a605fdfa9a8009afa20b62d7f73646734fb63748ff407d426ee9af5a044	full_construct_exact_candidate_needs_native_provenance_and_mapping | 9Y3V_1 | Eukaryotic translation initiation factor 2-B (eIF2B) bound to the viral effector AcP10 | 2026-06-24T00:00:00.000+00:00 | ELECTRON MICROSCOPY
H2217	9y3v	candidate			E	E	3	167-522	356	0.000000	0	false	/scratch/10992/liaorunlong93/casp16-leaderboard/diagnostics/reference_gap/refmap_candidate_mmcif/9y3v.cif	69396a605fdfa9a8009afa20b62d7f73646734fb63748ff407d426ee9af5a044	full_construct_exact_candidate_needs_native_provenance_and_mapping | 9Y3V_1 | Eukaryotic translation initiation factor 2-B (eIF2B) bound to the viral effector AcP10 | 2026-06-24T00:00:00.000+00:00 | ELECTRON MICROSCOPY
H2217	9y3v	candidate			F	F	3	167-522	356	0.000000	0	false	/scratch/10992/liaorunlong93/casp16-leaderboard/diagnostics/reference_gap/refmap_candidate_mmcif/9y3v.cif	69396a605fdfa9a8009afa20b62d7f73646734fb63748ff407d426ee9af5a044	full_construct_exact_candidate_needs_native_provenance_and_mapping | 9Y3V_1 | Eukaryotic translation initiation factor 2-B (eIF2B) bound to the viral effector AcP10 | 2026-06-24T00:00:00.000+00:00 | ELECTRON MICROSCOPY
H2217	9y3v	candidate			G	G	4	1-256,266-305	296	0.000000	0	false	/scratch/10992/liaorunlong93/casp16-leaderboard/diagnostics/reference_gap/refmap_candidate_mmcif/9y3v.cif	69396a605fdfa9a8009afa20b62d7f73646734fb63748ff407d426ee9af5a044	full_construct_exact_candidate_needs_native_provenance_and_mapping | 9Y3V_1 | Eukaryotic translation initiation factor 2-B (eIF2B) bound to the viral effector AcP10 | 2026-06-24T00:00:00.000+00:00 | ELECTRON MICROSCOPY
H2217	9y3v	candidate			H	H	4	1-256,266-305	296	0.000000	0	false	/scratch/10992/liaorunlong93/casp16-leaderboard/diagnostics/reference_gap/refmap_candidate_mmcif/9y3v.cif	69396a605fdfa9a8009afa20b62d7f73646734fb63748ff407d426ee9af5a044	full_construct_exact_candidate_needs_native_provenance_and_mapping | 9Y3V_1 | Eukaryotic translation initiation factor 2-B (eIF2B) bound to the viral effector AcP10 | 2026-06-24T00:00:00.000+00:00 | ELECTRON MICROSCOPY
H2217	9y3v	candidate			I	I	5	1-238,262-443	420	0.000000	0	false	/scratch/10992/liaorunlong93/casp16-leaderboard/diagnostics/reference_gap/refmap_candidate_mmcif/9y3v.cif	69396a605fdfa9a8009afa20b62d7f73646734fb63748ff407d426ee9af5a044	full_construct_exact_candidate_needs_native_provenance_and_mapping | 9Y3V_1 | Eukaryotic translation initiation factor 2-B (eIF2B) bound to the viral effector AcP10 | 2026-06-24T00:00:00.000+00:00 | ELECTRON MICROSCOPY
H2217	9y3v	candidate			J	J	5	1-238,262-443	420	0.000000	0	false	/scratch/10992/liaorunlong93/casp16-leaderboard/diagnostics/reference_gap/refmap_candidate_mmcif/9y3v.cif	69396a605fdfa9a8009afa20b62d7f73646734fb63748ff407d426ee9af5a044	full_construct_exact_candidate_needs_native_provenance_and_mapping | 9Y3V_1 | Eukaryotic translation initiation factor 2-B (eIF2B) bound to the viral effector AcP10 | 2026-06-24T00:00:00.000+00:00 | ELECTRON MICROSCOPY
H2217	9y3v	candidate			K	K	6	1-210	210	0.000000	0	false	/scratch/10992/liaorunlong93/casp16-leaderboard/diagnostics/reference_gap/refmap_candidate_mmcif/9y3v.cif	69396a605fdfa9a8009afa20b62d7f73646734fb63748ff407d426ee9af5a044	full_construct_exact_candidate_needs_native_provenance_and_mapping | 9Y3V_1 | Eukaryotic translation initiation factor 2-B (eIF2B) bound to the viral effector AcP10 | 2026-06-24T00:00:00.000+00:00 | ELECTRON MICROSCOPY
H2217	9y3v	candidate			L	L	6	1-210	210	0.000000	0	false	/scratch/10992/liaorunlong93/casp16-leaderboard/diagnostics/reference_gap/refmap_candidate_mmcif/9y3v.cif	69396a605fdfa9a8009afa20b62d7f73646734fb63748ff407d426ee9af5a044	full_construct_exact_candidate_needs_native_provenance_and_mapping | 9Y3V_1 | Eukaryotic translation initiation factor 2-B (eIF2B) bound to the viral effector AcP10 | 2026-06-24T00:00:00.000+00:00 | ELECTRON MICROSCOPY
H2217	9y4b	candidate			A	A	1	39-456,481-499,509-516	445	0.000000	0	false	/scratch/10992/liaorunlong93/casp16-leaderboard/diagnostics/reference_gap/refmap_candidate_mmcif/9y4b.cif	9fb6b6cdc0725dae4ea2ced7031d42669e10aadaf116e772f7d2730b8c67756f	full_construct_exact_candidate_needs_native_provenance_and_mapping | 9Y4B_1 | Eukaryotic translation initiation factor 2-B (eIF2B) with a truncation in the beta subunit (active-like-state) bound to the viral effector AcP10 | 2026-06-24T00:00:00.000+00:00 | ELECTRON MICROSCOPY
H2217	9y4b	candidate			B	B	1	39-456,481-499,509-516	445	0.000000	0	false	/scratch/10992/liaorunlong93/casp16-leaderboard/diagnostics/reference_gap/refmap_candidate_mmcif/9y4b.cif	9fb6b6cdc0725dae4ea2ced7031d42669e10aadaf116e772f7d2730b8c67756f	full_construct_exact_candidate_needs_native_provenance_and_mapping | 9Y4B_1 | Eukaryotic translation initiation factor 2-B (eIF2B) with a truncation in the beta subunit (active-like-state) bound to the viral effector AcP10 | 2026-06-24T00:00:00.000+00:00 | ELECTRON MICROSCOPY
H2217	9y4b	candidate			C	C	2	25-355	331	0.000000	0	false	/scratch/10992/liaorunlong93/casp16-leaderboard/diagnostics/reference_gap/refmap_candidate_mmcif/9y4b.cif	9fb6b6cdc0725dae4ea2ced7031d42669e10aadaf116e772f7d2730b8c67756f	full_construct_exact_candidate_needs_native_provenance_and_mapping | 9Y4B_1 | Eukaryotic translation initiation factor 2-B (eIF2B) with a truncation in the beta subunit (active-like-state) bound to the viral effector AcP10 | 2026-06-24T00:00:00.000+00:00 | ELECTRON MICROSCOPY
H2217	9y4b	candidate			D	D	2	25-355	331	0.000000	0	false	/scratch/10992/liaorunlong93/casp16-leaderboard/diagnostics/reference_gap/refmap_candidate_mmcif/9y4b.cif	9fb6b6cdc0725dae4ea2ced7031d42669e10aadaf116e772f7d2730b8c67756f	full_construct_exact_candidate_needs_native_provenance_and_mapping | 9Y4B_1 | Eukaryotic translation initiation factor 2-B (eIF2B) with a truncation in the beta subunit (active-like-state) bound to the viral effector AcP10 | 2026-06-24T00:00:00.000+00:00 | ELECTRON MICROSCOPY
H2217	9y4b	candidate			E	E	3	167-522	356	0.000000	0	false	/scratch/10992/liaorunlong93/casp16-leaderboard/diagnostics/reference_gap/refmap_candidate_mmcif/9y4b.cif	9fb6b6cdc0725dae4ea2ced7031d42669e10aadaf116e772f7d2730b8c67756f	full_construct_exact_candidate_needs_native_provenance_and_mapping | 9Y4B_1 | Eukaryotic translation initiation factor 2-B (eIF2B) with a truncation in the beta subunit (active-like-state) bound to the viral effector AcP10 | 2026-06-24T00:00:00.000+00:00 | ELECTRON MICROSCOPY
H2217	9y4b	candidate			F	F	3	167-522	356	0.000000	0	false	/scratch/10992/liaorunlong93/casp16-leaderboard/diagnostics/reference_gap/refmap_candidate_mmcif/9y4b.cif	9fb6b6cdc0725dae4ea2ced7031d42669e10aadaf116e772f7d2730b8c67756f	full_construct_exact_candidate_needs_native_provenance_and_mapping | 9Y4B_1 | Eukaryotic translation initiation factor 2-B (eIF2B) with a truncation in the beta subunit (active-like-state) bound to the viral effector AcP10 | 2026-06-24T00:00:00.000+00:00 | ELECTRON MICROSCOPY
H2217	9y4b	candidate			G	G	4	1-256,266-305	296	0.000000	0	false	/scratch/10992/liaorunlong93/casp16-leaderboard/diagnostics/reference_gap/refmap_candidate_mmcif/9y4b.cif	9fb6b6cdc0725dae4ea2ced7031d42669e10aadaf116e772f7d2730b8c67756f	full_construct_exact_candidate_needs_native_provenance_and_mapping | 9Y4B_1 | Eukaryotic translation initiation factor 2-B (eIF2B) with a truncation in the beta subunit (active-like-state) bound to the viral effector AcP10 | 2026-06-24T00:00:00.000+00:00 | ELECTRON MICROSCOPY
H2217	9y4b	candidate			H	H	4	1-256,266-305	296	0.000000	0	false	/scratch/10992/liaorunlong93/casp16-leaderboard/diagnostics/reference_gap/refmap_candidate_mmcif/9y4b.cif	9fb6b6cdc0725dae4ea2ced7031d42669e10aadaf116e772f7d2730b8c67756f	full_construct_exact_candidate_needs_native_provenance_and_mapping | 9Y4B_1 | Eukaryotic translation initiation factor 2-B (eIF2B) with a truncation in the beta subunit (active-like-state) bound to the viral effector AcP10 | 2026-06-24T00:00:00.000+00:00 | ELECTRON MICROSCOPY
H2217	9y4b	candidate			I	I	5	1-238,261-443	421	0.000000	0	false	/scratch/10992/liaorunlong93/casp16-leaderboard/diagnostics/reference_gap/refmap_candidate_mmcif/9y4b.cif	9fb6b6cdc0725dae4ea2ced7031d42669e10aadaf116e772f7d2730b8c67756f	full_construct_exact_candidate_needs_native_provenance_and_mapping | 9Y4B_1 | Eukaryotic translation initiation factor 2-B (eIF2B) with a truncation in the beta subunit (active-like-state) bound to the viral effector AcP10 | 2026-06-24T00:00:00.000+00:00 | ELECTRON MICROSCOPY
H2217	9y4b	candidate			J	J	5	1-238,261-443	421	0.000000	0	false	/scratch/10992/liaorunlong93/casp16-leaderboard/diagnostics/reference_gap/refmap_candidate_mmcif/9y4b.cif	9fb6b6cdc0725dae4ea2ced7031d42669e10aadaf116e772f7d2730b8c67756f	full_construct_exact_candidate_needs_native_provenance_and_mapping | 9Y4B_1 | Eukaryotic translation initiation factor 2-B (eIF2B) with a truncation in the beta subunit (active-like-state) bound to the viral effector AcP10 | 2026-06-24T00:00:00.000+00:00 | ELECTRON MICROSCOPY
H2217	9y4b	candidate			K	K	6	2-210	209	0.000000	0	false	/scratch/10992/liaorunlong93/casp16-leaderboard/diagnostics/reference_gap/refmap_candidate_mmcif/9y4b.cif	9fb6b6cdc0725dae4ea2ced7031d42669e10aadaf116e772f7d2730b8c67756f	full_construct_exact_candidate_needs_native_provenance_and_mapping | 9Y4B_1 | Eukaryotic translation initiation factor 2-B (eIF2B) with a truncation in the beta subunit (active-like-state) bound to the viral effector AcP10 | 2026-06-24T00:00:00.000+00:00 | ELECTRON MICROSCOPY
H2217	9y4b	candidate			L	L	6	2-210	209	0.000000	0	false	/scratch/10992/liaorunlong93/casp16-leaderboard/diagnostics/reference_gap/refmap_candidate_mmcif/9y4b.cif	9fb6b6cdc0725dae4ea2ced7031d42669e10aadaf116e772f7d2730b8c67756f	full_construct_exact_candidate_needs_native_provenance_and_mapping | 9Y4B_1 | Eukaryotic translation initiation factor 2-B (eIF2B) with a truncation in the beta subunit (active-like-state) bound to the viral effector AcP10 | 2026-06-24T00:00:00.000+00:00 | ELECTRON MICROSCOPY
H2217	9y4w	candidate			A	A	1	39-456,481-499,509-516	445	0.000000	0	false	/scratch/10992/liaorunlong93/casp16-leaderboard/diagnostics/reference_gap/refmap_candidate_mmcif/9y4w.cif	cdb9325cf4e423f836b9e6ed3e00d47e03516969cd0cde182472450f89f7458e	full_construct_exact_candidate_needs_native_provenance_and_mapping | 9Y4W_1 | Eukaryotic translation initiation factor 2-B (eIF2B) with a truncation in the beta subunit (active-like-state) asymmetrically bound to the viral effector AcP10 | 2026-06-24T00:00:00.000+00:00 | ELECTRON MICROSCOPY
H2217	9y4w	candidate			B	B	1	39-456,481-499,509-516	445	0.000000	0	false	/scratch/10992/liaorunlong93/casp16-leaderboard/diagnostics/reference_gap/refmap_candidate_mmcif/9y4w.cif	cdb9325cf4e423f836b9e6ed3e00d47e03516969cd0cde182472450f89f7458e	full_construct_exact_candidate_needs_native_provenance_and_mapping | 9Y4W_1 | Eukaryotic translation initiation factor 2-B (eIF2B) with a truncation in the beta subunit (active-like-state) asymmetrically bound to the viral effector AcP10 | 2026-06-24T00:00:00.000+00:00 | ELECTRON MICROSCOPY
H2217	9y4w	candidate			C	C	2	25-355	331	0.000000	0	false	/scratch/10992/liaorunlong93/casp16-leaderboard/diagnostics/reference_gap/refmap_candidate_mmcif/9y4w.cif	cdb9325cf4e423f836b9e6ed3e00d47e03516969cd0cde182472450f89f7458e	full_construct_exact_candidate_needs_native_provenance_and_mapping | 9Y4W_1 | Eukaryotic translation initiation factor 2-B (eIF2B) with a truncation in the beta subunit (active-like-state) asymmetrically bound to the viral effector AcP10 | 2026-06-24T00:00:00.000+00:00 | ELECTRON MICROSCOPY
H2217	9y4w	candidate			D	D	2	25-355	331	0.000000	0	false	/scratch/10992/liaorunlong93/casp16-leaderboard/diagnostics/reference_gap/refmap_candidate_mmcif/9y4w.cif	cdb9325cf4e423f836b9e6ed3e00d47e03516969cd0cde182472450f89f7458e	full_construct_exact_candidate_needs_native_provenance_and_mapping | 9Y4W_1 | Eukaryotic translation initiation factor 2-B (eIF2B) with a truncation in the beta subunit (active-like-state) asymmetrically bound to the viral effector AcP10 | 2026-06-24T00:00:00.000+00:00 | ELECTRON MICROSCOPY
H2217	9y4w	candidate			E	E	3	167-522	356	0.000000	0	false	/scratch/10992/liaorunlong93/casp16-leaderboard/diagnostics/reference_gap/refmap_candidate_mmcif/9y4w.cif	cdb9325cf4e423f836b9e6ed3e00d47e03516969cd0cde182472450f89f7458e	full_construct_exact_candidate_needs_native_provenance_and_mapping | 9Y4W_1 | Eukaryotic translation initiation factor 2-B (eIF2B) with a truncation in the beta subunit (active-like-state) asymmetrically bound to the viral effector AcP10 | 2026-06-24T00:00:00.000+00:00 | ELECTRON MICROSCOPY
H2217	9y4w	candidate			F	F	3	167-522	356	0.000000	0	false	/scratch/10992/liaorunlong93/casp16-leaderboard/diagnostics/reference_gap/refmap_candidate_mmcif/9y4w.cif	cdb9325cf4e423f836b9e6ed3e00d47e03516969cd0cde182472450f89f7458e	full_construct_exact_candidate_needs_native_provenance_and_mapping | 9Y4W_1 | Eukaryotic translation initiation factor 2-B (eIF2B) with a truncation in the beta subunit (active-like-state) asymmetrically bound to the viral effector AcP10 | 2026-06-24T00:00:00.000+00:00 | ELECTRON MICROSCOPY
H2217	9y4w	candidate			G	G	4	1-256,266-305	296	0.000000	0	false	/scratch/10992/liaorunlong93/casp16-leaderboard/diagnostics/reference_gap/refmap_candidate_mmcif/9y4w.cif	cdb9325cf4e423f836b9e6ed3e00d47e03516969cd0cde182472450f89f7458e	full_construct_exact_candidate_needs_native_provenance_and_mapping | 9Y4W_1 | Eukaryotic translation initiation factor 2-B (eIF2B) with a truncation in the beta subunit (active-like-state) asymmetrically bound to the viral effector AcP10 | 2026-06-24T00:00:00.000+00:00 | ELECTRON MICROSCOPY
H2217	9y4w	candidate			H	H	4	1-256,266-305	296	0.000000	0	false	/scratch/10992/liaorunlong93/casp16-leaderboard/diagnostics/reference_gap/refmap_candidate_mmcif/9y4w.cif	cdb9325cf4e423f836b9e6ed3e00d47e03516969cd0cde182472450f89f7458e	full_construct_exact_candidate_needs_native_provenance_and_mapping | 9Y4W_1 | Eukaryotic translation initiation factor 2-B (eIF2B) with a truncation in the beta subunit (active-like-state) asymmetrically bound to the viral effector AcP10 | 2026-06-24T00:00:00.000+00:00 | ELECTRON MICROSCOPY
H2217	9y4w	candidate			I	I	5	1-238,261-443	421	0.000000	0	false	/scratch/10992/liaorunlong93/casp16-leaderboard/diagnostics/reference_gap/refmap_candidate_mmcif/9y4w.cif	cdb9325cf4e423f836b9e6ed3e00d47e03516969cd0cde182472450f89f7458e	full_construct_exact_candidate_needs_native_provenance_and_mapping | 9Y4W_1 | Eukaryotic translation initiation factor 2-B (eIF2B) with a truncation in the beta subunit (active-like-state) asymmetrically bound to the viral effector AcP10 | 2026-06-24T00:00:00.000+00:00 | ELECTRON MICROSCOPY
H2217	9y4w	candidate			J	J	5	1-238,261-443	421	0.000000	0	false	/scratch/10992/liaorunlong93/casp16-leaderboard/diagnostics/reference_gap/refmap_candidate_mmcif/9y4w.cif	cdb9325cf4e423f836b9e6ed3e00d47e03516969cd0cde182472450f89f7458e	full_construct_exact_candidate_needs_native_provenance_and_mapping | 9Y4W_1 | Eukaryotic translation initiation factor 2-B (eIF2B) with a truncation in the beta subunit (active-like-state) asymmetrically bound to the viral effector AcP10 | 2026-06-24T00:00:00.000+00:00 | ELECTRON MICROSCOPY
H2217	9y4w	candidate			K	K	6	2-210	209	0.000000	0	false	/scratch/10992/liaorunlong93/casp16-leaderboard/diagnostics/reference_gap/refmap_candidate_mmcif/9y4w.cif	cdb9325cf4e423f836b9e6ed3e00d47e03516969cd0cde182472450f89f7458e	full_construct_exact_candidate_needs_native_provenance_and_mapping | 9Y4W_1 | Eukaryotic translation initiation factor 2-B (eIF2B) with a truncation in the beta subunit (active-like-state) asymmetrically bound to the viral effector AcP10 | 2026-06-24T00:00:00.000+00:00 | ELECTRON MICROSCOPY
