task_name	chain_index	sequence_sha256	sequence_len	status	source_run_id	source_task_name	source_json	paired_msa_path	paired_msa_exists	paired_msa_size	unpaired_msa_path	unpaired_msa_exists	unpaired_msa_size	message
T0206	0	f88188b8caba776501637651f3c41ab3b08bbc237761c098d25da0490332318a	237	kept_existing				/scratch/10992/liaorunlong93/casp16-leaderboard/data/msa_cache/store/f8/f88188b8caba776501637651f3c41ab3b08bbc237761c098d25da0490332318a/paired.383974df59ba251679051b4eb019b7e08b3dbd13c2dd127def99037158e58d93.a3m	true	15063	/scratch/10992/liaorunlong93/casp16-leaderboard/data/msa_cache/store/f8/f88188b8caba776501637651f3c41ab3b08bbc237761c098d25da0490332318a/unpaired.3298e8f46eb3600e5e199738bbbdfd2f97a97ab14d5defb4c615df7ecefeeae0.a3m	true	2912	input_already_has_existing_msa_paths
T0218	0	ee2b4272dc9aad5f20192958794de7e50a216a6dc9a54d38435f5d6fecc75f46	1164	kept_existing				/scratch/10992/liaorunlong93/casp16-leaderboard/data/msa_cache/store/ee/ee2b4272dc9aad5f20192958794de7e50a216a6dc9a54d38435f5d6fecc75f46/paired.cd0b25e4d229c2ce443c1af4d2991545ab2e3d8def7dd4805d0e42e65799d8e9.a3m	true	1256287	/scratch/10992/liaorunlong93/casp16-leaderboard/data/msa_cache/store/ee/ee2b4272dc9aad5f20192958794de7e50a216a6dc9a54d38435f5d6fecc75f46/unpaired.6d5ca46ec257d309d2a69c8b6b638b234810d23d71a437f26be73da6c2461fbf.a3m	true	750595	input_already_has_existing_msa_paths
T0234	0	92e0ae5ec6bea77badf08dafbd68178a36fa7245a33b543b0ae70828eb29699e	413	kept_existing				/scratch/10992/liaorunlong93/casp16-leaderboard/data/msa_cache/store/92/92e0ae5ec6bea77badf08dafbd68178a36fa7245a33b543b0ae70828eb29699e/paired.15314eead58e4c97d60bd4f95d3ec7dd0853319910faa090274c6fc62960f0ed.a3m	true	5383	/scratch/10992/liaorunlong93/casp16-leaderboard/data/msa_cache/store/92/92e0ae5ec6bea77badf08dafbd68178a36fa7245a33b543b0ae70828eb29699e/unpaired.e4215bceb45b774c457385f90559faf2576275875ae0d30e8e5ed3c5f3dc27dd.a3m	true	16680	input_already_has_existing_msa_paths
T0235	0	60828aeb55d92f67cd0a5163963debca946a1960214b919cc0de99bcd0c0ba13	115	kept_existing				/scratch/10992/liaorunlong93/casp16-leaderboard/data/msa_cache/store/60/60828aeb55d92f67cd0a5163963debca946a1960214b919cc0de99bcd0c0ba13/paired.916ec02d85caa54aa5d2b22859c5a9df570a75a8e56278eee3f3d22e568ee004.a3m	true	308	/scratch/10992/liaorunlong93/casp16-leaderboard/data/msa_cache/store/60/60828aeb55d92f67cd0a5163963debca946a1960214b919cc0de99bcd0c0ba13/unpaired.d536a2f9acc6465c577ba2060b395140e7c3c0ca0b01bf596977ecc233e769b1.a3m	true	3161	input_already_has_existing_msa_paths
T0237	0	ef4f261694f27da1a336936eb5b19e10003575c5623bd53bd91e084b0aa94960	488	kept_existing				/scratch/10992/liaorunlong93/casp16-leaderboard/data/msa_cache/store/ef/ef4f261694f27da1a336936eb5b19e10003575c5623bd53bd91e084b0aa94960/paired.5d4630c3c38bfa17bff6f703651c5b90829f60816169965c6c6fc93e8cd59a31.a3m	true	216794	/scratch/10992/liaorunlong93/casp16-leaderboard/data/msa_cache/store/ef/ef4f261694f27da1a336936eb5b19e10003575c5623bd53bd91e084b0aa94960/unpaired.85e02102866575572d9441ff6d947f00aa3b021ae9a40d58add317da2be56ce9.a3m	true	689920	input_already_has_existing_msa_paths
T0240	0	c6b13ec1eddd13849086c23f709676aa9a2af3f25af4c441a35be4d2dc2209c2	653	kept_existing				/scratch/10992/liaorunlong93/casp16-leaderboard/data/msa_cache/store/c6/c6b13ec1eddd13849086c23f709676aa9a2af3f25af4c441a35be4d2dc2209c2/paired.b22aeb853a5c7c79d378e356945599d23c0c0cb3462f4cd952f06afd1d4222ac.a3m	true	471272	/scratch/10992/liaorunlong93/casp16-leaderboard/data/msa_cache/store/c6/c6b13ec1eddd13849086c23f709676aa9a2af3f25af4c441a35be4d2dc2209c2/unpaired.616f2bfa0750144e4c0ff28fa0b67b8d4b65aeca102edced06fc282012a85047.a3m	true	1948374	input_already_has_existing_msa_paths
T0246	0	95e21154281236fde4c06a25f0acf6db285a09f5fb7ad88f3e8addabc65e0f45	168	kept_existing				/scratch/10992/liaorunlong93/casp16-leaderboard/data/msa_cache/store/95/95e21154281236fde4c06a25f0acf6db285a09f5fb7ad88f3e8addabc65e0f45/paired.8fb5fc6fd5151e2c7c524b1414ba784c2e1f5d218caa427f14ec71a89ee5af13.a3m	true	230729	/scratch/10992/liaorunlong93/casp16-leaderboard/data/msa_cache/store/95/95e21154281236fde4c06a25f0acf6db285a09f5fb7ad88f3e8addabc65e0f45/unpaired.bef383bb7b20da9e502bc866a9bf48f1c7c1beb5696c46133b5a9e08686dcd9f.a3m	true	800156	input_already_has_existing_msa_paths
T0257	0	5086eea92d9c9d2061ad6cc5cb457130be7e8c06e0e05fc2a3916232a3ff07af	1263	kept_existing				/scratch/10992/liaorunlong93/casp16-leaderboard/data/msa_cache/store/50/5086eea92d9c9d2061ad6cc5cb457130be7e8c06e0e05fc2a3916232a3ff07af/paired.a054188ae99be274954888c8522daf3c4aa49d235f793104a4aaf71e2ee5bace.a3m	true	262661	/scratch/10992/liaorunlong93/casp16-leaderboard/data/msa_cache/store/50/5086eea92d9c9d2061ad6cc5cb457130be7e8c06e0e05fc2a3916232a3ff07af/unpaired.c9dcc502d54ff1861b5ab82613468f314bbf94f27cdc3f984c3158469ea0ef67.a3m	true	1297448	input_already_has_existing_msa_paths
T0259	0	d731e42b2d04a71e9232375cd7e02f53221f63a4cebd24d61c77f63e651bfbf4	243	kept_existing				/scratch/10992/liaorunlong93/casp16-leaderboard/data/msa_cache/store/d7/d731e42b2d04a71e9232375cd7e02f53221f63a4cebd24d61c77f63e651bfbf4/paired.7b9442b02aae89500f75b7c6c2c02ff0073c35e76c7cd04339704fcc4cb1c6b8.a3m	true	490908	/scratch/10992/liaorunlong93/casp16-leaderboard/data/msa_cache/store/d7/d731e42b2d04a71e9232375cd7e02f53221f63a4cebd24d61c77f63e651bfbf4/unpaired.bfbbc72c4759703d489517e7d46450182382d188483b00f33c40afdd82a808a9.a3m	true	1664883	input_already_has_existing_msa_paths
T0270	0	d51351185cba94dcf1e0094d9e6eb5f73068054305f5b020e467a221ebedccba	437	kept_existing				/scratch/10992/liaorunlong93/casp16-leaderboard/data/msa_cache/store/d5/d51351185cba94dcf1e0094d9e6eb5f73068054305f5b020e467a221ebedccba/paired.01370c7b4f0b8ee1b1f79af432343c5071ed0c3c32b655da198bc56e32f2b715.a3m	true	4353330	/scratch/10992/liaorunlong93/casp16-leaderboard/data/msa_cache/store/d5/d51351185cba94dcf1e0094d9e6eb5f73068054305f5b020e467a221ebedccba/unpaired.08d1652d7d1ffb5259266757b900923eca2ed2c45c64e1a2b2af0f863a0bf284.a3m	true	5333200	input_already_has_existing_msa_paths
T1201	0	a6269a72401e03d5ecbdfeee6984f548e56425fbd8de3dc18db502b5f3f099ab	204	kept_existing				/scratch/10992/liaorunlong93/casp16-leaderboard/data/msa_cache/store/a6/a6269a72401e03d5ecbdfeee6984f548e56425fbd8de3dc18db502b5f3f099ab/paired.ff9767888d136af626b6149df7df2608222c32eb2e9628c2ccfdb45d08caa9ba.a3m	true	143439	/scratch/10992/liaorunlong93/casp16-leaderboard/data/msa_cache/store/a6/a6269a72401e03d5ecbdfeee6984f548e56425fbd8de3dc18db502b5f3f099ab/unpaired.773357926ff97645b451b04a224fe6606d459d51ba6bf316ca0ed5ffcc7b3165.a3m	true	145586	input_already_has_existing_msa_paths
T1206	0	f88188b8caba776501637651f3c41ab3b08bbc237761c098d25da0490332318a	237	kept_existing				/scratch/10992/liaorunlong93/casp16-leaderboard/data/msa_cache/store/f8/f88188b8caba776501637651f3c41ab3b08bbc237761c098d25da0490332318a/paired.383974df59ba251679051b4eb019b7e08b3dbd13c2dd127def99037158e58d93.a3m	true	15063	/scratch/10992/liaorunlong93/casp16-leaderboard/data/msa_cache/store/f8/f88188b8caba776501637651f3c41ab3b08bbc237761c098d25da0490332318a/unpaired.3298e8f46eb3600e5e199738bbbdfd2f97a97ab14d5defb4c615df7ecefeeae0.a3m	true	2912	input_already_has_existing_msa_paths
T1207	0	5048a4ac6ea34f1e8e6ce05467e05efa3383cfb13da88f17fbb1781d9cdf0479	144	kept_existing				/scratch/10992/liaorunlong93/casp16-leaderboard/data/msa_cache/store/50/5048a4ac6ea34f1e8e6ce05467e05efa3383cfb13da88f17fbb1781d9cdf0479/paired.8033a8f2813200d12631d5a80f131cac77e54c828d154f5e5fa0e4b9564b653f.a3m	true	229180	/scratch/10992/liaorunlong93/casp16-leaderboard/data/msa_cache/store/50/5048a4ac6ea34f1e8e6ce05467e05efa3383cfb13da88f17fbb1781d9cdf0479/unpaired.7cc9be64853ebdc32af9236ccacd1209f5394e23a53dd454665d80ce61c06c64.a3m	true	70318	input_already_has_existing_msa_paths
T1210	0	b566abc20ec2e86bb1df8bad608e5d0271d85d24d46730e2977ef2b2bcfec2af	1770	kept_existing				/scratch/10992/liaorunlong93/casp16-leaderboard/data/msa_cache/store/b5/b566abc20ec2e86bb1df8bad608e5d0271d85d24d46730e2977ef2b2bcfec2af/paired.1afecd7da3bd89d6bc765e1a72585ff575a5e63a7f0f26e7351462f8d41d5217.a3m	true	1103265	/scratch/10992/liaorunlong93/casp16-leaderboard/data/msa_cache/store/b5/b566abc20ec2e86bb1df8bad608e5d0271d85d24d46730e2977ef2b2bcfec2af/unpaired.c5fe6cc77d7d48c245dbd4c8a58dfdbffd8cc62794e501cff675da93529e773a.a3m	true	920609	input_already_has_existing_msa_paths
T1218	0	ee2b4272dc9aad5f20192958794de7e50a216a6dc9a54d38435f5d6fecc75f46	1164	kept_existing				/scratch/10992/liaorunlong93/casp16-leaderboard/data/msa_cache/store/ee/ee2b4272dc9aad5f20192958794de7e50a216a6dc9a54d38435f5d6fecc75f46/paired.cd0b25e4d229c2ce443c1af4d2991545ab2e3d8def7dd4805d0e42e65799d8e9.a3m	true	1256287	/scratch/10992/liaorunlong93/casp16-leaderboard/data/msa_cache/store/ee/ee2b4272dc9aad5f20192958794de7e50a216a6dc9a54d38435f5d6fecc75f46/unpaired.6d5ca46ec257d309d2a69c8b6b638b234810d23d71a437f26be73da6c2461fbf.a3m	true	750595	input_already_has_existing_msa_paths
T1226	0	849a03ba00f0361b52dfacc3f50354a5502871801cecaa32ee7e0475cb53a9ee	123	kept_existing				/scratch/10992/liaorunlong93/casp16-leaderboard/data/msa_cache/store/84/849a03ba00f0361b52dfacc3f50354a5502871801cecaa32ee7e0475cb53a9ee/paired.ac03c64f551f81b7a8b192a6da439df9d63582466f2ceee4d6b66ba8cf291325.a3m	true	30209	/scratch/10992/liaorunlong93/casp16-leaderboard/data/msa_cache/store/84/849a03ba00f0361b52dfacc3f50354a5502871801cecaa32ee7e0475cb53a9ee/unpaired.2d6670f8574aa3a45582bfda863f1755342fff69e9aeea273d9bdcdbab7d6f7b.a3m	true	19456	input_already_has_existing_msa_paths
T1228V1	0	f3c6f67c0ca1d6f2ebf6ce55012a755088627d39c82dfbf378d23bb09f5b79e0	545	kept_existing				/scratch/10992/liaorunlong93/casp16-leaderboard/data/msa_cache/store/f3/f3c6f67c0ca1d6f2ebf6ce55012a755088627d39c82dfbf378d23bb09f5b79e0/paired.e60db1f0b3879cef6c9528a723c970a9f045b3dbb73d3101629e51536b6c08ad.a3m	true	653484	/scratch/10992/liaorunlong93/casp16-leaderboard/data/msa_cache/store/f3/f3c6f67c0ca1d6f2ebf6ce55012a755088627d39c82dfbf378d23bb09f5b79e0/unpaired.ac01b59c3e4a7e1130e26a03aa325eb11f5b8ee7929394c67003a5296283404e.a3m	true	1206213	input_already_has_existing_msa_paths
T1231	0	66aa019b01120e9b43a157b6cef5033e131b0a08cf5174bca0eccdbbf3e1ab41	142	kept_existing				/scratch/10992/liaorunlong93/casp16-leaderboard/data/msa_cache/store/66/66aa019b01120e9b43a157b6cef5033e131b0a08cf5174bca0eccdbbf3e1ab41/paired.d99efaddeb00e40d9ebb5e2ee89b1316ba62b40959d876d9bd8dc12d09e1dcae.a3m	true	1220	/scratch/10992/liaorunlong93/casp16-leaderboard/data/msa_cache/store/66/66aa019b01120e9b43a157b6cef5033e131b0a08cf5174bca0eccdbbf3e1ab41/unpaired.a80d3f0ff031979e32d8f3cbca21dab1575b3a20d31fac80ac3205268c657811.a3m	true	760	input_already_has_existing_msa_paths
T1234	0	92e0ae5ec6bea77badf08dafbd68178a36fa7245a33b543b0ae70828eb29699e	413	kept_existing				/scratch/10992/liaorunlong93/casp16-leaderboard/data/msa_cache/store/92/92e0ae5ec6bea77badf08dafbd68178a36fa7245a33b543b0ae70828eb29699e/paired.15314eead58e4c97d60bd4f95d3ec7dd0853319910faa090274c6fc62960f0ed.a3m	true	5383	/scratch/10992/liaorunlong93/casp16-leaderboard/data/msa_cache/store/92/92e0ae5ec6bea77badf08dafbd68178a36fa7245a33b543b0ae70828eb29699e/unpaired.e4215bceb45b774c457385f90559faf2576275875ae0d30e8e5ed3c5f3dc27dd.a3m	true	16680	input_already_has_existing_msa_paths
T1235	0	60828aeb55d92f67cd0a5163963debca946a1960214b919cc0de99bcd0c0ba13	115	kept_existing				/scratch/10992/liaorunlong93/casp16-leaderboard/data/msa_cache/store/60/60828aeb55d92f67cd0a5163963debca946a1960214b919cc0de99bcd0c0ba13/paired.916ec02d85caa54aa5d2b22859c5a9df570a75a8e56278eee3f3d22e568ee004.a3m	true	308	/scratch/10992/liaorunlong93/casp16-leaderboard/data/msa_cache/store/60/60828aeb55d92f67cd0a5163963debca946a1960214b919cc0de99bcd0c0ba13/unpaired.d536a2f9acc6465c577ba2060b395140e7c3c0ca0b01bf596977ecc233e769b1.a3m	true	3161	input_already_has_existing_msa_paths
T1237	0	ef4f261694f27da1a336936eb5b19e10003575c5623bd53bd91e084b0aa94960	488	kept_existing				/scratch/10992/liaorunlong93/casp16-leaderboard/data/msa_cache/store/ef/ef4f261694f27da1a336936eb5b19e10003575c5623bd53bd91e084b0aa94960/paired.5d4630c3c38bfa17bff6f703651c5b90829f60816169965c6c6fc93e8cd59a31.a3m	true	216794	/scratch/10992/liaorunlong93/casp16-leaderboard/data/msa_cache/store/ef/ef4f261694f27da1a336936eb5b19e10003575c5623bd53bd91e084b0aa94960/unpaired.85e02102866575572d9441ff6d947f00aa3b021ae9a40d58add317da2be56ce9.a3m	true	689920	input_already_has_existing_msa_paths
T1239V1	0	f945ee17b79700c7bd55b58aa41a887f09f8fdc44cfba5afca9665b30b4592fe	620	kept_existing				/scratch/10992/liaorunlong93/casp16-leaderboard/data/msa_cache/store/f9/f945ee17b79700c7bd55b58aa41a887f09f8fdc44cfba5afca9665b30b4592fe/paired.b06413a165f3cae8ca069425c2ce545c7a931a1380d4bcec07560c85e66ac302.a3m	true	726521	/scratch/10992/liaorunlong93/casp16-leaderboard/data/msa_cache/store/f9/f945ee17b79700c7bd55b58aa41a887f09f8fdc44cfba5afca9665b30b4592fe/unpaired.8de6f8d3c3f6f2e2108706a80e565403f40ef0c98babfd115fe7cef5703fdecf.a3m	true	1359025	input_already_has_existing_msa_paths
T1240	0	c6b13ec1eddd13849086c23f709676aa9a2af3f25af4c441a35be4d2dc2209c2	653	kept_existing				/scratch/10992/liaorunlong93/casp16-leaderboard/data/msa_cache/store/c6/c6b13ec1eddd13849086c23f709676aa9a2af3f25af4c441a35be4d2dc2209c2/paired.b22aeb853a5c7c79d378e356945599d23c0c0cb3462f4cd952f06afd1d4222ac.a3m	true	471272	/scratch/10992/liaorunlong93/casp16-leaderboard/data/msa_cache/store/c6/c6b13ec1eddd13849086c23f709676aa9a2af3f25af4c441a35be4d2dc2209c2/unpaired.616f2bfa0750144e4c0ff28fa0b67b8d4b65aeca102edced06fc282012a85047.a3m	true	1948374	input_already_has_existing_msa_paths
T1243	0	49092fe72f87f8dabcd6a73a8775a92cd4a653dddfee94e072a4c53ccd7356c5	293	kept_existing				/scratch/10992/liaorunlong93/casp16-leaderboard/data/msa_cache/store/49/49092fe72f87f8dabcd6a73a8775a92cd4a653dddfee94e072a4c53ccd7356c5/paired.cbd861bb2dbeb0fcf10bbd80147ace8498f5e74c5a797c0e0fe46565d357baeb.a3m	true	1990001	/scratch/10992/liaorunlong93/casp16-leaderboard/data/msa_cache/store/49/49092fe72f87f8dabcd6a73a8775a92cd4a653dddfee94e072a4c53ccd7356c5/unpaired.f7da754acc583f837219da64fc17a1a31f65a7588e6fc2ce9428dcae9f3409dc.a3m	true	2498982	input_already_has_existing_msa_paths
T1246	0	95e21154281236fde4c06a25f0acf6db285a09f5fb7ad88f3e8addabc65e0f45	168	kept_existing				/scratch/10992/liaorunlong93/casp16-leaderboard/data/msa_cache/store/95/95e21154281236fde4c06a25f0acf6db285a09f5fb7ad88f3e8addabc65e0f45/paired.8fb5fc6fd5151e2c7c524b1414ba784c2e1f5d218caa427f14ec71a89ee5af13.a3m	true	230729	/scratch/10992/liaorunlong93/casp16-leaderboard/data/msa_cache/store/95/95e21154281236fde4c06a25f0acf6db285a09f5fb7ad88f3e8addabc65e0f45/unpaired.bef383bb7b20da9e502bc866a9bf48f1c7c1beb5696c46133b5a9e08686dcd9f.a3m	true	800156	input_already_has_existing_msa_paths
T1249V1	0	1784bf03d1dc24f560d1fc8d2be2ee5c06b56f0324c6b75497fa9a0fdfd9210f	488	kept_existing				/scratch/10992/liaorunlong93/casp16-leaderboard/data/msa_cache/store/17/1784bf03d1dc24f560d1fc8d2be2ee5c06b56f0324c6b75497fa9a0fdfd9210f/paired.768ecae9d29dc438ccedf531f7ab0e818875dddeb0831fceed4cdbccd04f731c.a3m	true	141671	/scratch/10992/liaorunlong93/casp16-leaderboard/data/msa_cache/store/17/1784bf03d1dc24f560d1fc8d2be2ee5c06b56f0324c6b75497fa9a0fdfd9210f/unpaired.6a15684d5019bd94fdc68f7a7cad8cbf032180ee9416af2fc3d4fbef9f356cfb.a3m	true	11174	input_already_has_existing_msa_paths
T1257	0	5086eea92d9c9d2061ad6cc5cb457130be7e8c06e0e05fc2a3916232a3ff07af	1263	kept_existing				/scratch/10992/liaorunlong93/casp16-leaderboard/data/msa_cache/store/50/5086eea92d9c9d2061ad6cc5cb457130be7e8c06e0e05fc2a3916232a3ff07af/paired.a054188ae99be274954888c8522daf3c4aa49d235f793104a4aaf71e2ee5bace.a3m	true	262661	/scratch/10992/liaorunlong93/casp16-leaderboard/data/msa_cache/store/50/5086eea92d9c9d2061ad6cc5cb457130be7e8c06e0e05fc2a3916232a3ff07af/unpaired.c9dcc502d54ff1861b5ab82613468f314bbf94f27cdc3f984c3158469ea0ef67.a3m	true	1297448	input_already_has_existing_msa_paths
T1259	0	d731e42b2d04a71e9232375cd7e02f53221f63a4cebd24d61c77f63e651bfbf4	243	kept_existing				/scratch/10992/liaorunlong93/casp16-leaderboard/data/msa_cache/store/d7/d731e42b2d04a71e9232375cd7e02f53221f63a4cebd24d61c77f63e651bfbf4/paired.7b9442b02aae89500f75b7c6c2c02ff0073c35e76c7cd04339704fcc4cb1c6b8.a3m	true	490908	/scratch/10992/liaorunlong93/casp16-leaderboard/data/msa_cache/store/d7/d731e42b2d04a71e9232375cd7e02f53221f63a4cebd24d61c77f63e651bfbf4/unpaired.bfbbc72c4759703d489517e7d46450182382d188483b00f33c40afdd82a808a9.a3m	true	1664883	input_already_has_existing_msa_paths
T1266	0	746b2667bf6defc9d729eaa400f5b3642d0433faae82a9c0bbfae5649401438c	316	kept_existing				/scratch/10992/liaorunlong93/casp16-leaderboard/data/msa_cache/store/74/746b2667bf6defc9d729eaa400f5b3642d0433faae82a9c0bbfae5649401438c/paired.8a8659744449e0b40ebe8fffb7521f17db9413507557817571b7e4237f5bc143.a3m	true	651858	/scratch/10992/liaorunlong93/casp16-leaderboard/data/msa_cache/store/74/746b2667bf6defc9d729eaa400f5b3642d0433faae82a9c0bbfae5649401438c/unpaired.3d35a748c849a9982f2981da436d1fa290cd0bac1eff4a917fe697c95c1c67bd.a3m	true	574705	input_already_has_existing_msa_paths
T1269	0	64f2f8c89ef65bc17dc8ae25e044770585de4ff3d34f6c2b06398e802bd4bb77	1410	kept_existing				/scratch/10992/liaorunlong93/casp16-leaderboard/data/msa_cache/store/64/64f2f8c89ef65bc17dc8ae25e044770585de4ff3d34f6c2b06398e802bd4bb77/paired.8a7bd2eb2f362ceba1547add9b4f908657ef717dbb67f5eeb59fbcd3fb273e36.a3m	true	13758397	/scratch/10992/liaorunlong93/casp16-leaderboard/data/msa_cache/store/64/64f2f8c89ef65bc17dc8ae25e044770585de4ff3d34f6c2b06398e802bd4bb77/unpaired.1db2febb6e58d7fe54730864d25686f50fb614cd3b4d2105c1748a4483f60dc7.a3m	true	7232654	input_already_has_existing_msa_paths
T1270	0	d51351185cba94dcf1e0094d9e6eb5f73068054305f5b020e467a221ebedccba	437	kept_existing				/scratch/10992/liaorunlong93/casp16-leaderboard/data/msa_cache/store/d5/d51351185cba94dcf1e0094d9e6eb5f73068054305f5b020e467a221ebedccba/paired.01370c7b4f0b8ee1b1f79af432343c5071ed0c3c32b655da198bc56e32f2b715.a3m	true	4353330	/scratch/10992/liaorunlong93/casp16-leaderboard/data/msa_cache/store/d5/d51351185cba94dcf1e0094d9e6eb5f73068054305f5b020e467a221ebedccba/unpaired.08d1652d7d1ffb5259266757b900923eca2ed2c45c64e1a2b2af0f863a0bf284.a3m	true	5333200	input_already_has_existing_msa_paths
T1274	0	ae9940ae5d8a4f20d45c542bbcebf8cb72c9ea9f5598e64a225b12f4602d50e0	167	kept_existing				/scratch/10992/liaorunlong93/casp16-leaderboard/data/msa_cache/store/ae/ae9940ae5d8a4f20d45c542bbcebf8cb72c9ea9f5598e64a225b12f4602d50e0/paired.93e5a49b4ae4c33799eb63b12764d06c90f4482c0d9f35082fcce34289c1d3a1.a3m	true	150103	/scratch/10992/liaorunlong93/casp16-leaderboard/data/msa_cache/store/ae/ae9940ae5d8a4f20d45c542bbcebf8cb72c9ea9f5598e64a225b12f4602d50e0/unpaired.2ad758617c95fd434b9ab4efd3de32c313128323fd1c3637d78e42d4d08cdaa2.a3m	true	36000	input_already_has_existing_msa_paths
T1276	0	72bbf972e35b047399b34619fae00c87bbf43935f8a513625d8ad2e0b8967d26	196	kept_existing				/scratch/10992/liaorunlong93/casp16-leaderboard/data/msa_cache/store/72/72bbf972e35b047399b34619fae00c87bbf43935f8a513625d8ad2e0b8967d26/paired.ba5b7b0fc45140edb604b23e46a30684761a3e3f1f3066a6cd85620de9a8e68d.a3m	true	96305	/scratch/10992/liaorunlong93/casp16-leaderboard/data/msa_cache/store/72/72bbf972e35b047399b34619fae00c87bbf43935f8a513625d8ad2e0b8967d26/unpaired.418a26ad9c59cc75bf3c7fb4ce1231964ac1825a15520a8446d464e80cb39a48.a3m	true	174440	input_already_has_existing_msa_paths
T1278	0	2e27572a8deb36078b0c9997258d0ad05c74a06bc5c735dc438056255e931aa6	360	kept_existing				/scratch/10992/liaorunlong93/casp16-leaderboard/data/msa_cache/store/2e/2e27572a8deb36078b0c9997258d0ad05c74a06bc5c735dc438056255e931aa6/paired.0cf4d8d7f2be2238c7172cf8fbe2ec5971e5c2de837bda41cc66ef601e88df01.a3m	true	1650289	/scratch/10992/liaorunlong93/casp16-leaderboard/data/msa_cache/store/2e/2e27572a8deb36078b0c9997258d0ad05c74a06bc5c735dc438056255e931aa6/unpaired.2f748b3487fb72858df33bbe55d8a40d37cfaaa6d335383896517c5201f102ff.a3m	true	4233327	input_already_has_existing_msa_paths
T1279	0	72c0e8e7929ffbdc2fd485022d98850a9f0d081ce2ab8152ccde8304c261716f	428	kept_existing				/scratch/10992/liaorunlong93/casp16-leaderboard/data/msa_cache/store/72/72c0e8e7929ffbdc2fd485022d98850a9f0d081ce2ab8152ccde8304c261716f/paired.4666dd56073697b134df5923657bad63f259c2b2d8d4bae5956a7aa44bb1a29e.a3m	true	28697	/scratch/10992/liaorunlong93/casp16-leaderboard/data/msa_cache/store/72/72c0e8e7929ffbdc2fd485022d98850a9f0d081ce2ab8152ccde8304c261716f/unpaired.f39995a14f9690739cdd0ab6fa5725d7c48d26cdbcbfce3c7605319c271cc109.a3m	true	33470	input_already_has_existing_msa_paths
T1280	0	fed44728d308435eef3f5fc607ac68f6b37a275bdd2ed802955b75d27e4f8336	237	kept_existing				/scratch/10992/liaorunlong93/casp16-leaderboard/data/msa_cache/store/fe/fed44728d308435eef3f5fc607ac68f6b37a275bdd2ed802955b75d27e4f8336/paired.1bac61954e8785e451e0364ee881ece18ccf828a05b50cc71c21957ec766e0f0.a3m	true	1292564	/scratch/10992/liaorunlong93/casp16-leaderboard/data/msa_cache/store/fe/fed44728d308435eef3f5fc607ac68f6b37a275bdd2ed802955b75d27e4f8336/unpaired.9230725c63b1970dab90aa5bce7cf83ab9eb157258e2dd1943732c2e5941f9ba.a3m	true	1902768	input_already_has_existing_msa_paths
T1284	0	ded9d1c3843baa5fdf8d484209e0ff208afe5a506174cdd436d1e4aefde0d6fd	120	kept_existing				/scratch/10992/liaorunlong93/casp16-leaderboard/data/msa_cache/store/de/ded9d1c3843baa5fdf8d484209e0ff208afe5a506174cdd436d1e4aefde0d6fd/paired.0124233a058cdd8dd93e4e0a05242d34be451c5e9e44a1ba956b83e3b578da82.a3m	true	315	/scratch/10992/liaorunlong93/casp16-leaderboard/data/msa_cache/store/de/ded9d1c3843baa5fdf8d484209e0ff208afe5a506174cdd436d1e4aefde0d6fd/unpaired.dd76a4744121323141a8f97e583d2af054d3d39ddfee36879b2f9b41d2e9bed3.a3m	true	128	input_already_has_existing_msa_paths
T1292	0	5f974229f20bbeabd2dd9b4c723217857331152ce324db460eb0e37ce908488f	190	kept_existing				/scratch/10992/liaorunlong93/casp16-leaderboard/data/msa_cache/store/5f/5f974229f20bbeabd2dd9b4c723217857331152ce324db460eb0e37ce908488f/paired.eaa95de0a0082ce938dcd6db77720a14016a5142e25761158666c207f46ae02f.a3m	true	788512	/scratch/10992/liaorunlong93/casp16-leaderboard/data/msa_cache/store/5f/5f974229f20bbeabd2dd9b4c723217857331152ce324db460eb0e37ce908488f/unpaired.fdc7ac63cafde4898bbaa99b7688d6604d892df05236c3ebbdea1367c05976f9.a3m	true	811078	input_already_has_existing_msa_paths
T1294V1	0	cc04d5f77711605c99e2b4a841871f32a69f251aadee789cf49431092cf5f115	214	kept_existing				/scratch/10992/liaorunlong93/casp16-leaderboard/data/msa_cache/store/cc/cc04d5f77711605c99e2b4a841871f32a69f251aadee789cf49431092cf5f115/paired.ed952f74e7dc9f64441138ff878660f5e659fdff2b5951350d667d5841e4ed40.a3m	true	1068066	/scratch/10992/liaorunlong93/casp16-leaderboard/data/msa_cache/store/cc/cc04d5f77711605c99e2b4a841871f32a69f251aadee789cf49431092cf5f115/unpaired.dfed48142da210c597b6a43a5c0770e4fc55476af2590683ff6bd1be95ff265e.a3m	true	1378055	input_already_has_existing_msa_paths
T1295	0	b46e71db4b308198386ac893bf1afcf77725204752dca08a44389b4c6be80d79	469	kept_existing				/scratch/10992/liaorunlong93/casp16-leaderboard/data/msa_cache/store/b4/b46e71db4b308198386ac893bf1afcf77725204752dca08a44389b4c6be80d79/paired.f899680c628dc81b488cd5301dd80edd357037468fbdf4380478b9630c13e663.a3m	true	2699429	/scratch/10992/liaorunlong93/casp16-leaderboard/data/msa_cache/store/b4/b46e71db4b308198386ac893bf1afcf77725204752dca08a44389b4c6be80d79/unpaired.dc074c6f636dee67da8676bc04cf919c9cf6be94703b9b655e0bef4d63c39ff2.a3m	true	2380675	input_already_has_existing_msa_paths
T1298	0	b1d8e2a75cdddf89399c3b089e7c4dc9954162ea4d00e4193dc6b0df67641053	342	kept_existing				/scratch/10992/liaorunlong93/casp16-leaderboard/data/msa_cache/store/b1/b1d8e2a75cdddf89399c3b089e7c4dc9954162ea4d00e4193dc6b0df67641053/paired.f120294309eea5e5a52944a030e8d94373a1ed980d6a9b1d07ec5184c602e8d7.a3m	true	129190	/scratch/10992/liaorunlong93/casp16-leaderboard/data/msa_cache/store/b1/b1d8e2a75cdddf89399c3b089e7c4dc9954162ea4d00e4193dc6b0df67641053/unpaired.0f4dac7de0493683e33bcb50925eaa1e9fbd758935cef4d376b6f1090249c271.a3m	true	517613	input_already_has_existing_msa_paths
T1299	0	3810219a4d1679aa518a671b2cf10fa71779642b30868ec0c9d7db9d9cd09db8	168	kept_existing				/scratch/10992/liaorunlong93/casp16-leaderboard/data/msa_cache/store/38/3810219a4d1679aa518a671b2cf10fa71779642b30868ec0c9d7db9d9cd09db8/paired.2e6f88deac875fbe0640772f6983f41562d58589a366d08b8db37f5b5117342d.a3m	true	119494	/scratch/10992/liaorunlong93/casp16-leaderboard/data/msa_cache/store/38/3810219a4d1679aa518a671b2cf10fa71779642b30868ec0c9d7db9d9cd09db8/unpaired.d8f48a3a191e7a806110a11e74ab133050a1e3df4ec8f89d97585fe16373b530.a3m	true	78725	input_already_has_existing_msa_paths
T2201	0	a6269a72401e03d5ecbdfeee6984f548e56425fbd8de3dc18db502b5f3f099ab	204	kept_existing				/scratch/10992/liaorunlong93/casp16-leaderboard/data/msa_cache/store/a6/a6269a72401e03d5ecbdfeee6984f548e56425fbd8de3dc18db502b5f3f099ab/paired.ff9767888d136af626b6149df7df2608222c32eb2e9628c2ccfdb45d08caa9ba.a3m	true	143439	/scratch/10992/liaorunlong93/casp16-leaderboard/data/msa_cache/store/a6/a6269a72401e03d5ecbdfeee6984f548e56425fbd8de3dc18db502b5f3f099ab/unpaired.773357926ff97645b451b04a224fe6606d459d51ba6bf316ca0ed5ffcc7b3165.a3m	true	145586	input_already_has_existing_msa_paths
T2206	0	f88188b8caba776501637651f3c41ab3b08bbc237761c098d25da0490332318a	237	kept_existing				/scratch/10992/liaorunlong93/casp16-leaderboard/data/msa_cache/store/f8/f88188b8caba776501637651f3c41ab3b08bbc237761c098d25da0490332318a/paired.383974df59ba251679051b4eb019b7e08b3dbd13c2dd127def99037158e58d93.a3m	true	15063	/scratch/10992/liaorunlong93/casp16-leaderboard/data/msa_cache/store/f8/f88188b8caba776501637651f3c41ab3b08bbc237761c098d25da0490332318a/unpaired.3298e8f46eb3600e5e199738bbbdfd2f97a97ab14d5defb4c615df7ecefeeae0.a3m	true	2912	input_already_has_existing_msa_paths
T2207	0	5048a4ac6ea34f1e8e6ce05467e05efa3383cfb13da88f17fbb1781d9cdf0479	144	kept_existing				/scratch/10992/liaorunlong93/casp16-leaderboard/data/msa_cache/store/50/5048a4ac6ea34f1e8e6ce05467e05efa3383cfb13da88f17fbb1781d9cdf0479/paired.8033a8f2813200d12631d5a80f131cac77e54c828d154f5e5fa0e4b9564b653f.a3m	true	229180	/scratch/10992/liaorunlong93/casp16-leaderboard/data/msa_cache/store/50/5048a4ac6ea34f1e8e6ce05467e05efa3383cfb13da88f17fbb1781d9cdf0479/unpaired.7cc9be64853ebdc32af9236ccacd1209f5394e23a53dd454665d80ce61c06c64.a3m	true	70318	input_already_has_existing_msa_paths
T2210	0	b566abc20ec2e86bb1df8bad608e5d0271d85d24d46730e2977ef2b2bcfec2af	1770	kept_existing				/scratch/10992/liaorunlong93/casp16-leaderboard/data/msa_cache/store/b5/b566abc20ec2e86bb1df8bad608e5d0271d85d24d46730e2977ef2b2bcfec2af/paired.1afecd7da3bd89d6bc765e1a72585ff575a5e63a7f0f26e7351462f8d41d5217.a3m	true	1103265	/scratch/10992/liaorunlong93/casp16-leaderboard/data/msa_cache/store/b5/b566abc20ec2e86bb1df8bad608e5d0271d85d24d46730e2977ef2b2bcfec2af/unpaired.c5fe6cc77d7d48c245dbd4c8a58dfdbffd8cc62794e501cff675da93529e773a.a3m	true	920609	input_already_has_existing_msa_paths
T2218	0	ee2b4272dc9aad5f20192958794de7e50a216a6dc9a54d38435f5d6fecc75f46	1164	kept_existing				/scratch/10992/liaorunlong93/casp16-leaderboard/data/msa_cache/store/ee/ee2b4272dc9aad5f20192958794de7e50a216a6dc9a54d38435f5d6fecc75f46/paired.cd0b25e4d229c2ce443c1af4d2991545ab2e3d8def7dd4805d0e42e65799d8e9.a3m	true	1256287	/scratch/10992/liaorunlong93/casp16-leaderboard/data/msa_cache/store/ee/ee2b4272dc9aad5f20192958794de7e50a216a6dc9a54d38435f5d6fecc75f46/unpaired.6d5ca46ec257d309d2a69c8b6b638b234810d23d71a437f26be73da6c2461fbf.a3m	true	750595	input_already_has_existing_msa_paths
T2226	0	849a03ba00f0361b52dfacc3f50354a5502871801cecaa32ee7e0475cb53a9ee	123	kept_existing				/scratch/10992/liaorunlong93/casp16-leaderboard/data/msa_cache/store/84/849a03ba00f0361b52dfacc3f50354a5502871801cecaa32ee7e0475cb53a9ee/paired.ac03c64f551f81b7a8b192a6da439df9d63582466f2ceee4d6b66ba8cf291325.a3m	true	30209	/scratch/10992/liaorunlong93/casp16-leaderboard/data/msa_cache/store/84/849a03ba00f0361b52dfacc3f50354a5502871801cecaa32ee7e0475cb53a9ee/unpaired.2d6670f8574aa3a45582bfda863f1755342fff69e9aeea273d9bdcdbab7d6f7b.a3m	true	19456	input_already_has_existing_msa_paths
T2231	0	66aa019b01120e9b43a157b6cef5033e131b0a08cf5174bca0eccdbbf3e1ab41	142	kept_existing				/scratch/10992/liaorunlong93/casp16-leaderboard/data/msa_cache/store/66/66aa019b01120e9b43a157b6cef5033e131b0a08cf5174bca0eccdbbf3e1ab41/paired.d99efaddeb00e40d9ebb5e2ee89b1316ba62b40959d876d9bd8dc12d09e1dcae.a3m	true	1220	/scratch/10992/liaorunlong93/casp16-leaderboard/data/msa_cache/store/66/66aa019b01120e9b43a157b6cef5033e131b0a08cf5174bca0eccdbbf3e1ab41/unpaired.a80d3f0ff031979e32d8f3cbca21dab1575b3a20d31fac80ac3205268c657811.a3m	true	760	input_already_has_existing_msa_paths
T2234	0	92e0ae5ec6bea77badf08dafbd68178a36fa7245a33b543b0ae70828eb29699e	413	kept_existing				/scratch/10992/liaorunlong93/casp16-leaderboard/data/msa_cache/store/92/92e0ae5ec6bea77badf08dafbd68178a36fa7245a33b543b0ae70828eb29699e/paired.15314eead58e4c97d60bd4f95d3ec7dd0853319910faa090274c6fc62960f0ed.a3m	true	5383	/scratch/10992/liaorunlong93/casp16-leaderboard/data/msa_cache/store/92/92e0ae5ec6bea77badf08dafbd68178a36fa7245a33b543b0ae70828eb29699e/unpaired.e4215bceb45b774c457385f90559faf2576275875ae0d30e8e5ed3c5f3dc27dd.a3m	true	16680	input_already_has_existing_msa_paths
T2235	0	60828aeb55d92f67cd0a5163963debca946a1960214b919cc0de99bcd0c0ba13	115	kept_existing				/scratch/10992/liaorunlong93/casp16-leaderboard/data/msa_cache/store/60/60828aeb55d92f67cd0a5163963debca946a1960214b919cc0de99bcd0c0ba13/paired.916ec02d85caa54aa5d2b22859c5a9df570a75a8e56278eee3f3d22e568ee004.a3m	true	308	/scratch/10992/liaorunlong93/casp16-leaderboard/data/msa_cache/store/60/60828aeb55d92f67cd0a5163963debca946a1960214b919cc0de99bcd0c0ba13/unpaired.d536a2f9acc6465c577ba2060b395140e7c3c0ca0b01bf596977ecc233e769b1.a3m	true	3161	input_already_has_existing_msa_paths
T2237	0	ef4f261694f27da1a336936eb5b19e10003575c5623bd53bd91e084b0aa94960	488	kept_existing				/scratch/10992/liaorunlong93/casp16-leaderboard/data/msa_cache/store/ef/ef4f261694f27da1a336936eb5b19e10003575c5623bd53bd91e084b0aa94960/paired.5d4630c3c38bfa17bff6f703651c5b90829f60816169965c6c6fc93e8cd59a31.a3m	true	216794	/scratch/10992/liaorunlong93/casp16-leaderboard/data/msa_cache/store/ef/ef4f261694f27da1a336936eb5b19e10003575c5623bd53bd91e084b0aa94960/unpaired.85e02102866575572d9441ff6d947f00aa3b021ae9a40d58add317da2be56ce9.a3m	true	689920	input_already_has_existing_msa_paths
T2240	0	c6b13ec1eddd13849086c23f709676aa9a2af3f25af4c441a35be4d2dc2209c2	653	kept_existing				/scratch/10992/liaorunlong93/casp16-leaderboard/data/msa_cache/store/c6/c6b13ec1eddd13849086c23f709676aa9a2af3f25af4c441a35be4d2dc2209c2/paired.b22aeb853a5c7c79d378e356945599d23c0c0cb3462f4cd952f06afd1d4222ac.a3m	true	471272	/scratch/10992/liaorunlong93/casp16-leaderboard/data/msa_cache/store/c6/c6b13ec1eddd13849086c23f709676aa9a2af3f25af4c441a35be4d2dc2209c2/unpaired.616f2bfa0750144e4c0ff28fa0b67b8d4b65aeca102edced06fc282012a85047.a3m	true	1948374	input_already_has_existing_msa_paths
T2243	0	49092fe72f87f8dabcd6a73a8775a92cd4a653dddfee94e072a4c53ccd7356c5	293	kept_existing				/scratch/10992/liaorunlong93/casp16-leaderboard/data/msa_cache/store/49/49092fe72f87f8dabcd6a73a8775a92cd4a653dddfee94e072a4c53ccd7356c5/paired.cbd861bb2dbeb0fcf10bbd80147ace8498f5e74c5a797c0e0fe46565d357baeb.a3m	true	1990001	/scratch/10992/liaorunlong93/casp16-leaderboard/data/msa_cache/store/49/49092fe72f87f8dabcd6a73a8775a92cd4a653dddfee94e072a4c53ccd7356c5/unpaired.f7da754acc583f837219da64fc17a1a31f65a7588e6fc2ce9428dcae9f3409dc.a3m	true	2498982	input_already_has_existing_msa_paths
T2246	0	95e21154281236fde4c06a25f0acf6db285a09f5fb7ad88f3e8addabc65e0f45	168	kept_existing				/scratch/10992/liaorunlong93/casp16-leaderboard/data/msa_cache/store/95/95e21154281236fde4c06a25f0acf6db285a09f5fb7ad88f3e8addabc65e0f45/paired.8fb5fc6fd5151e2c7c524b1414ba784c2e1f5d218caa427f14ec71a89ee5af13.a3m	true	230729	/scratch/10992/liaorunlong93/casp16-leaderboard/data/msa_cache/store/95/95e21154281236fde4c06a25f0acf6db285a09f5fb7ad88f3e8addabc65e0f45/unpaired.bef383bb7b20da9e502bc866a9bf48f1c7c1beb5696c46133b5a9e08686dcd9f.a3m	true	800156	input_already_has_existing_msa_paths
T2249V1	0	1784bf03d1dc24f560d1fc8d2be2ee5c06b56f0324c6b75497fa9a0fdfd9210f	488	kept_existing				/scratch/10992/liaorunlong93/casp16-leaderboard/data/msa_cache/store/17/1784bf03d1dc24f560d1fc8d2be2ee5c06b56f0324c6b75497fa9a0fdfd9210f/paired.768ecae9d29dc438ccedf531f7ab0e818875dddeb0831fceed4cdbccd04f731c.a3m	true	141671	/scratch/10992/liaorunlong93/casp16-leaderboard/data/msa_cache/store/17/1784bf03d1dc24f560d1fc8d2be2ee5c06b56f0324c6b75497fa9a0fdfd9210f/unpaired.6a15684d5019bd94fdc68f7a7cad8cbf032180ee9416af2fc3d4fbef9f356cfb.a3m	true	11174	input_already_has_existing_msa_paths
T2257	0	5086eea92d9c9d2061ad6cc5cb457130be7e8c06e0e05fc2a3916232a3ff07af	1263	kept_existing				/scratch/10992/liaorunlong93/casp16-leaderboard/data/msa_cache/store/50/5086eea92d9c9d2061ad6cc5cb457130be7e8c06e0e05fc2a3916232a3ff07af/paired.a054188ae99be274954888c8522daf3c4aa49d235f793104a4aaf71e2ee5bace.a3m	true	262661	/scratch/10992/liaorunlong93/casp16-leaderboard/data/msa_cache/store/50/5086eea92d9c9d2061ad6cc5cb457130be7e8c06e0e05fc2a3916232a3ff07af/unpaired.c9dcc502d54ff1861b5ab82613468f314bbf94f27cdc3f984c3158469ea0ef67.a3m	true	1297448	input_already_has_existing_msa_paths
T2259	0	d731e42b2d04a71e9232375cd7e02f53221f63a4cebd24d61c77f63e651bfbf4	243	kept_existing				/scratch/10992/liaorunlong93/casp16-leaderboard/data/msa_cache/store/d7/d731e42b2d04a71e9232375cd7e02f53221f63a4cebd24d61c77f63e651bfbf4/paired.7b9442b02aae89500f75b7c6c2c02ff0073c35e76c7cd04339704fcc4cb1c6b8.a3m	true	490908	/scratch/10992/liaorunlong93/casp16-leaderboard/data/msa_cache/store/d7/d731e42b2d04a71e9232375cd7e02f53221f63a4cebd24d61c77f63e651bfbf4/unpaired.bfbbc72c4759703d489517e7d46450182382d188483b00f33c40afdd82a808a9.a3m	true	1664883	input_already_has_existing_msa_paths
T2266	0	746b2667bf6defc9d729eaa400f5b3642d0433faae82a9c0bbfae5649401438c	316	kept_existing				/scratch/10992/liaorunlong93/casp16-leaderboard/data/msa_cache/store/74/746b2667bf6defc9d729eaa400f5b3642d0433faae82a9c0bbfae5649401438c/paired.8a8659744449e0b40ebe8fffb7521f17db9413507557817571b7e4237f5bc143.a3m	true	651858	/scratch/10992/liaorunlong93/casp16-leaderboard/data/msa_cache/store/74/746b2667bf6defc9d729eaa400f5b3642d0433faae82a9c0bbfae5649401438c/unpaired.3d35a748c849a9982f2981da436d1fa290cd0bac1eff4a917fe697c95c1c67bd.a3m	true	574705	input_already_has_existing_msa_paths
T2269	0	64f2f8c89ef65bc17dc8ae25e044770585de4ff3d34f6c2b06398e802bd4bb77	1410	kept_existing				/scratch/10992/liaorunlong93/casp16-leaderboard/data/msa_cache/store/64/64f2f8c89ef65bc17dc8ae25e044770585de4ff3d34f6c2b06398e802bd4bb77/paired.8a7bd2eb2f362ceba1547add9b4f908657ef717dbb67f5eeb59fbcd3fb273e36.a3m	true	13758397	/scratch/10992/liaorunlong93/casp16-leaderboard/data/msa_cache/store/64/64f2f8c89ef65bc17dc8ae25e044770585de4ff3d34f6c2b06398e802bd4bb77/unpaired.1db2febb6e58d7fe54730864d25686f50fb614cd3b4d2105c1748a4483f60dc7.a3m	true	7232654	input_already_has_existing_msa_paths
T2270	0	d51351185cba94dcf1e0094d9e6eb5f73068054305f5b020e467a221ebedccba	437	kept_existing				/scratch/10992/liaorunlong93/casp16-leaderboard/data/msa_cache/store/d5/d51351185cba94dcf1e0094d9e6eb5f73068054305f5b020e467a221ebedccba/paired.01370c7b4f0b8ee1b1f79af432343c5071ed0c3c32b655da198bc56e32f2b715.a3m	true	4353330	/scratch/10992/liaorunlong93/casp16-leaderboard/data/msa_cache/store/d5/d51351185cba94dcf1e0094d9e6eb5f73068054305f5b020e467a221ebedccba/unpaired.08d1652d7d1ffb5259266757b900923eca2ed2c45c64e1a2b2af0f863a0bf284.a3m	true	5333200	input_already_has_existing_msa_paths
T2274	0	ae9940ae5d8a4f20d45c542bbcebf8cb72c9ea9f5598e64a225b12f4602d50e0	167	kept_existing				/scratch/10992/liaorunlong93/casp16-leaderboard/data/msa_cache/store/ae/ae9940ae5d8a4f20d45c542bbcebf8cb72c9ea9f5598e64a225b12f4602d50e0/paired.93e5a49b4ae4c33799eb63b12764d06c90f4482c0d9f35082fcce34289c1d3a1.a3m	true	150103	/scratch/10992/liaorunlong93/casp16-leaderboard/data/msa_cache/store/ae/ae9940ae5d8a4f20d45c542bbcebf8cb72c9ea9f5598e64a225b12f4602d50e0/unpaired.2ad758617c95fd434b9ab4efd3de32c313128323fd1c3637d78e42d4d08cdaa2.a3m	true	36000	input_already_has_existing_msa_paths
T2276	0	72bbf972e35b047399b34619fae00c87bbf43935f8a513625d8ad2e0b8967d26	196	kept_existing				/scratch/10992/liaorunlong93/casp16-leaderboard/data/msa_cache/store/72/72bbf972e35b047399b34619fae00c87bbf43935f8a513625d8ad2e0b8967d26/paired.ba5b7b0fc45140edb604b23e46a30684761a3e3f1f3066a6cd85620de9a8e68d.a3m	true	96305	/scratch/10992/liaorunlong93/casp16-leaderboard/data/msa_cache/store/72/72bbf972e35b047399b34619fae00c87bbf43935f8a513625d8ad2e0b8967d26/unpaired.418a26ad9c59cc75bf3c7fb4ce1231964ac1825a15520a8446d464e80cb39a48.a3m	true	174440	input_already_has_existing_msa_paths
T2278	0	2e27572a8deb36078b0c9997258d0ad05c74a06bc5c735dc438056255e931aa6	360	kept_existing				/scratch/10992/liaorunlong93/casp16-leaderboard/data/msa_cache/store/2e/2e27572a8deb36078b0c9997258d0ad05c74a06bc5c735dc438056255e931aa6/paired.0cf4d8d7f2be2238c7172cf8fbe2ec5971e5c2de837bda41cc66ef601e88df01.a3m	true	1650289	/scratch/10992/liaorunlong93/casp16-leaderboard/data/msa_cache/store/2e/2e27572a8deb36078b0c9997258d0ad05c74a06bc5c735dc438056255e931aa6/unpaired.2f748b3487fb72858df33bbe55d8a40d37cfaaa6d335383896517c5201f102ff.a3m	true	4233327	input_already_has_existing_msa_paths
T2279	0	72c0e8e7929ffbdc2fd485022d98850a9f0d081ce2ab8152ccde8304c261716f	428	kept_existing				/scratch/10992/liaorunlong93/casp16-leaderboard/data/msa_cache/store/72/72c0e8e7929ffbdc2fd485022d98850a9f0d081ce2ab8152ccde8304c261716f/paired.4666dd56073697b134df5923657bad63f259c2b2d8d4bae5956a7aa44bb1a29e.a3m	true	28697	/scratch/10992/liaorunlong93/casp16-leaderboard/data/msa_cache/store/72/72c0e8e7929ffbdc2fd485022d98850a9f0d081ce2ab8152ccde8304c261716f/unpaired.f39995a14f9690739cdd0ab6fa5725d7c48d26cdbcbfce3c7605319c271cc109.a3m	true	33470	input_already_has_existing_msa_paths
T2280	0	fed44728d308435eef3f5fc607ac68f6b37a275bdd2ed802955b75d27e4f8336	237	kept_existing				/scratch/10992/liaorunlong93/casp16-leaderboard/data/msa_cache/store/fe/fed44728d308435eef3f5fc607ac68f6b37a275bdd2ed802955b75d27e4f8336/paired.1bac61954e8785e451e0364ee881ece18ccf828a05b50cc71c21957ec766e0f0.a3m	true	1292564	/scratch/10992/liaorunlong93/casp16-leaderboard/data/msa_cache/store/fe/fed44728d308435eef3f5fc607ac68f6b37a275bdd2ed802955b75d27e4f8336/unpaired.9230725c63b1970dab90aa5bce7cf83ab9eb157258e2dd1943732c2e5941f9ba.a3m	true	1902768	input_already_has_existing_msa_paths
T2284	0	ded9d1c3843baa5fdf8d484209e0ff208afe5a506174cdd436d1e4aefde0d6fd	120	kept_existing				/scratch/10992/liaorunlong93/casp16-leaderboard/data/msa_cache/store/de/ded9d1c3843baa5fdf8d484209e0ff208afe5a506174cdd436d1e4aefde0d6fd/paired.0124233a058cdd8dd93e4e0a05242d34be451c5e9e44a1ba956b83e3b578da82.a3m	true	315	/scratch/10992/liaorunlong93/casp16-leaderboard/data/msa_cache/store/de/ded9d1c3843baa5fdf8d484209e0ff208afe5a506174cdd436d1e4aefde0d6fd/unpaired.dd76a4744121323141a8f97e583d2af054d3d39ddfee36879b2f9b41d2e9bed3.a3m	true	128	input_already_has_existing_msa_paths
H0208	0	56637ab14201b7acaaa5ffa9a87b2ef3d1616f2cf2edeea60b12d27a5a3527ef	328	kept_existing				/scratch/10992/liaorunlong93/casp16-leaderboard/data/msa_cache/store/56/56637ab14201b7acaaa5ffa9a87b2ef3d1616f2cf2edeea60b12d27a5a3527ef/paired.f99a8c626acbc909f20fb74cf9a138f138c28896aca4142ee78adb7e6c51bab2.a3m	true	56709	/scratch/10992/liaorunlong93/casp16-leaderboard/data/msa_cache/store/56/56637ab14201b7acaaa5ffa9a87b2ef3d1616f2cf2edeea60b12d27a5a3527ef/unpaired.1aef002a3ea401256a3ee5569a9bb5c608db8e7a3b01af11d53718eeee52c367.a3m	true	672004	input_already_has_existing_msa_paths
H0208	1	021104c9d7181056285710bd3736d1cd483c8dbd4b06dd8f368d9a564b0e44f0	318	kept_existing				/scratch/10992/liaorunlong93/casp16-leaderboard/data/msa_cache/store/02/021104c9d7181056285710bd3736d1cd483c8dbd4b06dd8f368d9a564b0e44f0/paired.5466962670d921f92826951b05121b70c3885c164cfe73353c4aa14053b9cb14.a3m	true	24060	/scratch/10992/liaorunlong93/casp16-leaderboard/data/msa_cache/store/02/021104c9d7181056285710bd3736d1cd483c8dbd4b06dd8f368d9a564b0e44f0/unpaired.9bb411a3d1ebfc7b5ece6c55c112be79669f742d5b853b94ee999f3cc7caa6ef.a3m	true	207157	input_already_has_existing_msa_paths
H0215	0	e4e080fdcf31dab15f44818c44920dfc443725852058d7b9f6315995ca527c1f	131	kept_existing				/scratch/10992/liaorunlong93/casp16-leaderboard/data/msa_cache/store/e4/e4e080fdcf31dab15f44818c44920dfc443725852058d7b9f6315995ca527c1f/paired.d5c4b5f2a59a6cd445280b992c7cafc2f7b729f42cde9d8aa30f1e61fab8906f.a3m	true	2174364	/scratch/10992/liaorunlong93/casp16-leaderboard/data/msa_cache/store/e4/e4e080fdcf31dab15f44818c44920dfc443725852058d7b9f6315995ca527c1f/unpaired.a6c813c7974b75a4c33be2c2908ca095c91dccdb8466b8b18839e16259eaebff.a3m	true	300164	input_already_has_existing_msa_paths
H0215	1	62906c87be438d2dbd057edfa055b453648b0bc19c6d14476395b2832095bb64	238	kept_existing				/scratch/10992/liaorunlong93/casp16-leaderboard/data/msa_cache/store/62/62906c87be438d2dbd057edfa055b453648b0bc19c6d14476395b2832095bb64/paired.bb8a87f582826c1834768f837c10a8eb2f5f9cebce7bdf2fa6b81dfac0fae1af.a3m	true	50215	/scratch/10992/liaorunlong93/casp16-leaderboard/data/msa_cache/store/62/62906c87be438d2dbd057edfa055b453648b0bc19c6d14476395b2832095bb64/unpaired.1a5cee90b3c087da7be4c19758b891dfb3bb7ee5ef0bbf52b852fd547da01d5b.a3m	true	24463	input_already_has_existing_msa_paths
H0217	0	ee5f48c4b5b6fa7107b4ac819c69e21a4026742f03ef0eb20b847159006445fc	305	kept_existing				/scratch/10992/liaorunlong93/casp16-leaderboard/data/msa_cache/store/ee/ee5f48c4b5b6fa7107b4ac819c69e21a4026742f03ef0eb20b847159006445fc/paired.a4e0216b0b819c0403256afb2ea9ef9e6324d81f37d9dc1897f62781c0982c9e.a3m	true	1006900	/scratch/10992/liaorunlong93/casp16-leaderboard/data/msa_cache/store/ee/ee5f48c4b5b6fa7107b4ac819c69e21a4026742f03ef0eb20b847159006445fc/unpaired.15a08dfa382740eebb41ec91789564069c31483a88c6e7acebf7665cada55a7e.a3m	true	1183694	input_already_has_existing_msa_paths
H0217	1	7c91d6fa65de0dc91b2fdc82dfea2e83c69c3f02ca15df415cd4a957ecdb29f8	351	kept_existing				/scratch/10992/liaorunlong93/casp16-leaderboard/data/msa_cache/store/7c/7c91d6fa65de0dc91b2fdc82dfea2e83c69c3f02ca15df415cd4a957ecdb29f8/paired.4740eea4afbe609bf6d2f72f9b4b13983dbccd560e4739fc251a6c4122853e6e.a3m	true	912957	/scratch/10992/liaorunlong93/casp16-leaderboard/data/msa_cache/store/7c/7c91d6fa65de0dc91b2fdc82dfea2e83c69c3f02ca15df415cd4a957ecdb29f8/unpaired.3b35a4711a93f6b58bfa48dad2b10f6111b67c97a05b6bdbe1f5107142c93d26.a3m	true	982369	input_already_has_existing_msa_paths
H0217	2	660ab80067c1dfdb5f6179379912f1e10cd129ea03acaf8ce024dc2895e5ce2c	452	kept_existing				/scratch/10992/liaorunlong93/casp16-leaderboard/data/msa_cache/store/66/660ab80067c1dfdb5f6179379912f1e10cd129ea03acaf8ce024dc2895e5ce2c/paired.e25dce0c8393dcef2a1574b1510efc854a37f1c95859e465f18d4b7f7556ab7c.a3m	true	1184577	/scratch/10992/liaorunlong93/casp16-leaderboard/data/msa_cache/store/66/660ab80067c1dfdb5f6179379912f1e10cd129ea03acaf8ce024dc2895e5ce2c/unpaired.c074804398d65828ca3416b24341b5f4d8bcbe40d775e51a03ddde800ec5d8e7.a3m	true	2746418	input_already_has_existing_msa_paths
H0217	3	a596459ba833ea0f25d3cb1299aa2f43ee85ee69bc04ad67de3cd326babfc4f2	523	kept_existing				/scratch/10992/liaorunlong93/casp16-leaderboard/data/msa_cache/store/a5/a596459ba833ea0f25d3cb1299aa2f43ee85ee69bc04ad67de3cd326babfc4f2/paired.6a12b5af24241a59f0481cb57cddf374f078d60cbb2322272ade2b1e11bbceb5.a3m	true	1649471	/scratch/10992/liaorunlong93/casp16-leaderboard/data/msa_cache/store/a5/a596459ba833ea0f25d3cb1299aa2f43ee85ee69bc04ad67de3cd326babfc4f2/unpaired.3a896aeb83e77e2de160d71215bf9c1fe74d83d7b0a08f4dacb6fc9c2f2ec0fb.a3m	true	1522346	input_already_has_existing_msa_paths
H0217	4	e5041a86e096aebf5bc3c881a35c93b41fc39659d828da5f81c68cd1cfa98282	681	kept_existing				/scratch/10992/liaorunlong93/casp16-leaderboard/data/msa_cache/store/e5/e5041a86e096aebf5bc3c881a35c93b41fc39659d828da5f81c68cd1cfa98282/paired.0369d0d496f55c749dc4e9e2599914c5477e68228533df3a6abb5d2d5aa8ddc7.a3m	true	1876690	/scratch/10992/liaorunlong93/casp16-leaderboard/data/msa_cache/store/e5/e5041a86e096aebf5bc3c881a35c93b41fc39659d828da5f81c68cd1cfa98282/unpaired.efb45b14ea55bb94d601690b249caea841400a6bdd72dffe1ec22c1430eab50a.a3m	true	2404243	input_already_has_existing_msa_paths
H0220	0	59a239546373319bc924d972c6279be91b01ece6ee5ccdf8f760bb4874bd9ee9	1711	kept_existing				/scratch/10992/liaorunlong93/casp16-leaderboard/data/msa_cache/store/59/59a239546373319bc924d972c6279be91b01ece6ee5ccdf8f760bb4874bd9ee9/paired.baf966e8dc0f013a00544f69b7928d7493ee07d3ea0a46a9c619b60641193978.a3m	true	155803	/scratch/10992/liaorunlong93/casp16-leaderboard/data/msa_cache/store/59/59a239546373319bc924d972c6279be91b01ece6ee5ccdf8f760bb4874bd9ee9/unpaired.b06a3518cc2d290d82b4ee897642ced087bbacff3fd7e7a872dceb903468e1f9.a3m	true	33796	input_already_has_existing_msa_paths
H0220	1	83dbd06877dc56689f7a06217b8d57ca8976659e0715bc05ffd5638f3d79d2f1	201	kept_existing				/scratch/10992/liaorunlong93/casp16-leaderboard/data/msa_cache/store/83/83dbd06877dc56689f7a06217b8d57ca8976659e0715bc05ffd5638f3d79d2f1/paired.6cebb06c1a4f8e8207f9f590b6c193ab96fdafa9c47377dd5c46895c8be94d59.a3m	true	8067	/scratch/10992/liaorunlong93/casp16-leaderboard/data/msa_cache/store/83/83dbd06877dc56689f7a06217b8d57ca8976659e0715bc05ffd5638f3d79d2f1/unpaired.29355a05191ffc3b5cd12c3646c182c80b1e943bb2b42b9ca7197478f9442fc8.a3m	true	3261	input_already_has_existing_msa_paths
H0222	0	75ab8f84ed0b168b539d68f17aba776825247684115c480b6669b9540bbbd99c	41	kept_existing				/scratch/10992/liaorunlong93/casp16-leaderboard/data/msa_cache/store/75/75ab8f84ed0b168b539d68f17aba776825247684115c480b6669b9540bbbd99c/paired.7498fbe52cba67cb2dfa3c83eb9b6b41fafcd9fbbc45e7563c86aebe639024f2.a3m	true	14826	/scratch/10992/liaorunlong93/casp16-leaderboard/data/msa_cache/store/75/75ab8f84ed0b168b539d68f17aba776825247684115c480b6669b9540bbbd99c/unpaired.ca5e9b5384be4db85da2983f361a50dc98eac85465d2ce1041ea623ecd967a7b.a3m	true	1865	input_already_has_existing_msa_paths
H0222	1	87d1b3ce8842ab4bdc54de8492a65c98cd184fe0a002471e23188962a2afcafb	224	kept_existing				/scratch/10992/liaorunlong93/casp16-leaderboard/data/msa_cache/store/87/87d1b3ce8842ab4bdc54de8492a65c98cd184fe0a002471e23188962a2afcafb/paired.bb77f7f0f3ed4a9020e4af0e49d9685e726245387c47d539218765d867bce0cc.a3m	true	3368641	/scratch/10992/liaorunlong93/casp16-leaderboard/data/msa_cache/store/87/87d1b3ce8842ab4bdc54de8492a65c98cd184fe0a002471e23188962a2afcafb/unpaired.2301fbfa6c421bc295f82df74686eb7f3ede89f463c31331305675151dae4691.a3m	true	379522	input_already_has_existing_msa_paths
H0222	2	159b29e372b65f98c869a497e028ae6781b552f0125f6c1ba016b98d5d54beba	220	kept_existing				/scratch/10992/liaorunlong93/casp16-leaderboard/data/msa_cache/store/15/159b29e372b65f98c869a497e028ae6781b552f0125f6c1ba016b98d5d54beba/paired.08e471430dd71207b4af54e8d202489ab15090242b6eddfc0e8ca8e04a1bab15.a3m	true	3411011	/scratch/10992/liaorunlong93/casp16-leaderboard/data/msa_cache/store/15/159b29e372b65f98c869a497e028ae6781b552f0125f6c1ba016b98d5d54beba/unpaired.0df52d6b5b742ca5a6e6ea6f39687488f21d991e7fe5bc113f9765a0df37fe9d.a3m	true	421649	input_already_has_existing_msa_paths
H0223	0	75ab8f84ed0b168b539d68f17aba776825247684115c480b6669b9540bbbd99c	41	kept_existing				/scratch/10992/liaorunlong93/casp16-leaderboard/data/msa_cache/store/75/75ab8f84ed0b168b539d68f17aba776825247684115c480b6669b9540bbbd99c/paired.7498fbe52cba67cb2dfa3c83eb9b6b41fafcd9fbbc45e7563c86aebe639024f2.a3m	true	14826	/scratch/10992/liaorunlong93/casp16-leaderboard/data/msa_cache/store/75/75ab8f84ed0b168b539d68f17aba776825247684115c480b6669b9540bbbd99c/unpaired.ca5e9b5384be4db85da2983f361a50dc98eac85465d2ce1041ea623ecd967a7b.a3m	true	1865	input_already_has_existing_msa_paths
H0223	1	a69cb5f3246c47e3253b31b6d91790a02daf3cb6897de0c1e691eb8061f0d3b2	229	kept_existing				/scratch/10992/liaorunlong93/casp16-leaderboard/data/msa_cache/store/a6/a69cb5f3246c47e3253b31b6d91790a02daf3cb6897de0c1e691eb8061f0d3b2/paired.808cf94d4f7a098acb83fb9a4d47b54d99a7a1fc5c25c9c5dfa67fc1e000a54f.a3m	true	3096715	/scratch/10992/liaorunlong93/casp16-leaderboard/data/msa_cache/store/a6/a69cb5f3246c47e3253b31b6d91790a02daf3cb6897de0c1e691eb8061f0d3b2/unpaired.94c6c20cfc7661e2b65d16574aa6d9d54387d9a7d28b1f276bb0e297f22b2e45.a3m	true	384622	input_already_has_existing_msa_paths
H0223	2	eaeeea2e1389b6805f453a7fc561f0c9f55a7f102a7df2398089b8942ebbad16	216	kept_existing				/scratch/10992/liaorunlong93/casp16-leaderboard/data/msa_cache/store/ea/eaeeea2e1389b6805f453a7fc561f0c9f55a7f102a7df2398089b8942ebbad16/paired.bfdfc909878c39c1b916f427050b08b8d998b403be45ff05c86d40918b97c329.a3m	true	3304904	/scratch/10992/liaorunlong93/casp16-leaderboard/data/msa_cache/store/ea/eaeeea2e1389b6805f453a7fc561f0c9f55a7f102a7df2398089b8942ebbad16/unpaired.a5752617321f532978f2c527e0413a332f2d2895a939240c10a6fce3de1a682c.a3m	true	390775	input_already_has_existing_msa_paths
H0225	0	75ab8f84ed0b168b539d68f17aba776825247684115c480b6669b9540bbbd99c	41	kept_existing				/scratch/10992/liaorunlong93/casp16-leaderboard/data/msa_cache/store/75/75ab8f84ed0b168b539d68f17aba776825247684115c480b6669b9540bbbd99c/paired.7498fbe52cba67cb2dfa3c83eb9b6b41fafcd9fbbc45e7563c86aebe639024f2.a3m	true	14826	/scratch/10992/liaorunlong93/casp16-leaderboard/data/msa_cache/store/75/75ab8f84ed0b168b539d68f17aba776825247684115c480b6669b9540bbbd99c/unpaired.ca5e9b5384be4db85da2983f361a50dc98eac85465d2ce1041ea623ecd967a7b.a3m	true	1865	input_already_has_existing_msa_paths
H0225	1	d02f3dd32da1da44d66a8fcb578d22e2c0f29e3942d538031df2c018c7f891d4	227	kept_existing				/scratch/10992/liaorunlong93/casp16-leaderboard/data/msa_cache/store/d0/d02f3dd32da1da44d66a8fcb578d22e2c0f29e3942d538031df2c018c7f891d4/paired.4afcb523be77c3d887242ee03d3a57d0d48e05ca854e9759aa9b23907806a4fa.a3m	true	3362504	/scratch/10992/liaorunlong93/casp16-leaderboard/data/msa_cache/store/d0/d02f3dd32da1da44d66a8fcb578d22e2c0f29e3942d538031df2c018c7f891d4/unpaired.1daf3f9ad5fe8e4de0ad9138190b3b401270f7c5c6f5d60e490463ce7dcd6fcb.a3m	true	365493	input_already_has_existing_msa_paths
H0225	2	c184148b34346b3ae031d54394025467b80edfb4e1c1193d72dc2c01577cc7ed	215	kept_existing				/scratch/10992/liaorunlong93/casp16-leaderboard/data/msa_cache/store/c1/c184148b34346b3ae031d54394025467b80edfb4e1c1193d72dc2c01577cc7ed/paired.8b4efc3b0ca0c0c4bb1078e1f45c9f6a288e2cfb5bc895ff45414739b4a18a09.a3m	true	2978121	/scratch/10992/liaorunlong93/casp16-leaderboard/data/msa_cache/store/c1/c184148b34346b3ae031d54394025467b80edfb4e1c1193d72dc2c01577cc7ed/unpaired.a14a333adf7f9343f599f73001d7dceb09346a134e0f1fffd5e68b529d7b38ec.a3m	true	470220	input_already_has_existing_msa_paths
H0227	0	cd4c4a5265b6324b7639487f6a6550ec0ca34ca209542ad5559ad8dc0dc5bba3	427	kept_existing				/scratch/10992/liaorunlong93/casp16-leaderboard/data/msa_cache/store/cd/cd4c4a5265b6324b7639487f6a6550ec0ca34ca209542ad5559ad8dc0dc5bba3/paired.a22917c4f0ce4ced9a0e320e38b9041dbfed66c9c583a3f3793a9ff2657c55f1.a3m	true	1438077	/scratch/10992/liaorunlong93/casp16-leaderboard/data/msa_cache/store/cd/cd4c4a5265b6324b7639487f6a6550ec0ca34ca209542ad5559ad8dc0dc5bba3/unpaired.c0718e38d917912affa579e1991fba9596a3cc87e0219c95513a52599e490d4c.a3m	true	1262964	input_already_has_existing_msa_paths
H0227	1	cb6d93869aded51940581d412064d3a39385f149bf4cd986a5089f581014540a	877	kept_existing				/scratch/10992/liaorunlong93/casp16-leaderboard/data/msa_cache/store/cb/cb6d93869aded51940581d412064d3a39385f149bf4cd986a5089f581014540a/paired.a3dcaf9614f3c812bdbca92d81c7f5dd1ac6a4435a3e5a8927d692ea6828072f.a3m	true	3368216	/scratch/10992/liaorunlong93/casp16-leaderboard/data/msa_cache/store/cb/cb6d93869aded51940581d412064d3a39385f149bf4cd986a5089f581014540a/unpaired.7bd5bf55642d505f7c95f03f3bc5677da59541142ac70e146f3d18fdeee585e0.a3m	true	3643427	input_already_has_existing_msa_paths
H0229	0	0f0394e0d4e0c2b12981d2949fb82b5a6dbb4efe7bce5548fa10b91e9aaf5d0d	788	kept_existing				/scratch/10992/liaorunlong93/casp16-leaderboard/data/msa_cache/store/0f/0f0394e0d4e0c2b12981d2949fb82b5a6dbb4efe7bce5548fa10b91e9aaf5d0d/paired.cc22769164f91d74ed42484dc6114c9e6b032ccb0d3b0bf4bf5457d6de9b8666.a3m	true	1034984	/scratch/10992/liaorunlong93/casp16-leaderboard/data/msa_cache/store/0f/0f0394e0d4e0c2b12981d2949fb82b5a6dbb4efe7bce5548fa10b91e9aaf5d0d/unpaired.9516e89f9eb95a2164522f6f499a76f281edf367403bf91e8a4fb910420f5b4a.a3m	true	1861356	input_already_has_existing_msa_paths
H0229	1	8218cae0049fbfe8802424dddbf2d8e33087929c8d4036ae98d257b9a0b0e688	199	kept_existing				/scratch/10992/liaorunlong93/casp16-leaderboard/data/msa_cache/store/82/8218cae0049fbfe8802424dddbf2d8e33087929c8d4036ae98d257b9a0b0e688/paired.0d4c23b113a3db696eaf3315176713504052601bcc36ab9f50c43f7f92f5a3e1.a3m	true	495101	/scratch/10992/liaorunlong93/casp16-leaderboard/data/msa_cache/store/82/8218cae0049fbfe8802424dddbf2d8e33087929c8d4036ae98d257b9a0b0e688/unpaired.672b7d524afecbb6db126f9e90910c6ba61bef16eddea5cc919bbf45df8a8458.a3m	true	78882	input_already_has_existing_msa_paths
H0230	0	0f0394e0d4e0c2b12981d2949fb82b5a6dbb4efe7bce5548fa10b91e9aaf5d0d	788	kept_existing				/scratch/10992/liaorunlong93/casp16-leaderboard/data/msa_cache/store/0f/0f0394e0d4e0c2b12981d2949fb82b5a6dbb4efe7bce5548fa10b91e9aaf5d0d/paired.cc22769164f91d74ed42484dc6114c9e6b032ccb0d3b0bf4bf5457d6de9b8666.a3m	true	1034984	/scratch/10992/liaorunlong93/casp16-leaderboard/data/msa_cache/store/0f/0f0394e0d4e0c2b12981d2949fb82b5a6dbb4efe7bce5548fa10b91e9aaf5d0d/unpaired.9516e89f9eb95a2164522f6f499a76f281edf367403bf91e8a4fb910420f5b4a.a3m	true	1861356	input_already_has_existing_msa_paths
H0230	1	e62981e08fc56eb0161bbf5d93f438dd96bba476b8b2e7af265c3fbcab4a8869	196	kept_existing				/scratch/10992/liaorunlong93/casp16-leaderboard/data/msa_cache/store/e6/e62981e08fc56eb0161bbf5d93f438dd96bba476b8b2e7af265c3fbcab4a8869/paired.257eb080f9e03e40fe6269680e55fc31d99e5d6763507ba347f92c7900385b77.a3m	true	508408	/scratch/10992/liaorunlong93/casp16-leaderboard/data/msa_cache/store/e6/e62981e08fc56eb0161bbf5d93f438dd96bba476b8b2e7af265c3fbcab4a8869/unpaired.3fb1871b2915a4d2e108069550df99d70518dc3958dabcd6f0f7b8329aeff12f.a3m	true	85120	input_already_has_existing_msa_paths
H0232	0	937c08c35a5b9d9bbed5031d1724201a0d31bc40967e5a009ab35b46cc8226b1	220	kept_existing				/scratch/10992/liaorunlong93/casp16-leaderboard/data/msa_cache/store/93/937c08c35a5b9d9bbed5031d1724201a0d31bc40967e5a009ab35b46cc8226b1/paired.1c88a68549ee219dec1b5ef0119ed5ad16906262248da41187ca046b517d94ea.a3m	true	24405	/scratch/10992/liaorunlong93/casp16-leaderboard/data/msa_cache/store/93/937c08c35a5b9d9bbed5031d1724201a0d31bc40967e5a009ab35b46cc8226b1/unpaired.1cd3e6d283028b0ceb40af981ef03cfe20170ae1de661dcf2cf061b6ff8f19e0.a3m	true	2807	input_already_has_existing_msa_paths
H0232	1	02f75345251728cf136a0c7643a645a4669b8aaba81b4f47474b0984b642ba01	242	kept_existing				/scratch/10992/liaorunlong93/casp16-leaderboard/data/msa_cache/store/02/02f75345251728cf136a0c7643a645a4669b8aaba81b4f47474b0984b642ba01/paired.e8c8ceae586aa45fe1a02846be1181264ebd3bb694fa0a53ae1eff3619387ac8.a3m	true	2551235	/scratch/10992/liaorunlong93/casp16-leaderboard/data/msa_cache/store/02/02f75345251728cf136a0c7643a645a4669b8aaba81b4f47474b0984b642ba01/unpaired.8c64b412bf70e14f83a0385ce2b9687c806886633001a9cea0f698bc117a9013.a3m	true	515668	input_already_has_existing_msa_paths
H0233	0	570d3e1904da25045a83432e77416530f2033e20a68423e9ebd0d8ee834f6f69	219	kept_existing				/scratch/10992/liaorunlong93/casp16-leaderboard/data/msa_cache/store/57/570d3e1904da25045a83432e77416530f2033e20a68423e9ebd0d8ee834f6f69/paired.cbe60148b8b3c54262e42551c9473489c41f6eed8b574c3fc3fd825595fd725d.a3m	true	24004	/scratch/10992/liaorunlong93/casp16-leaderboard/data/msa_cache/store/57/570d3e1904da25045a83432e77416530f2033e20a68423e9ebd0d8ee834f6f69/unpaired.8d76efff9d13664ecbfa46a5c8afb4de621453f3f6ba41166cad1edcca9eacb6.a3m	true	2837	input_already_has_existing_msa_paths
H0233	1	1b3fe6b3e06757c1c0da296235bbecd66da13b3c94651f21e398dffa0a04e8a7	222	kept_existing				/scratch/10992/liaorunlong93/casp16-leaderboard/data/msa_cache/store/1b/1b3fe6b3e06757c1c0da296235bbecd66da13b3c94651f21e398dffa0a04e8a7/paired.678b8acfd7bec5547ecc660859262beb0a5b9e36a28d288ef8cef144308c8e88.a3m	true	2989792	/scratch/10992/liaorunlong93/casp16-leaderboard/data/msa_cache/store/1b/1b3fe6b3e06757c1c0da296235bbecd66da13b3c94651f21e398dffa0a04e8a7/unpaired.408408dfea5b5e42be2b097bf1909de80d6314f4da53dd6f6a223f39223e9237.a3m	true	387993	input_already_has_existing_msa_paths
H0233	2	447ed8e37d467004c78be9ceb19e2c1844e2ada833674360d0d633e82d0a2a16	217	kept_existing				/scratch/10992/liaorunlong93/casp16-leaderboard/data/msa_cache/store/44/447ed8e37d467004c78be9ceb19e2c1844e2ada833674360d0d633e82d0a2a16/paired.75700ae6c773de1bb78ce82a16d7545bfada46d5088ff10c786e0fe443517141.a3m	true	2484800	/scratch/10992/liaorunlong93/casp16-leaderboard/data/msa_cache/store/44/447ed8e37d467004c78be9ceb19e2c1844e2ada833674360d0d633e82d0a2a16/unpaired.7ba260a689e530e7e551efe558c073e821aedcb64cbe6dffab3550db24fa55bf.a3m	true	234943	input_already_has_existing_msa_paths
H0236	0	92e0ae5ec6bea77badf08dafbd68178a36fa7245a33b543b0ae70828eb29699e	413	kept_existing				/scratch/10992/liaorunlong93/casp16-leaderboard/data/msa_cache/store/92/92e0ae5ec6bea77badf08dafbd68178a36fa7245a33b543b0ae70828eb29699e/paired.15314eead58e4c97d60bd4f95d3ec7dd0853319910faa090274c6fc62960f0ed.a3m	true	5383	/scratch/10992/liaorunlong93/casp16-leaderboard/data/msa_cache/store/92/92e0ae5ec6bea77badf08dafbd68178a36fa7245a33b543b0ae70828eb29699e/unpaired.e4215bceb45b774c457385f90559faf2576275875ae0d30e8e5ed3c5f3dc27dd.a3m	true	16680	input_already_has_existing_msa_paths
H0236	1	60828aeb55d92f67cd0a5163963debca946a1960214b919cc0de99bcd0c0ba13	115	kept_existing				/scratch/10992/liaorunlong93/casp16-leaderboard/data/msa_cache/store/60/60828aeb55d92f67cd0a5163963debca946a1960214b919cc0de99bcd0c0ba13/paired.916ec02d85caa54aa5d2b22859c5a9df570a75a8e56278eee3f3d22e568ee004.a3m	true	308	/scratch/10992/liaorunlong93/casp16-leaderboard/data/msa_cache/store/60/60828aeb55d92f67cd0a5163963debca946a1960214b919cc0de99bcd0c0ba13/unpaired.d536a2f9acc6465c577ba2060b395140e7c3c0ca0b01bf596977ecc233e769b1.a3m	true	3161	input_already_has_existing_msa_paths
H0244	0	a4e5bb5310a35d3337fe1dba1c9e43f561daa4625d8c43e20a07525cd924f9c5	157	kept_existing				/scratch/10992/liaorunlong93/casp16-leaderboard/data/msa_cache/store/a4/a4e5bb5310a35d3337fe1dba1c9e43f561daa4625d8c43e20a07525cd924f9c5/paired.d39dc2d3a58f8eeebb180b781a9b634ca9030779f892e2c9f37b70c1cc0ca005.a3m	true	825702	/scratch/10992/liaorunlong93/casp16-leaderboard/data/msa_cache/store/a4/a4e5bb5310a35d3337fe1dba1c9e43f561daa4625d8c43e20a07525cd924f9c5/unpaired.a61c561eacf77bcf5fdfeb39fb35446ef02c178a21e670fedaf1110da145dceb.a3m	true	775716	input_already_has_existing_msa_paths
H0244	1	1ce6f730e8cffd8f72afd0d2e8551d2173e7c962e6a8c0e5b068074404c64f79	129	kept_existing				/scratch/10992/liaorunlong93/casp16-leaderboard/data/msa_cache/store/1c/1ce6f730e8cffd8f72afd0d2e8551d2173e7c962e6a8c0e5b068074404c64f79/paired.1e2f4d568230690fb525c4365da3246fe6152d6db044e10735ebe4b5674acb34.a3m	true	4926	/scratch/10992/liaorunlong93/casp16-leaderboard/data/msa_cache/store/1c/1ce6f730e8cffd8f72afd0d2e8551d2173e7c962e6a8c0e5b068074404c64f79/unpaired.c4cfc01a94bb7a5666d6ee6513d9256be2705b63a3494e39e9e6323794310357.a3m	true	12111	input_already_has_existing_msa_paths
H0244	2	e1d1ecc2e0912475427f46d6925bdcd958b1b0795e4a9f0f8fbcab76a3910f0a	139	kept_existing				/scratch/10992/liaorunlong93/casp16-leaderboard/data/msa_cache/store/e1/e1d1ecc2e0912475427f46d6925bdcd958b1b0795e4a9f0f8fbcab76a3910f0a/paired.d89e3ebd58fd160ebbb3f17bc39cb12070dd405172d5b7f6c5190fd88ff23095.a3m	true	2126156	/scratch/10992/liaorunlong93/casp16-leaderboard/data/msa_cache/store/e1/e1d1ecc2e0912475427f46d6925bdcd958b1b0795e4a9f0f8fbcab76a3910f0a/unpaired.d691debd4cef3a7b515ec43bac27f0df08c94406aa68d5e6f03e0eab630f5b0d.a3m	true	294981	input_already_has_existing_msa_paths
H0245	0	34089f6a1cf1ccafe8f511ed8a4fc5a2897e512840236e244ca06f49c9b19d6a	183	kept_existing				/scratch/10992/liaorunlong93/casp16-leaderboard/data/msa_cache/store/34/34089f6a1cf1ccafe8f511ed8a4fc5a2897e512840236e244ca06f49c9b19d6a/paired.65b9e30661aa5d5849cf82f2c1d919b69a5884d0ac0378fdf2e4e4ea242812d5.a3m	true	5391	/scratch/10992/liaorunlong93/casp16-leaderboard/data/msa_cache/store/34/34089f6a1cf1ccafe8f511ed8a4fc5a2897e512840236e244ca06f49c9b19d6a/unpaired.da6fd070653d5c334fc495e49c5834be068f0a1507444cac7286ec1ddaf57f0c.a3m	true	6148	input_already_has_existing_msa_paths
H0245	1	0579992676eda5fe4e0b7b136292a604d5a6e51a37fd3865f833580226deb8ec	134	kept_existing				/scratch/10992/liaorunlong93/casp16-leaderboard/data/msa_cache/store/05/0579992676eda5fe4e0b7b136292a604d5a6e51a37fd3865f833580226deb8ec/paired.0a807c05c035a0460873ec3ceccebc17355e4832e7e9926f2017378ea79f431f.a3m	true	349	/scratch/10992/liaorunlong93/casp16-leaderboard/data/msa_cache/store/05/0579992676eda5fe4e0b7b136292a604d5a6e51a37fd3865f833580226deb8ec/unpaired.b777141ea89e30b59f44c2fd45d4e3b788573117bb9303535dee0fd37d398377.a3m	true	20813	input_already_has_existing_msa_paths
H0258	0	f1dd6dfa4634f6c87ed6456d63764c893d6169525d978b7a78dbc1f4c8575483	2535	kept_existing				/scratch/10992/liaorunlong93/casp16-leaderboard/data/msa_cache/store/f1/f1dd6dfa4634f6c87ed6456d63764c893d6169525d978b7a78dbc1f4c8575483/paired.4962b208694b3ac32d83abb83f77da0ffc977488bfcff93d1dcaf1f63f34aaf9.a3m	true	13579372	/scratch/10992/liaorunlong93/casp16-leaderboard/data/msa_cache/store/f1/f1dd6dfa4634f6c87ed6456d63764c893d6169525d978b7a78dbc1f4c8575483/unpaired.7ec81cdd48a95814fe2e231d2508c45dd9b1a8a34bbf1353f7f82b04ccb6a992.a3m	true	10681136	input_already_has_existing_msa_paths
H0265	0	b2c51d40ad46163a635e122ebf1bc8e9cb61bd70e42dc6331699a800a20bff7b	150	kept_existing				/scratch/10992/liaorunlong93/casp16-leaderboard/data/msa_cache/store/b2/b2c51d40ad46163a635e122ebf1bc8e9cb61bd70e42dc6331699a800a20bff7b/paired.6e6472eba55a776a5dfe865eb84ff8464d9241800c030290724936267f6143a2.a3m	true	884057	/scratch/10992/liaorunlong93/casp16-leaderboard/data/msa_cache/store/b2/b2c51d40ad46163a635e122ebf1bc8e9cb61bd70e42dc6331699a800a20bff7b/unpaired.dc7aab9a78be974b8d8e82aa39f949b2ed3532bbda7958c59f07db5f15b5b4ec.a3m	true	520430	input_already_has_existing_msa_paths
H0265	1	7602d8e2730b82dc37e70b93c802a4333cd59f90a123d2739db1d2b2789075ad	143	kept_existing				/scratch/10992/liaorunlong93/casp16-leaderboard/data/msa_cache/store/76/7602d8e2730b82dc37e70b93c802a4333cd59f90a123d2739db1d2b2789075ad/paired.3df8d233fd3180904b16de68cfc75f96e4542c8b2dc0d60b8356d4c1b939574a.a3m	true	239019	/scratch/10992/liaorunlong93/casp16-leaderboard/data/msa_cache/store/76/7602d8e2730b82dc37e70b93c802a4333cd59f90a123d2739db1d2b2789075ad/unpaired.47425e08a781004b488bef40f1ce17087febf0dbaf3483476466b31d5fd5650f.a3m	true	197305	input_already_has_existing_msa_paths
H0267	0	acf4125cd7e6c0fd83f4ebf40580a73ffd202dd6652c4d460fa4c4d93ea1c157	444	kept_existing				/scratch/10992/liaorunlong93/casp16-leaderboard/data/msa_cache/store/ac/acf4125cd7e6c0fd83f4ebf40580a73ffd202dd6652c4d460fa4c4d93ea1c157/paired.e0e66dd6facb3cbfee8ff1d2334bd237f019cb09cc669155003794560ff1f0c9.a3m	true	140687	/scratch/10992/liaorunlong93/casp16-leaderboard/data/msa_cache/store/ac/acf4125cd7e6c0fd83f4ebf40580a73ffd202dd6652c4d460fa4c4d93ea1c157/unpaired.5852221a31632b021f2732ab1bf636ea7ae3f6b473fdfd48703e4fda14c1b89b.a3m	true	683631	input_already_has_existing_msa_paths
H0267	1	a1c66f0376b2ac8fec8a66ae732ef5bedb19bd199b0c1ad4a233f0ae0a541476	482	kept_existing				/scratch/10992/liaorunlong93/casp16-leaderboard/data/msa_cache/store/a1/a1c66f0376b2ac8fec8a66ae732ef5bedb19bd199b0c1ad4a233f0ae0a541476/paired.c3dfef9c03fe55c1dc15c757ecc25c473886d594229dc393ca0e03c0057191ec.a3m	true	411281	/scratch/10992/liaorunlong93/casp16-leaderboard/data/msa_cache/store/a1/a1c66f0376b2ac8fec8a66ae732ef5bedb19bd199b0c1ad4a233f0ae0a541476/unpaired.a7ce11abda39d37e50bd1072c4b5f8346dd832c6735560589c2cb1b3a483ed56.a3m	true	1303569	input_already_has_existing_msa_paths
H0272	0	c49d32457da096a73fde5043693ca960def7c03e83f1e749a35e90b78fba1de9	363	kept_existing				/scratch/10992/liaorunlong93/casp16-leaderboard/data/msa_cache/store/c4/c49d32457da096a73fde5043693ca960def7c03e83f1e749a35e90b78fba1de9/paired.9f5c3e2ca3ef9ad14d3a29ecc05f1bc792cdf7eb007fd35c6cdfd6ac9c1009e2.a3m	true	320228	/scratch/10992/liaorunlong93/casp16-leaderboard/data/msa_cache/store/c4/c49d32457da096a73fde5043693ca960def7c03e83f1e749a35e90b78fba1de9/unpaired.d680b5c515a76ece8ebb618bfef81c058642daf6f7c63865769e190a455acb1f.a3m	true	62906	input_already_has_existing_msa_paths
H0272	1	594d664fdbdb4440f603feed41ee6c5456c1da34e90f529623fdf53dafb8049c	318	kept_existing				/scratch/10992/liaorunlong93/casp16-leaderboard/data/msa_cache/store/59/594d664fdbdb4440f603feed41ee6c5456c1da34e90f529623fdf53dafb8049c/paired.5ce17f1a1c8f505e80ac69dab558cb1d37a75d114af21379f8bf70a4ee639211.a3m	true	143037	/scratch/10992/liaorunlong93/casp16-leaderboard/data/msa_cache/store/59/594d664fdbdb4440f603feed41ee6c5456c1da34e90f529623fdf53dafb8049c/unpaired.9aa874ffb62e3e7308bac5efbeaee71df045730393436e30791e795d3730a535.a3m	true	77044	input_already_has_existing_msa_paths
H0272	2	a50dfbae3f7c9e8d0f19a4a0684e7652bcb198bb71494c2077243cbbd55d8774	289	kept_existing				/scratch/10992/liaorunlong93/casp16-leaderboard/data/msa_cache/store/a5/a50dfbae3f7c9e8d0f19a4a0684e7652bcb198bb71494c2077243cbbd55d8774/paired.b13dfe730b1d387c01917394dd9575833d2f36c77224d0fc2c3928060db76748.a3m	true	411870	/scratch/10992/liaorunlong93/casp16-leaderboard/data/msa_cache/store/a5/a50dfbae3f7c9e8d0f19a4a0684e7652bcb198bb71494c2077243cbbd55d8774/unpaired.91fc3d60bd18df80909d6951dafa12cce4b506efaa59cd79581c2ebccff06c2a.a3m	true	129317	input_already_has_existing_msa_paths
H0272	3	53a06b91c7f77a9d41761b633b714405cdcd324afdc601cde8434f9506a25b07	291	kept_existing				/scratch/10992/liaorunlong93/casp16-leaderboard/data/msa_cache/store/53/53a06b91c7f77a9d41761b633b714405cdcd324afdc601cde8434f9506a25b07/paired.a02388b1bbe3d3c7389fe299d672e2c246c313fcef198424ea1ac1b972545b16.a3m	true	415778	/scratch/10992/liaorunlong93/casp16-leaderboard/data/msa_cache/store/53/53a06b91c7f77a9d41761b633b714405cdcd324afdc601cde8434f9506a25b07/unpaired.46a73ca1ea0292f55095bcfa9035af9b67ad1e0437291eda69e60c6ad7177f06.a3m	true	134313	input_already_has_existing_msa_paths
H0272	4	14b8ea863c0aba246ae40b8b5b4c025d2f86c78f451226793f205886d02c3d8b	624	kept_existing				/scratch/10992/liaorunlong93/casp16-leaderboard/data/msa_cache/store/14/14b8ea863c0aba246ae40b8b5b4c025d2f86c78f451226793f205886d02c3d8b/paired.8cf940f46dfd587d904dcff593bc470fad3c7f20b05a38b88dcce0adb2042ecd.a3m	true	697826	/scratch/10992/liaorunlong93/casp16-leaderboard/data/msa_cache/store/14/14b8ea863c0aba246ae40b8b5b4c025d2f86c78f451226793f205886d02c3d8b/unpaired.920cbed3330d7d0585229963e0591f4acd0d92d1d350578dd2a1e6ea4eb00e42.a3m	true	620646	input_already_has_existing_msa_paths
H0272	5	3e872160278b1f1be39d45cded20127e8285a432cfdb92a2077ea1e2c89eaab1	202	kept_existing				/scratch/10992/liaorunlong93/casp16-leaderboard/data/msa_cache/store/3e/3e872160278b1f1be39d45cded20127e8285a432cfdb92a2077ea1e2c89eaab1/paired.384f07e6e3c3474f345b17794210eb6ef53cbe4021f048de20faf101fa19e218.a3m	true	312321	/scratch/10992/liaorunlong93/casp16-leaderboard/data/msa_cache/store/3e/3e872160278b1f1be39d45cded20127e8285a432cfdb92a2077ea1e2c89eaab1/unpaired.3b662685c1100b59afd289ca25473afc6160c057a4c80aad21d8ec081e2cd27b.a3m	true	112658	input_already_has_existing_msa_paths
H0272	6	b704bdc4d3b799ff5c0af5f22d19fc734bf7123aec2cdddb6eb696b0f7030a09	198	kept_existing				/scratch/10992/liaorunlong93/casp16-leaderboard/data/msa_cache/store/b7/b704bdc4d3b799ff5c0af5f22d19fc734bf7123aec2cdddb6eb696b0f7030a09/paired.27afe716f2f01816fbed65f55f6413379b7d954ec431c412b8644119f5fcce09.a3m	true	160833	/scratch/10992/liaorunlong93/casp16-leaderboard/data/msa_cache/store/b7/b704bdc4d3b799ff5c0af5f22d19fc734bf7123aec2cdddb6eb696b0f7030a09/unpaired.73eddacc058ac357f21ff1a8914f03e290c03c6d66bb1622fea6a71e99858033.a3m	true	21279	input_already_has_existing_msa_paths
H1202	0	ff2c2577cd30c10d447d43413226eec88351e6e1e61c534e16a36d26a56023dc	69	kept_existing				/scratch/10992/liaorunlong93/casp16-leaderboard/data/msa_cache/store/ff/ff2c2577cd30c10d447d43413226eec88351e6e1e61c534e16a36d26a56023dc/paired.a1cfa208f5b17bbf6a70a0394394a0362ab08e84373e127e250382c8b578caf6.a3m	true	59056	/scratch/10992/liaorunlong93/casp16-leaderboard/data/msa_cache/store/ff/ff2c2577cd30c10d447d43413226eec88351e6e1e61c534e16a36d26a56023dc/unpaired.0b723f03dba642f74cc376c2cb0ebe9b17cffda67cc9408a855695bc4d4f7482.a3m	true	47696	input_already_has_existing_msa_paths
H1202	1	3821d338631ceb79b52db75ecdff2f1d2e55fa1c9b1b11aba1bee88590c392bb	121	kept_existing				/scratch/10992/liaorunlong93/casp16-leaderboard/data/msa_cache/store/38/3821d338631ceb79b52db75ecdff2f1d2e55fa1c9b1b11aba1bee88590c392bb/paired.0757726c07ff4e5098a5ee228e7583691a3008a0cfc74cbe57122fa9a3dc4c46.a3m	true	971798	/scratch/10992/liaorunlong93/casp16-leaderboard/data/msa_cache/store/38/3821d338631ceb79b52db75ecdff2f1d2e55fa1c9b1b11aba1bee88590c392bb/unpaired.eb4bfb39c2fbcd0c6a919ea36049ef6caf4db13dacfde0d6fd9682f35192d2d3.a3m	true	381270	input_already_has_existing_msa_paths
H1204	0	8a1b8fae5cdeb901a5e93d7e364c6cf5c3a7028fa7a6f3fdd93f377e26ec240b	134	kept_existing				/scratch/10992/liaorunlong93/casp16-leaderboard/data/msa_cache/store/8a/8a1b8fae5cdeb901a5e93d7e364c6cf5c3a7028fa7a6f3fdd93f377e26ec240b/paired.d09876c6ffc2bcd9581513b80cfbc5fd1f485df80f0bc542110a72d76763bfa2.a3m	true	1934328	/scratch/10992/liaorunlong93/casp16-leaderboard/data/msa_cache/store/8a/8a1b8fae5cdeb901a5e93d7e364c6cf5c3a7028fa7a6f3fdd93f377e26ec240b/unpaired.288ba59a0ec73b1cbad3925cf64f1dbcb301f576dae61a6212edc186a404c504.a3m	true	268191	input_already_has_existing_msa_paths
H1204	1	9ebf320eb707d71644444fe5006ed58af56a0bf0ec9568eb6a3a65e0e8191465	147	kept_existing				/scratch/10992/liaorunlong93/casp16-leaderboard/data/msa_cache/store/9e/9ebf320eb707d71644444fe5006ed58af56a0bf0ec9568eb6a3a65e0e8191465/paired.3c6e2a86f72ed651c367972707ec8e6a26e899eff2df431b96b9ae1401007e37.a3m	true	772107	/scratch/10992/liaorunlong93/casp16-leaderboard/data/msa_cache/store/9e/9ebf320eb707d71644444fe5006ed58af56a0bf0ec9568eb6a3a65e0e8191465/unpaired.75352497d11db5d8138d25ffb851abe07d890570c51354d3f9f3037e59cf67d0.a3m	true	141299	input_already_has_existing_msa_paths
H1204	2	14725a10598943a7aa719eed7d24c7fee599192a6c63c75b051ee6f156341242	142	kept_existing				/scratch/10992/liaorunlong93/casp16-leaderboard/data/msa_cache/store/14/14725a10598943a7aa719eed7d24c7fee599192a6c63c75b051ee6f156341242/paired.c3358f6a6e882241a16a408509de75f66b3586649e194daa0c6d5212103dbb18.a3m	true	739191	/scratch/10992/liaorunlong93/casp16-leaderboard/data/msa_cache/store/14/14725a10598943a7aa719eed7d24c7fee599192a6c63c75b051ee6f156341242/unpaired.f4aaaf34f41f90f40b16e8520579b44177f235f3fa2ae191b77deff7c4567f63.a3m	true	110462	input_already_has_existing_msa_paths
H1208	0	56637ab14201b7acaaa5ffa9a87b2ef3d1616f2cf2edeea60b12d27a5a3527ef	328	kept_existing				/scratch/10992/liaorunlong93/casp16-leaderboard/data/msa_cache/store/56/56637ab14201b7acaaa5ffa9a87b2ef3d1616f2cf2edeea60b12d27a5a3527ef/paired.f99a8c626acbc909f20fb74cf9a138f138c28896aca4142ee78adb7e6c51bab2.a3m	true	56709	/scratch/10992/liaorunlong93/casp16-leaderboard/data/msa_cache/store/56/56637ab14201b7acaaa5ffa9a87b2ef3d1616f2cf2edeea60b12d27a5a3527ef/unpaired.1aef002a3ea401256a3ee5569a9bb5c608db8e7a3b01af11d53718eeee52c367.a3m	true	672004	input_already_has_existing_msa_paths
H1208	1	021104c9d7181056285710bd3736d1cd483c8dbd4b06dd8f368d9a564b0e44f0	318	kept_existing				/scratch/10992/liaorunlong93/casp16-leaderboard/data/msa_cache/store/02/021104c9d7181056285710bd3736d1cd483c8dbd4b06dd8f368d9a564b0e44f0/paired.5466962670d921f92826951b05121b70c3885c164cfe73353c4aa14053b9cb14.a3m	true	24060	/scratch/10992/liaorunlong93/casp16-leaderboard/data/msa_cache/store/02/021104c9d7181056285710bd3736d1cd483c8dbd4b06dd8f368d9a564b0e44f0/unpaired.9bb411a3d1ebfc7b5ece6c55c112be79669f742d5b853b94ee999f3cc7caa6ef.a3m	true	207157	input_already_has_existing_msa_paths
H1215	0	e4e080fdcf31dab15f44818c44920dfc443725852058d7b9f6315995ca527c1f	131	kept_existing				/scratch/10992/liaorunlong93/casp16-leaderboard/data/msa_cache/store/e4/e4e080fdcf31dab15f44818c44920dfc443725852058d7b9f6315995ca527c1f/paired.d5c4b5f2a59a6cd445280b992c7cafc2f7b729f42cde9d8aa30f1e61fab8906f.a3m	true	2174364	/scratch/10992/liaorunlong93/casp16-leaderboard/data/msa_cache/store/e4/e4e080fdcf31dab15f44818c44920dfc443725852058d7b9f6315995ca527c1f/unpaired.a6c813c7974b75a4c33be2c2908ca095c91dccdb8466b8b18839e16259eaebff.a3m	true	300164	input_already_has_existing_msa_paths
H1215	1	62906c87be438d2dbd057edfa055b453648b0bc19c6d14476395b2832095bb64	238	kept_existing				/scratch/10992/liaorunlong93/casp16-leaderboard/data/msa_cache/store/62/62906c87be438d2dbd057edfa055b453648b0bc19c6d14476395b2832095bb64/paired.bb8a87f582826c1834768f837c10a8eb2f5f9cebce7bdf2fa6b81dfac0fae1af.a3m	true	50215	/scratch/10992/liaorunlong93/casp16-leaderboard/data/msa_cache/store/62/62906c87be438d2dbd057edfa055b453648b0bc19c6d14476395b2832095bb64/unpaired.1a5cee90b3c087da7be4c19758b891dfb3bb7ee5ef0bbf52b852fd547da01d5b.a3m	true	24463	input_already_has_existing_msa_paths
H1217	0	ee5f48c4b5b6fa7107b4ac819c69e21a4026742f03ef0eb20b847159006445fc	305	kept_existing				/scratch/10992/liaorunlong93/casp16-leaderboard/data/msa_cache/store/ee/ee5f48c4b5b6fa7107b4ac819c69e21a4026742f03ef0eb20b847159006445fc/paired.a4e0216b0b819c0403256afb2ea9ef9e6324d81f37d9dc1897f62781c0982c9e.a3m	true	1006900	/scratch/10992/liaorunlong93/casp16-leaderboard/data/msa_cache/store/ee/ee5f48c4b5b6fa7107b4ac819c69e21a4026742f03ef0eb20b847159006445fc/unpaired.15a08dfa382740eebb41ec91789564069c31483a88c6e7acebf7665cada55a7e.a3m	true	1183694	input_already_has_existing_msa_paths
H1217	1	7c91d6fa65de0dc91b2fdc82dfea2e83c69c3f02ca15df415cd4a957ecdb29f8	351	kept_existing				/scratch/10992/liaorunlong93/casp16-leaderboard/data/msa_cache/store/7c/7c91d6fa65de0dc91b2fdc82dfea2e83c69c3f02ca15df415cd4a957ecdb29f8/paired.4740eea4afbe609bf6d2f72f9b4b13983dbccd560e4739fc251a6c4122853e6e.a3m	true	912957	/scratch/10992/liaorunlong93/casp16-leaderboard/data/msa_cache/store/7c/7c91d6fa65de0dc91b2fdc82dfea2e83c69c3f02ca15df415cd4a957ecdb29f8/unpaired.3b35a4711a93f6b58bfa48dad2b10f6111b67c97a05b6bdbe1f5107142c93d26.a3m	true	982369	input_already_has_existing_msa_paths
H1217	2	660ab80067c1dfdb5f6179379912f1e10cd129ea03acaf8ce024dc2895e5ce2c	452	kept_existing				/scratch/10992/liaorunlong93/casp16-leaderboard/data/msa_cache/store/66/660ab80067c1dfdb5f6179379912f1e10cd129ea03acaf8ce024dc2895e5ce2c/paired.e25dce0c8393dcef2a1574b1510efc854a37f1c95859e465f18d4b7f7556ab7c.a3m	true	1184577	/scratch/10992/liaorunlong93/casp16-leaderboard/data/msa_cache/store/66/660ab80067c1dfdb5f6179379912f1e10cd129ea03acaf8ce024dc2895e5ce2c/unpaired.c074804398d65828ca3416b24341b5f4d8bcbe40d775e51a03ddde800ec5d8e7.a3m	true	2746418	input_already_has_existing_msa_paths
H1217	3	a596459ba833ea0f25d3cb1299aa2f43ee85ee69bc04ad67de3cd326babfc4f2	523	kept_existing				/scratch/10992/liaorunlong93/casp16-leaderboard/data/msa_cache/store/a5/a596459ba833ea0f25d3cb1299aa2f43ee85ee69bc04ad67de3cd326babfc4f2/paired.6a12b5af24241a59f0481cb57cddf374f078d60cbb2322272ade2b1e11bbceb5.a3m	true	1649471	/scratch/10992/liaorunlong93/casp16-leaderboard/data/msa_cache/store/a5/a596459ba833ea0f25d3cb1299aa2f43ee85ee69bc04ad67de3cd326babfc4f2/unpaired.3a896aeb83e77e2de160d71215bf9c1fe74d83d7b0a08f4dacb6fc9c2f2ec0fb.a3m	true	1522346	input_already_has_existing_msa_paths
H1217	4	e5041a86e096aebf5bc3c881a35c93b41fc39659d828da5f81c68cd1cfa98282	681	kept_existing				/scratch/10992/liaorunlong93/casp16-leaderboard/data/msa_cache/store/e5/e5041a86e096aebf5bc3c881a35c93b41fc39659d828da5f81c68cd1cfa98282/paired.0369d0d496f55c749dc4e9e2599914c5477e68228533df3a6abb5d2d5aa8ddc7.a3m	true	1876690	/scratch/10992/liaorunlong93/casp16-leaderboard/data/msa_cache/store/e5/e5041a86e096aebf5bc3c881a35c93b41fc39659d828da5f81c68cd1cfa98282/unpaired.efb45b14ea55bb94d601690b249caea841400a6bdd72dffe1ec22c1430eab50a.a3m	true	2404243	input_already_has_existing_msa_paths
H1220	0	59a239546373319bc924d972c6279be91b01ece6ee5ccdf8f760bb4874bd9ee9	1711	kept_existing				/scratch/10992/liaorunlong93/casp16-leaderboard/data/msa_cache/store/59/59a239546373319bc924d972c6279be91b01ece6ee5ccdf8f760bb4874bd9ee9/paired.baf966e8dc0f013a00544f69b7928d7493ee07d3ea0a46a9c619b60641193978.a3m	true	155803	/scratch/10992/liaorunlong93/casp16-leaderboard/data/msa_cache/store/59/59a239546373319bc924d972c6279be91b01ece6ee5ccdf8f760bb4874bd9ee9/unpaired.b06a3518cc2d290d82b4ee897642ced087bbacff3fd7e7a872dceb903468e1f9.a3m	true	33796	input_already_has_existing_msa_paths
H1220	1	83dbd06877dc56689f7a06217b8d57ca8976659e0715bc05ffd5638f3d79d2f1	201	kept_existing				/scratch/10992/liaorunlong93/casp16-leaderboard/data/msa_cache/store/83/83dbd06877dc56689f7a06217b8d57ca8976659e0715bc05ffd5638f3d79d2f1/paired.6cebb06c1a4f8e8207f9f590b6c193ab96fdafa9c47377dd5c46895c8be94d59.a3m	true	8067	/scratch/10992/liaorunlong93/casp16-leaderboard/data/msa_cache/store/83/83dbd06877dc56689f7a06217b8d57ca8976659e0715bc05ffd5638f3d79d2f1/unpaired.29355a05191ffc3b5cd12c3646c182c80b1e943bb2b42b9ca7197478f9442fc8.a3m	true	3261	input_already_has_existing_msa_paths
H1222	0	75ab8f84ed0b168b539d68f17aba776825247684115c480b6669b9540bbbd99c	41	kept_existing				/scratch/10992/liaorunlong93/casp16-leaderboard/data/msa_cache/store/75/75ab8f84ed0b168b539d68f17aba776825247684115c480b6669b9540bbbd99c/paired.7498fbe52cba67cb2dfa3c83eb9b6b41fafcd9fbbc45e7563c86aebe639024f2.a3m	true	14826	/scratch/10992/liaorunlong93/casp16-leaderboard/data/msa_cache/store/75/75ab8f84ed0b168b539d68f17aba776825247684115c480b6669b9540bbbd99c/unpaired.ca5e9b5384be4db85da2983f361a50dc98eac85465d2ce1041ea623ecd967a7b.a3m	true	1865	input_already_has_existing_msa_paths
H1222	1	87d1b3ce8842ab4bdc54de8492a65c98cd184fe0a002471e23188962a2afcafb	224	kept_existing				/scratch/10992/liaorunlong93/casp16-leaderboard/data/msa_cache/store/87/87d1b3ce8842ab4bdc54de8492a65c98cd184fe0a002471e23188962a2afcafb/paired.bb77f7f0f3ed4a9020e4af0e49d9685e726245387c47d539218765d867bce0cc.a3m	true	3368641	/scratch/10992/liaorunlong93/casp16-leaderboard/data/msa_cache/store/87/87d1b3ce8842ab4bdc54de8492a65c98cd184fe0a002471e23188962a2afcafb/unpaired.2301fbfa6c421bc295f82df74686eb7f3ede89f463c31331305675151dae4691.a3m	true	379522	input_already_has_existing_msa_paths
H1222	2	159b29e372b65f98c869a497e028ae6781b552f0125f6c1ba016b98d5d54beba	220	kept_existing				/scratch/10992/liaorunlong93/casp16-leaderboard/data/msa_cache/store/15/159b29e372b65f98c869a497e028ae6781b552f0125f6c1ba016b98d5d54beba/paired.08e471430dd71207b4af54e8d202489ab15090242b6eddfc0e8ca8e04a1bab15.a3m	true	3411011	/scratch/10992/liaorunlong93/casp16-leaderboard/data/msa_cache/store/15/159b29e372b65f98c869a497e028ae6781b552f0125f6c1ba016b98d5d54beba/unpaired.0df52d6b5b742ca5a6e6ea6f39687488f21d991e7fe5bc113f9765a0df37fe9d.a3m	true	421649	input_already_has_existing_msa_paths
H1223	0	75ab8f84ed0b168b539d68f17aba776825247684115c480b6669b9540bbbd99c	41	kept_existing				/scratch/10992/liaorunlong93/casp16-leaderboard/data/msa_cache/store/75/75ab8f84ed0b168b539d68f17aba776825247684115c480b6669b9540bbbd99c/paired.7498fbe52cba67cb2dfa3c83eb9b6b41fafcd9fbbc45e7563c86aebe639024f2.a3m	true	14826	/scratch/10992/liaorunlong93/casp16-leaderboard/data/msa_cache/store/75/75ab8f84ed0b168b539d68f17aba776825247684115c480b6669b9540bbbd99c/unpaired.ca5e9b5384be4db85da2983f361a50dc98eac85465d2ce1041ea623ecd967a7b.a3m	true	1865	input_already_has_existing_msa_paths
H1223	1	a69cb5f3246c47e3253b31b6d91790a02daf3cb6897de0c1e691eb8061f0d3b2	229	kept_existing				/scratch/10992/liaorunlong93/casp16-leaderboard/data/msa_cache/store/a6/a69cb5f3246c47e3253b31b6d91790a02daf3cb6897de0c1e691eb8061f0d3b2/paired.808cf94d4f7a098acb83fb9a4d47b54d99a7a1fc5c25c9c5dfa67fc1e000a54f.a3m	true	3096715	/scratch/10992/liaorunlong93/casp16-leaderboard/data/msa_cache/store/a6/a69cb5f3246c47e3253b31b6d91790a02daf3cb6897de0c1e691eb8061f0d3b2/unpaired.94c6c20cfc7661e2b65d16574aa6d9d54387d9a7d28b1f276bb0e297f22b2e45.a3m	true	384622	input_already_has_existing_msa_paths
H1223	2	eaeeea2e1389b6805f453a7fc561f0c9f55a7f102a7df2398089b8942ebbad16	216	kept_existing				/scratch/10992/liaorunlong93/casp16-leaderboard/data/msa_cache/store/ea/eaeeea2e1389b6805f453a7fc561f0c9f55a7f102a7df2398089b8942ebbad16/paired.bfdfc909878c39c1b916f427050b08b8d998b403be45ff05c86d40918b97c329.a3m	true	3304904	/scratch/10992/liaorunlong93/casp16-leaderboard/data/msa_cache/store/ea/eaeeea2e1389b6805f453a7fc561f0c9f55a7f102a7df2398089b8942ebbad16/unpaired.a5752617321f532978f2c527e0413a332f2d2895a939240c10a6fce3de1a682c.a3m	true	390775	input_already_has_existing_msa_paths
H1225	0	75ab8f84ed0b168b539d68f17aba776825247684115c480b6669b9540bbbd99c	41	kept_existing				/scratch/10992/liaorunlong93/casp16-leaderboard/data/msa_cache/store/75/75ab8f84ed0b168b539d68f17aba776825247684115c480b6669b9540bbbd99c/paired.7498fbe52cba67cb2dfa3c83eb9b6b41fafcd9fbbc45e7563c86aebe639024f2.a3m	true	14826	/scratch/10992/liaorunlong93/casp16-leaderboard/data/msa_cache/store/75/75ab8f84ed0b168b539d68f17aba776825247684115c480b6669b9540bbbd99c/unpaired.ca5e9b5384be4db85da2983f361a50dc98eac85465d2ce1041ea623ecd967a7b.a3m	true	1865	input_already_has_existing_msa_paths
H1225	1	d02f3dd32da1da44d66a8fcb578d22e2c0f29e3942d538031df2c018c7f891d4	227	kept_existing				/scratch/10992/liaorunlong93/casp16-leaderboard/data/msa_cache/store/d0/d02f3dd32da1da44d66a8fcb578d22e2c0f29e3942d538031df2c018c7f891d4/paired.4afcb523be77c3d887242ee03d3a57d0d48e05ca854e9759aa9b23907806a4fa.a3m	true	3362504	/scratch/10992/liaorunlong93/casp16-leaderboard/data/msa_cache/store/d0/d02f3dd32da1da44d66a8fcb578d22e2c0f29e3942d538031df2c018c7f891d4/unpaired.1daf3f9ad5fe8e4de0ad9138190b3b401270f7c5c6f5d60e490463ce7dcd6fcb.a3m	true	365493	input_already_has_existing_msa_paths
H1225	2	c184148b34346b3ae031d54394025467b80edfb4e1c1193d72dc2c01577cc7ed	215	kept_existing				/scratch/10992/liaorunlong93/casp16-leaderboard/data/msa_cache/store/c1/c184148b34346b3ae031d54394025467b80edfb4e1c1193d72dc2c01577cc7ed/paired.8b4efc3b0ca0c0c4bb1078e1f45c9f6a288e2cfb5bc895ff45414739b4a18a09.a3m	true	2978121	/scratch/10992/liaorunlong93/casp16-leaderboard/data/msa_cache/store/c1/c184148b34346b3ae031d54394025467b80edfb4e1c1193d72dc2c01577cc7ed/unpaired.a14a333adf7f9343f599f73001d7dceb09346a134e0f1fffd5e68b529d7b38ec.a3m	true	470220	input_already_has_existing_msa_paths
H1227	0	cd4c4a5265b6324b7639487f6a6550ec0ca34ca209542ad5559ad8dc0dc5bba3	427	kept_existing				/scratch/10992/liaorunlong93/casp16-leaderboard/data/msa_cache/store/cd/cd4c4a5265b6324b7639487f6a6550ec0ca34ca209542ad5559ad8dc0dc5bba3/paired.a22917c4f0ce4ced9a0e320e38b9041dbfed66c9c583a3f3793a9ff2657c55f1.a3m	true	1438077	/scratch/10992/liaorunlong93/casp16-leaderboard/data/msa_cache/store/cd/cd4c4a5265b6324b7639487f6a6550ec0ca34ca209542ad5559ad8dc0dc5bba3/unpaired.c0718e38d917912affa579e1991fba9596a3cc87e0219c95513a52599e490d4c.a3m	true	1262964	input_already_has_existing_msa_paths
H1227	1	cb6d93869aded51940581d412064d3a39385f149bf4cd986a5089f581014540a	877	kept_existing				/scratch/10992/liaorunlong93/casp16-leaderboard/data/msa_cache/store/cb/cb6d93869aded51940581d412064d3a39385f149bf4cd986a5089f581014540a/paired.a3dcaf9614f3c812bdbca92d81c7f5dd1ac6a4435a3e5a8927d692ea6828072f.a3m	true	3368216	/scratch/10992/liaorunlong93/casp16-leaderboard/data/msa_cache/store/cb/cb6d93869aded51940581d412064d3a39385f149bf4cd986a5089f581014540a/unpaired.7bd5bf55642d505f7c95f03f3bc5677da59541142ac70e146f3d18fdeee585e0.a3m	true	3643427	input_already_has_existing_msa_paths
H1229	0	0f0394e0d4e0c2b12981d2949fb82b5a6dbb4efe7bce5548fa10b91e9aaf5d0d	788	kept_existing				/scratch/10992/liaorunlong93/casp16-leaderboard/data/msa_cache/store/0f/0f0394e0d4e0c2b12981d2949fb82b5a6dbb4efe7bce5548fa10b91e9aaf5d0d/paired.cc22769164f91d74ed42484dc6114c9e6b032ccb0d3b0bf4bf5457d6de9b8666.a3m	true	1034984	/scratch/10992/liaorunlong93/casp16-leaderboard/data/msa_cache/store/0f/0f0394e0d4e0c2b12981d2949fb82b5a6dbb4efe7bce5548fa10b91e9aaf5d0d/unpaired.9516e89f9eb95a2164522f6f499a76f281edf367403bf91e8a4fb910420f5b4a.a3m	true	1861356	input_already_has_existing_msa_paths
H1229	1	8218cae0049fbfe8802424dddbf2d8e33087929c8d4036ae98d257b9a0b0e688	199	kept_existing				/scratch/10992/liaorunlong93/casp16-leaderboard/data/msa_cache/store/82/8218cae0049fbfe8802424dddbf2d8e33087929c8d4036ae98d257b9a0b0e688/paired.0d4c23b113a3db696eaf3315176713504052601bcc36ab9f50c43f7f92f5a3e1.a3m	true	495101	/scratch/10992/liaorunlong93/casp16-leaderboard/data/msa_cache/store/82/8218cae0049fbfe8802424dddbf2d8e33087929c8d4036ae98d257b9a0b0e688/unpaired.672b7d524afecbb6db126f9e90910c6ba61bef16eddea5cc919bbf45df8a8458.a3m	true	78882	input_already_has_existing_msa_paths
H1230	0	0f0394e0d4e0c2b12981d2949fb82b5a6dbb4efe7bce5548fa10b91e9aaf5d0d	788	kept_existing				/scratch/10992/liaorunlong93/casp16-leaderboard/data/msa_cache/store/0f/0f0394e0d4e0c2b12981d2949fb82b5a6dbb4efe7bce5548fa10b91e9aaf5d0d/paired.cc22769164f91d74ed42484dc6114c9e6b032ccb0d3b0bf4bf5457d6de9b8666.a3m	true	1034984	/scratch/10992/liaorunlong93/casp16-leaderboard/data/msa_cache/store/0f/0f0394e0d4e0c2b12981d2949fb82b5a6dbb4efe7bce5548fa10b91e9aaf5d0d/unpaired.9516e89f9eb95a2164522f6f499a76f281edf367403bf91e8a4fb910420f5b4a.a3m	true	1861356	input_already_has_existing_msa_paths
H1230	1	e62981e08fc56eb0161bbf5d93f438dd96bba476b8b2e7af265c3fbcab4a8869	196	kept_existing				/scratch/10992/liaorunlong93/casp16-leaderboard/data/msa_cache/store/e6/e62981e08fc56eb0161bbf5d93f438dd96bba476b8b2e7af265c3fbcab4a8869/paired.257eb080f9e03e40fe6269680e55fc31d99e5d6763507ba347f92c7900385b77.a3m	true	508408	/scratch/10992/liaorunlong93/casp16-leaderboard/data/msa_cache/store/e6/e62981e08fc56eb0161bbf5d93f438dd96bba476b8b2e7af265c3fbcab4a8869/unpaired.3fb1871b2915a4d2e108069550df99d70518dc3958dabcd6f0f7b8329aeff12f.a3m	true	85120	input_already_has_existing_msa_paths
H1232	0	937c08c35a5b9d9bbed5031d1724201a0d31bc40967e5a009ab35b46cc8226b1	220	kept_existing				/scratch/10992/liaorunlong93/casp16-leaderboard/data/msa_cache/store/93/937c08c35a5b9d9bbed5031d1724201a0d31bc40967e5a009ab35b46cc8226b1/paired.1c88a68549ee219dec1b5ef0119ed5ad16906262248da41187ca046b517d94ea.a3m	true	24405	/scratch/10992/liaorunlong93/casp16-leaderboard/data/msa_cache/store/93/937c08c35a5b9d9bbed5031d1724201a0d31bc40967e5a009ab35b46cc8226b1/unpaired.1cd3e6d283028b0ceb40af981ef03cfe20170ae1de661dcf2cf061b6ff8f19e0.a3m	true	2807	input_already_has_existing_msa_paths
H1232	1	02f75345251728cf136a0c7643a645a4669b8aaba81b4f47474b0984b642ba01	242	kept_existing				/scratch/10992/liaorunlong93/casp16-leaderboard/data/msa_cache/store/02/02f75345251728cf136a0c7643a645a4669b8aaba81b4f47474b0984b642ba01/paired.e8c8ceae586aa45fe1a02846be1181264ebd3bb694fa0a53ae1eff3619387ac8.a3m	true	2551235	/scratch/10992/liaorunlong93/casp16-leaderboard/data/msa_cache/store/02/02f75345251728cf136a0c7643a645a4669b8aaba81b4f47474b0984b642ba01/unpaired.8c64b412bf70e14f83a0385ce2b9687c806886633001a9cea0f698bc117a9013.a3m	true	515668	input_already_has_existing_msa_paths
H1233	0	570d3e1904da25045a83432e77416530f2033e20a68423e9ebd0d8ee834f6f69	219	kept_existing				/scratch/10992/liaorunlong93/casp16-leaderboard/data/msa_cache/store/57/570d3e1904da25045a83432e77416530f2033e20a68423e9ebd0d8ee834f6f69/paired.cbe60148b8b3c54262e42551c9473489c41f6eed8b574c3fc3fd825595fd725d.a3m	true	24004	/scratch/10992/liaorunlong93/casp16-leaderboard/data/msa_cache/store/57/570d3e1904da25045a83432e77416530f2033e20a68423e9ebd0d8ee834f6f69/unpaired.8d76efff9d13664ecbfa46a5c8afb4de621453f3f6ba41166cad1edcca9eacb6.a3m	true	2837	input_already_has_existing_msa_paths
H1233	1	1b3fe6b3e06757c1c0da296235bbecd66da13b3c94651f21e398dffa0a04e8a7	222	kept_existing				/scratch/10992/liaorunlong93/casp16-leaderboard/data/msa_cache/store/1b/1b3fe6b3e06757c1c0da296235bbecd66da13b3c94651f21e398dffa0a04e8a7/paired.678b8acfd7bec5547ecc660859262beb0a5b9e36a28d288ef8cef144308c8e88.a3m	true	2989792	/scratch/10992/liaorunlong93/casp16-leaderboard/data/msa_cache/store/1b/1b3fe6b3e06757c1c0da296235bbecd66da13b3c94651f21e398dffa0a04e8a7/unpaired.408408dfea5b5e42be2b097bf1909de80d6314f4da53dd6f6a223f39223e9237.a3m	true	387993	input_already_has_existing_msa_paths
H1233	2	447ed8e37d467004c78be9ceb19e2c1844e2ada833674360d0d633e82d0a2a16	217	kept_existing				/scratch/10992/liaorunlong93/casp16-leaderboard/data/msa_cache/store/44/447ed8e37d467004c78be9ceb19e2c1844e2ada833674360d0d633e82d0a2a16/paired.75700ae6c773de1bb78ce82a16d7545bfada46d5088ff10c786e0fe443517141.a3m	true	2484800	/scratch/10992/liaorunlong93/casp16-leaderboard/data/msa_cache/store/44/447ed8e37d467004c78be9ceb19e2c1844e2ada833674360d0d633e82d0a2a16/unpaired.7ba260a689e530e7e551efe558c073e821aedcb64cbe6dffab3550db24fa55bf.a3m	true	234943	input_already_has_existing_msa_paths
H1236	0	92e0ae5ec6bea77badf08dafbd68178a36fa7245a33b543b0ae70828eb29699e	413	kept_existing				/scratch/10992/liaorunlong93/casp16-leaderboard/data/msa_cache/store/92/92e0ae5ec6bea77badf08dafbd68178a36fa7245a33b543b0ae70828eb29699e/paired.15314eead58e4c97d60bd4f95d3ec7dd0853319910faa090274c6fc62960f0ed.a3m	true	5383	/scratch/10992/liaorunlong93/casp16-leaderboard/data/msa_cache/store/92/92e0ae5ec6bea77badf08dafbd68178a36fa7245a33b543b0ae70828eb29699e/unpaired.e4215bceb45b774c457385f90559faf2576275875ae0d30e8e5ed3c5f3dc27dd.a3m	true	16680	input_already_has_existing_msa_paths
H1236	1	60828aeb55d92f67cd0a5163963debca946a1960214b919cc0de99bcd0c0ba13	115	kept_existing				/scratch/10992/liaorunlong93/casp16-leaderboard/data/msa_cache/store/60/60828aeb55d92f67cd0a5163963debca946a1960214b919cc0de99bcd0c0ba13/paired.916ec02d85caa54aa5d2b22859c5a9df570a75a8e56278eee3f3d22e568ee004.a3m	true	308	/scratch/10992/liaorunlong93/casp16-leaderboard/data/msa_cache/store/60/60828aeb55d92f67cd0a5163963debca946a1960214b919cc0de99bcd0c0ba13/unpaired.d536a2f9acc6465c577ba2060b395140e7c3c0ca0b01bf596977ecc233e769b1.a3m	true	3161	input_already_has_existing_msa_paths
H1244	0	a4e5bb5310a35d3337fe1dba1c9e43f561daa4625d8c43e20a07525cd924f9c5	157	kept_existing				/scratch/10992/liaorunlong93/casp16-leaderboard/data/msa_cache/store/a4/a4e5bb5310a35d3337fe1dba1c9e43f561daa4625d8c43e20a07525cd924f9c5/paired.d39dc2d3a58f8eeebb180b781a9b634ca9030779f892e2c9f37b70c1cc0ca005.a3m	true	825702	/scratch/10992/liaorunlong93/casp16-leaderboard/data/msa_cache/store/a4/a4e5bb5310a35d3337fe1dba1c9e43f561daa4625d8c43e20a07525cd924f9c5/unpaired.a61c561eacf77bcf5fdfeb39fb35446ef02c178a21e670fedaf1110da145dceb.a3m	true	775716	input_already_has_existing_msa_paths
H1244	1	1ce6f730e8cffd8f72afd0d2e8551d2173e7c962e6a8c0e5b068074404c64f79	129	kept_existing				/scratch/10992/liaorunlong93/casp16-leaderboard/data/msa_cache/store/1c/1ce6f730e8cffd8f72afd0d2e8551d2173e7c962e6a8c0e5b068074404c64f79/paired.1e2f4d568230690fb525c4365da3246fe6152d6db044e10735ebe4b5674acb34.a3m	true	4926	/scratch/10992/liaorunlong93/casp16-leaderboard/data/msa_cache/store/1c/1ce6f730e8cffd8f72afd0d2e8551d2173e7c962e6a8c0e5b068074404c64f79/unpaired.c4cfc01a94bb7a5666d6ee6513d9256be2705b63a3494e39e9e6323794310357.a3m	true	12111	input_already_has_existing_msa_paths
H1244	2	e1d1ecc2e0912475427f46d6925bdcd958b1b0795e4a9f0f8fbcab76a3910f0a	139	kept_existing				/scratch/10992/liaorunlong93/casp16-leaderboard/data/msa_cache/store/e1/e1d1ecc2e0912475427f46d6925bdcd958b1b0795e4a9f0f8fbcab76a3910f0a/paired.d89e3ebd58fd160ebbb3f17bc39cb12070dd405172d5b7f6c5190fd88ff23095.a3m	true	2126156	/scratch/10992/liaorunlong93/casp16-leaderboard/data/msa_cache/store/e1/e1d1ecc2e0912475427f46d6925bdcd958b1b0795e4a9f0f8fbcab76a3910f0a/unpaired.d691debd4cef3a7b515ec43bac27f0df08c94406aa68d5e6f03e0eab630f5b0d.a3m	true	294981	input_already_has_existing_msa_paths
H1245	0	34089f6a1cf1ccafe8f511ed8a4fc5a2897e512840236e244ca06f49c9b19d6a	183	kept_existing				/scratch/10992/liaorunlong93/casp16-leaderboard/data/msa_cache/store/34/34089f6a1cf1ccafe8f511ed8a4fc5a2897e512840236e244ca06f49c9b19d6a/paired.65b9e30661aa5d5849cf82f2c1d919b69a5884d0ac0378fdf2e4e4ea242812d5.a3m	true	5391	/scratch/10992/liaorunlong93/casp16-leaderboard/data/msa_cache/store/34/34089f6a1cf1ccafe8f511ed8a4fc5a2897e512840236e244ca06f49c9b19d6a/unpaired.da6fd070653d5c334fc495e49c5834be068f0a1507444cac7286ec1ddaf57f0c.a3m	true	6148	input_already_has_existing_msa_paths
H1245	1	0579992676eda5fe4e0b7b136292a604d5a6e51a37fd3865f833580226deb8ec	134	kept_existing				/scratch/10992/liaorunlong93/casp16-leaderboard/data/msa_cache/store/05/0579992676eda5fe4e0b7b136292a604d5a6e51a37fd3865f833580226deb8ec/paired.0a807c05c035a0460873ec3ceccebc17355e4832e7e9926f2017378ea79f431f.a3m	true	349	/scratch/10992/liaorunlong93/casp16-leaderboard/data/msa_cache/store/05/0579992676eda5fe4e0b7b136292a604d5a6e51a37fd3865f833580226deb8ec/unpaired.b777141ea89e30b59f44c2fd45d4e3b788573117bb9303535dee0fd37d398377.a3m	true	20813	input_already_has_existing_msa_paths
H1258	0	f1dd6dfa4634f6c87ed6456d63764c893d6169525d978b7a78dbc1f4c8575483	2535	kept_existing				/scratch/10992/liaorunlong93/casp16-leaderboard/data/msa_cache/store/f1/f1dd6dfa4634f6c87ed6456d63764c893d6169525d978b7a78dbc1f4c8575483/paired.4962b208694b3ac32d83abb83f77da0ffc977488bfcff93d1dcaf1f63f34aaf9.a3m	true	13579372	/scratch/10992/liaorunlong93/casp16-leaderboard/data/msa_cache/store/f1/f1dd6dfa4634f6c87ed6456d63764c893d6169525d978b7a78dbc1f4c8575483/unpaired.7ec81cdd48a95814fe2e231d2508c45dd9b1a8a34bbf1353f7f82b04ccb6a992.a3m	true	10681136	input_already_has_existing_msa_paths
H1265	0	b2c51d40ad46163a635e122ebf1bc8e9cb61bd70e42dc6331699a800a20bff7b	150	kept_existing				/scratch/10992/liaorunlong93/casp16-leaderboard/data/msa_cache/store/b2/b2c51d40ad46163a635e122ebf1bc8e9cb61bd70e42dc6331699a800a20bff7b/paired.6e6472eba55a776a5dfe865eb84ff8464d9241800c030290724936267f6143a2.a3m	true	884057	/scratch/10992/liaorunlong93/casp16-leaderboard/data/msa_cache/store/b2/b2c51d40ad46163a635e122ebf1bc8e9cb61bd70e42dc6331699a800a20bff7b/unpaired.dc7aab9a78be974b8d8e82aa39f949b2ed3532bbda7958c59f07db5f15b5b4ec.a3m	true	520430	input_already_has_existing_msa_paths
H1265	1	7602d8e2730b82dc37e70b93c802a4333cd59f90a123d2739db1d2b2789075ad	143	kept_existing				/scratch/10992/liaorunlong93/casp16-leaderboard/data/msa_cache/store/76/7602d8e2730b82dc37e70b93c802a4333cd59f90a123d2739db1d2b2789075ad/paired.3df8d233fd3180904b16de68cfc75f96e4542c8b2dc0d60b8356d4c1b939574a.a3m	true	239019	/scratch/10992/liaorunlong93/casp16-leaderboard/data/msa_cache/store/76/7602d8e2730b82dc37e70b93c802a4333cd59f90a123d2739db1d2b2789075ad/unpaired.47425e08a781004b488bef40f1ce17087febf0dbaf3483476466b31d5fd5650f.a3m	true	197305	input_already_has_existing_msa_paths
H1267	0	acf4125cd7e6c0fd83f4ebf40580a73ffd202dd6652c4d460fa4c4d93ea1c157	444	kept_existing				/scratch/10992/liaorunlong93/casp16-leaderboard/data/msa_cache/store/ac/acf4125cd7e6c0fd83f4ebf40580a73ffd202dd6652c4d460fa4c4d93ea1c157/paired.e0e66dd6facb3cbfee8ff1d2334bd237f019cb09cc669155003794560ff1f0c9.a3m	true	140687	/scratch/10992/liaorunlong93/casp16-leaderboard/data/msa_cache/store/ac/acf4125cd7e6c0fd83f4ebf40580a73ffd202dd6652c4d460fa4c4d93ea1c157/unpaired.5852221a31632b021f2732ab1bf636ea7ae3f6b473fdfd48703e4fda14c1b89b.a3m	true	683631	input_already_has_existing_msa_paths
H1267	1	a1c66f0376b2ac8fec8a66ae732ef5bedb19bd199b0c1ad4a233f0ae0a541476	482	kept_existing				/scratch/10992/liaorunlong93/casp16-leaderboard/data/msa_cache/store/a1/a1c66f0376b2ac8fec8a66ae732ef5bedb19bd199b0c1ad4a233f0ae0a541476/paired.c3dfef9c03fe55c1dc15c757ecc25c473886d594229dc393ca0e03c0057191ec.a3m	true	411281	/scratch/10992/liaorunlong93/casp16-leaderboard/data/msa_cache/store/a1/a1c66f0376b2ac8fec8a66ae732ef5bedb19bd199b0c1ad4a233f0ae0a541476/unpaired.a7ce11abda39d37e50bd1072c4b5f8346dd832c6735560589c2cb1b3a483ed56.a3m	true	1303569	input_already_has_existing_msa_paths
H1272	0	c49d32457da096a73fde5043693ca960def7c03e83f1e749a35e90b78fba1de9	363	kept_existing				/scratch/10992/liaorunlong93/casp16-leaderboard/data/msa_cache/store/c4/c49d32457da096a73fde5043693ca960def7c03e83f1e749a35e90b78fba1de9/paired.9f5c3e2ca3ef9ad14d3a29ecc05f1bc792cdf7eb007fd35c6cdfd6ac9c1009e2.a3m	true	320228	/scratch/10992/liaorunlong93/casp16-leaderboard/data/msa_cache/store/c4/c49d32457da096a73fde5043693ca960def7c03e83f1e749a35e90b78fba1de9/unpaired.d680b5c515a76ece8ebb618bfef81c058642daf6f7c63865769e190a455acb1f.a3m	true	62906	input_already_has_existing_msa_paths
H1272	1	594d664fdbdb4440f603feed41ee6c5456c1da34e90f529623fdf53dafb8049c	318	kept_existing				/scratch/10992/liaorunlong93/casp16-leaderboard/data/msa_cache/store/59/594d664fdbdb4440f603feed41ee6c5456c1da34e90f529623fdf53dafb8049c/paired.5ce17f1a1c8f505e80ac69dab558cb1d37a75d114af21379f8bf70a4ee639211.a3m	true	143037	/scratch/10992/liaorunlong93/casp16-leaderboard/data/msa_cache/store/59/594d664fdbdb4440f603feed41ee6c5456c1da34e90f529623fdf53dafb8049c/unpaired.9aa874ffb62e3e7308bac5efbeaee71df045730393436e30791e795d3730a535.a3m	true	77044	input_already_has_existing_msa_paths
H1272	2	a50dfbae3f7c9e8d0f19a4a0684e7652bcb198bb71494c2077243cbbd55d8774	289	kept_existing				/scratch/10992/liaorunlong93/casp16-leaderboard/data/msa_cache/store/a5/a50dfbae3f7c9e8d0f19a4a0684e7652bcb198bb71494c2077243cbbd55d8774/paired.b13dfe730b1d387c01917394dd9575833d2f36c77224d0fc2c3928060db76748.a3m	true	411870	/scratch/10992/liaorunlong93/casp16-leaderboard/data/msa_cache/store/a5/a50dfbae3f7c9e8d0f19a4a0684e7652bcb198bb71494c2077243cbbd55d8774/unpaired.91fc3d60bd18df80909d6951dafa12cce4b506efaa59cd79581c2ebccff06c2a.a3m	true	129317	input_already_has_existing_msa_paths
H1272	3	53a06b91c7f77a9d41761b633b714405cdcd324afdc601cde8434f9506a25b07	291	kept_existing				/scratch/10992/liaorunlong93/casp16-leaderboard/data/msa_cache/store/53/53a06b91c7f77a9d41761b633b714405cdcd324afdc601cde8434f9506a25b07/paired.a02388b1bbe3d3c7389fe299d672e2c246c313fcef198424ea1ac1b972545b16.a3m	true	415778	/scratch/10992/liaorunlong93/casp16-leaderboard/data/msa_cache/store/53/53a06b91c7f77a9d41761b633b714405cdcd324afdc601cde8434f9506a25b07/unpaired.46a73ca1ea0292f55095bcfa9035af9b67ad1e0437291eda69e60c6ad7177f06.a3m	true	134313	input_already_has_existing_msa_paths
H1272	4	14b8ea863c0aba246ae40b8b5b4c025d2f86c78f451226793f205886d02c3d8b	624	kept_existing				/scratch/10992/liaorunlong93/casp16-leaderboard/data/msa_cache/store/14/14b8ea863c0aba246ae40b8b5b4c025d2f86c78f451226793f205886d02c3d8b/paired.8cf940f46dfd587d904dcff593bc470fad3c7f20b05a38b88dcce0adb2042ecd.a3m	true	697826	/scratch/10992/liaorunlong93/casp16-leaderboard/data/msa_cache/store/14/14b8ea863c0aba246ae40b8b5b4c025d2f86c78f451226793f205886d02c3d8b/unpaired.920cbed3330d7d0585229963e0591f4acd0d92d1d350578dd2a1e6ea4eb00e42.a3m	true	620646	input_already_has_existing_msa_paths
H1272	5	3e872160278b1f1be39d45cded20127e8285a432cfdb92a2077ea1e2c89eaab1	202	kept_existing				/scratch/10992/liaorunlong93/casp16-leaderboard/data/msa_cache/store/3e/3e872160278b1f1be39d45cded20127e8285a432cfdb92a2077ea1e2c89eaab1/paired.384f07e6e3c3474f345b17794210eb6ef53cbe4021f048de20faf101fa19e218.a3m	true	312321	/scratch/10992/liaorunlong93/casp16-leaderboard/data/msa_cache/store/3e/3e872160278b1f1be39d45cded20127e8285a432cfdb92a2077ea1e2c89eaab1/unpaired.3b662685c1100b59afd289ca25473afc6160c057a4c80aad21d8ec081e2cd27b.a3m	true	112658	input_already_has_existing_msa_paths
H1272	6	b704bdc4d3b799ff5c0af5f22d19fc734bf7123aec2cdddb6eb696b0f7030a09	198	kept_existing				/scratch/10992/liaorunlong93/casp16-leaderboard/data/msa_cache/store/b7/b704bdc4d3b799ff5c0af5f22d19fc734bf7123aec2cdddb6eb696b0f7030a09/paired.27afe716f2f01816fbed65f55f6413379b7d954ec431c412b8644119f5fcce09.a3m	true	160833	/scratch/10992/liaorunlong93/casp16-leaderboard/data/msa_cache/store/b7/b704bdc4d3b799ff5c0af5f22d19fc734bf7123aec2cdddb6eb696b0f7030a09/unpaired.73eddacc058ac357f21ff1a8914f03e290c03c6d66bb1622fea6a71e99858033.a3m	true	21279	input_already_has_existing_msa_paths
H2202	0	ff2c2577cd30c10d447d43413226eec88351e6e1e61c534e16a36d26a56023dc	69	kept_existing				/scratch/10992/liaorunlong93/casp16-leaderboard/data/msa_cache/store/ff/ff2c2577cd30c10d447d43413226eec88351e6e1e61c534e16a36d26a56023dc/paired.a1cfa208f5b17bbf6a70a0394394a0362ab08e84373e127e250382c8b578caf6.a3m	true	59056	/scratch/10992/liaorunlong93/casp16-leaderboard/data/msa_cache/store/ff/ff2c2577cd30c10d447d43413226eec88351e6e1e61c534e16a36d26a56023dc/unpaired.0b723f03dba642f74cc376c2cb0ebe9b17cffda67cc9408a855695bc4d4f7482.a3m	true	47696	input_already_has_existing_msa_paths
H2202	1	3821d338631ceb79b52db75ecdff2f1d2e55fa1c9b1b11aba1bee88590c392bb	121	kept_existing				/scratch/10992/liaorunlong93/casp16-leaderboard/data/msa_cache/store/38/3821d338631ceb79b52db75ecdff2f1d2e55fa1c9b1b11aba1bee88590c392bb/paired.0757726c07ff4e5098a5ee228e7583691a3008a0cfc74cbe57122fa9a3dc4c46.a3m	true	971798	/scratch/10992/liaorunlong93/casp16-leaderboard/data/msa_cache/store/38/3821d338631ceb79b52db75ecdff2f1d2e55fa1c9b1b11aba1bee88590c392bb/unpaired.eb4bfb39c2fbcd0c6a919ea36049ef6caf4db13dacfde0d6fd9682f35192d2d3.a3m	true	381270	input_already_has_existing_msa_paths
H2204	0	8a1b8fae5cdeb901a5e93d7e364c6cf5c3a7028fa7a6f3fdd93f377e26ec240b	134	kept_existing				/scratch/10992/liaorunlong93/casp16-leaderboard/data/msa_cache/store/8a/8a1b8fae5cdeb901a5e93d7e364c6cf5c3a7028fa7a6f3fdd93f377e26ec240b/paired.d09876c6ffc2bcd9581513b80cfbc5fd1f485df80f0bc542110a72d76763bfa2.a3m	true	1934328	/scratch/10992/liaorunlong93/casp16-leaderboard/data/msa_cache/store/8a/8a1b8fae5cdeb901a5e93d7e364c6cf5c3a7028fa7a6f3fdd93f377e26ec240b/unpaired.288ba59a0ec73b1cbad3925cf64f1dbcb301f576dae61a6212edc186a404c504.a3m	true	268191	input_already_has_existing_msa_paths
H2204	1	9ebf320eb707d71644444fe5006ed58af56a0bf0ec9568eb6a3a65e0e8191465	147	kept_existing				/scratch/10992/liaorunlong93/casp16-leaderboard/data/msa_cache/store/9e/9ebf320eb707d71644444fe5006ed58af56a0bf0ec9568eb6a3a65e0e8191465/paired.3c6e2a86f72ed651c367972707ec8e6a26e899eff2df431b96b9ae1401007e37.a3m	true	772107	/scratch/10992/liaorunlong93/casp16-leaderboard/data/msa_cache/store/9e/9ebf320eb707d71644444fe5006ed58af56a0bf0ec9568eb6a3a65e0e8191465/unpaired.75352497d11db5d8138d25ffb851abe07d890570c51354d3f9f3037e59cf67d0.a3m	true	141299	input_already_has_existing_msa_paths
H2204	2	14725a10598943a7aa719eed7d24c7fee599192a6c63c75b051ee6f156341242	142	kept_existing				/scratch/10992/liaorunlong93/casp16-leaderboard/data/msa_cache/store/14/14725a10598943a7aa719eed7d24c7fee599192a6c63c75b051ee6f156341242/paired.c3358f6a6e882241a16a408509de75f66b3586649e194daa0c6d5212103dbb18.a3m	true	739191	/scratch/10992/liaorunlong93/casp16-leaderboard/data/msa_cache/store/14/14725a10598943a7aa719eed7d24c7fee599192a6c63c75b051ee6f156341242/unpaired.f4aaaf34f41f90f40b16e8520579b44177f235f3fa2ae191b77deff7c4567f63.a3m	true	110462	input_already_has_existing_msa_paths
H2208	0	56637ab14201b7acaaa5ffa9a87b2ef3d1616f2cf2edeea60b12d27a5a3527ef	328	kept_existing				/scratch/10992/liaorunlong93/casp16-leaderboard/data/msa_cache/store/56/56637ab14201b7acaaa5ffa9a87b2ef3d1616f2cf2edeea60b12d27a5a3527ef/paired.f99a8c626acbc909f20fb74cf9a138f138c28896aca4142ee78adb7e6c51bab2.a3m	true	56709	/scratch/10992/liaorunlong93/casp16-leaderboard/data/msa_cache/store/56/56637ab14201b7acaaa5ffa9a87b2ef3d1616f2cf2edeea60b12d27a5a3527ef/unpaired.1aef002a3ea401256a3ee5569a9bb5c608db8e7a3b01af11d53718eeee52c367.a3m	true	672004	input_already_has_existing_msa_paths
H2208	1	021104c9d7181056285710bd3736d1cd483c8dbd4b06dd8f368d9a564b0e44f0	318	kept_existing				/scratch/10992/liaorunlong93/casp16-leaderboard/data/msa_cache/store/02/021104c9d7181056285710bd3736d1cd483c8dbd4b06dd8f368d9a564b0e44f0/paired.5466962670d921f92826951b05121b70c3885c164cfe73353c4aa14053b9cb14.a3m	true	24060	/scratch/10992/liaorunlong93/casp16-leaderboard/data/msa_cache/store/02/021104c9d7181056285710bd3736d1cd483c8dbd4b06dd8f368d9a564b0e44f0/unpaired.9bb411a3d1ebfc7b5ece6c55c112be79669f742d5b853b94ee999f3cc7caa6ef.a3m	true	207157	input_already_has_existing_msa_paths
H2215	0	e4e080fdcf31dab15f44818c44920dfc443725852058d7b9f6315995ca527c1f	131	kept_existing				/scratch/10992/liaorunlong93/casp16-leaderboard/data/msa_cache/store/e4/e4e080fdcf31dab15f44818c44920dfc443725852058d7b9f6315995ca527c1f/paired.d5c4b5f2a59a6cd445280b992c7cafc2f7b729f42cde9d8aa30f1e61fab8906f.a3m	true	2174364	/scratch/10992/liaorunlong93/casp16-leaderboard/data/msa_cache/store/e4/e4e080fdcf31dab15f44818c44920dfc443725852058d7b9f6315995ca527c1f/unpaired.a6c813c7974b75a4c33be2c2908ca095c91dccdb8466b8b18839e16259eaebff.a3m	true	300164	input_already_has_existing_msa_paths
H2215	1	62906c87be438d2dbd057edfa055b453648b0bc19c6d14476395b2832095bb64	238	kept_existing				/scratch/10992/liaorunlong93/casp16-leaderboard/data/msa_cache/store/62/62906c87be438d2dbd057edfa055b453648b0bc19c6d14476395b2832095bb64/paired.bb8a87f582826c1834768f837c10a8eb2f5f9cebce7bdf2fa6b81dfac0fae1af.a3m	true	50215	/scratch/10992/liaorunlong93/casp16-leaderboard/data/msa_cache/store/62/62906c87be438d2dbd057edfa055b453648b0bc19c6d14476395b2832095bb64/unpaired.1a5cee90b3c087da7be4c19758b891dfb3bb7ee5ef0bbf52b852fd547da01d5b.a3m	true	24463	input_already_has_existing_msa_paths
H2217	0	ee5f48c4b5b6fa7107b4ac819c69e21a4026742f03ef0eb20b847159006445fc	305	kept_existing				/scratch/10992/liaorunlong93/casp16-leaderboard/data/msa_cache/store/ee/ee5f48c4b5b6fa7107b4ac819c69e21a4026742f03ef0eb20b847159006445fc/paired.a4e0216b0b819c0403256afb2ea9ef9e6324d81f37d9dc1897f62781c0982c9e.a3m	true	1006900	/scratch/10992/liaorunlong93/casp16-leaderboard/data/msa_cache/store/ee/ee5f48c4b5b6fa7107b4ac819c69e21a4026742f03ef0eb20b847159006445fc/unpaired.15a08dfa382740eebb41ec91789564069c31483a88c6e7acebf7665cada55a7e.a3m	true	1183694	input_already_has_existing_msa_paths
H2217	1	7c91d6fa65de0dc91b2fdc82dfea2e83c69c3f02ca15df415cd4a957ecdb29f8	351	kept_existing				/scratch/10992/liaorunlong93/casp16-leaderboard/data/msa_cache/store/7c/7c91d6fa65de0dc91b2fdc82dfea2e83c69c3f02ca15df415cd4a957ecdb29f8/paired.4740eea4afbe609bf6d2f72f9b4b13983dbccd560e4739fc251a6c4122853e6e.a3m	true	912957	/scratch/10992/liaorunlong93/casp16-leaderboard/data/msa_cache/store/7c/7c91d6fa65de0dc91b2fdc82dfea2e83c69c3f02ca15df415cd4a957ecdb29f8/unpaired.3b35a4711a93f6b58bfa48dad2b10f6111b67c97a05b6bdbe1f5107142c93d26.a3m	true	982369	input_already_has_existing_msa_paths
H2217	2	660ab80067c1dfdb5f6179379912f1e10cd129ea03acaf8ce024dc2895e5ce2c	452	kept_existing				/scratch/10992/liaorunlong93/casp16-leaderboard/data/msa_cache/store/66/660ab80067c1dfdb5f6179379912f1e10cd129ea03acaf8ce024dc2895e5ce2c/paired.e25dce0c8393dcef2a1574b1510efc854a37f1c95859e465f18d4b7f7556ab7c.a3m	true	1184577	/scratch/10992/liaorunlong93/casp16-leaderboard/data/msa_cache/store/66/660ab80067c1dfdb5f6179379912f1e10cd129ea03acaf8ce024dc2895e5ce2c/unpaired.c074804398d65828ca3416b24341b5f4d8bcbe40d775e51a03ddde800ec5d8e7.a3m	true	2746418	input_already_has_existing_msa_paths
H2217	3	a596459ba833ea0f25d3cb1299aa2f43ee85ee69bc04ad67de3cd326babfc4f2	523	kept_existing				/scratch/10992/liaorunlong93/casp16-leaderboard/data/msa_cache/store/a5/a596459ba833ea0f25d3cb1299aa2f43ee85ee69bc04ad67de3cd326babfc4f2/paired.6a12b5af24241a59f0481cb57cddf374f078d60cbb2322272ade2b1e11bbceb5.a3m	true	1649471	/scratch/10992/liaorunlong93/casp16-leaderboard/data/msa_cache/store/a5/a596459ba833ea0f25d3cb1299aa2f43ee85ee69bc04ad67de3cd326babfc4f2/unpaired.3a896aeb83e77e2de160d71215bf9c1fe74d83d7b0a08f4dacb6fc9c2f2ec0fb.a3m	true	1522346	input_already_has_existing_msa_paths
H2217	4	e5041a86e096aebf5bc3c881a35c93b41fc39659d828da5f81c68cd1cfa98282	681	kept_existing				/scratch/10992/liaorunlong93/casp16-leaderboard/data/msa_cache/store/e5/e5041a86e096aebf5bc3c881a35c93b41fc39659d828da5f81c68cd1cfa98282/paired.0369d0d496f55c749dc4e9e2599914c5477e68228533df3a6abb5d2d5aa8ddc7.a3m	true	1876690	/scratch/10992/liaorunlong93/casp16-leaderboard/data/msa_cache/store/e5/e5041a86e096aebf5bc3c881a35c93b41fc39659d828da5f81c68cd1cfa98282/unpaired.efb45b14ea55bb94d601690b249caea841400a6bdd72dffe1ec22c1430eab50a.a3m	true	2404243	input_already_has_existing_msa_paths
H2220	0	59a239546373319bc924d972c6279be91b01ece6ee5ccdf8f760bb4874bd9ee9	1711	kept_existing				/scratch/10992/liaorunlong93/casp16-leaderboard/data/msa_cache/store/59/59a239546373319bc924d972c6279be91b01ece6ee5ccdf8f760bb4874bd9ee9/paired.baf966e8dc0f013a00544f69b7928d7493ee07d3ea0a46a9c619b60641193978.a3m	true	155803	/scratch/10992/liaorunlong93/casp16-leaderboard/data/msa_cache/store/59/59a239546373319bc924d972c6279be91b01ece6ee5ccdf8f760bb4874bd9ee9/unpaired.b06a3518cc2d290d82b4ee897642ced087bbacff3fd7e7a872dceb903468e1f9.a3m	true	33796	input_already_has_existing_msa_paths
H2220	1	83dbd06877dc56689f7a06217b8d57ca8976659e0715bc05ffd5638f3d79d2f1	201	kept_existing				/scratch/10992/liaorunlong93/casp16-leaderboard/data/msa_cache/store/83/83dbd06877dc56689f7a06217b8d57ca8976659e0715bc05ffd5638f3d79d2f1/paired.6cebb06c1a4f8e8207f9f590b6c193ab96fdafa9c47377dd5c46895c8be94d59.a3m	true	8067	/scratch/10992/liaorunlong93/casp16-leaderboard/data/msa_cache/store/83/83dbd06877dc56689f7a06217b8d57ca8976659e0715bc05ffd5638f3d79d2f1/unpaired.29355a05191ffc3b5cd12c3646c182c80b1e943bb2b42b9ca7197478f9442fc8.a3m	true	3261	input_already_has_existing_msa_paths
H2222	0	75ab8f84ed0b168b539d68f17aba776825247684115c480b6669b9540bbbd99c	41	kept_existing				/scratch/10992/liaorunlong93/casp16-leaderboard/data/msa_cache/store/75/75ab8f84ed0b168b539d68f17aba776825247684115c480b6669b9540bbbd99c/paired.7498fbe52cba67cb2dfa3c83eb9b6b41fafcd9fbbc45e7563c86aebe639024f2.a3m	true	14826	/scratch/10992/liaorunlong93/casp16-leaderboard/data/msa_cache/store/75/75ab8f84ed0b168b539d68f17aba776825247684115c480b6669b9540bbbd99c/unpaired.ca5e9b5384be4db85da2983f361a50dc98eac85465d2ce1041ea623ecd967a7b.a3m	true	1865	input_already_has_existing_msa_paths
H2222	1	87d1b3ce8842ab4bdc54de8492a65c98cd184fe0a002471e23188962a2afcafb	224	kept_existing				/scratch/10992/liaorunlong93/casp16-leaderboard/data/msa_cache/store/87/87d1b3ce8842ab4bdc54de8492a65c98cd184fe0a002471e23188962a2afcafb/paired.bb77f7f0f3ed4a9020e4af0e49d9685e726245387c47d539218765d867bce0cc.a3m	true	3368641	/scratch/10992/liaorunlong93/casp16-leaderboard/data/msa_cache/store/87/87d1b3ce8842ab4bdc54de8492a65c98cd184fe0a002471e23188962a2afcafb/unpaired.2301fbfa6c421bc295f82df74686eb7f3ede89f463c31331305675151dae4691.a3m	true	379522	input_already_has_existing_msa_paths
H2222	2	159b29e372b65f98c869a497e028ae6781b552f0125f6c1ba016b98d5d54beba	220	kept_existing				/scratch/10992/liaorunlong93/casp16-leaderboard/data/msa_cache/store/15/159b29e372b65f98c869a497e028ae6781b552f0125f6c1ba016b98d5d54beba/paired.08e471430dd71207b4af54e8d202489ab15090242b6eddfc0e8ca8e04a1bab15.a3m	true	3411011	/scratch/10992/liaorunlong93/casp16-leaderboard/data/msa_cache/store/15/159b29e372b65f98c869a497e028ae6781b552f0125f6c1ba016b98d5d54beba/unpaired.0df52d6b5b742ca5a6e6ea6f39687488f21d991e7fe5bc113f9765a0df37fe9d.a3m	true	421649	input_already_has_existing_msa_paths
H2223	0	75ab8f84ed0b168b539d68f17aba776825247684115c480b6669b9540bbbd99c	41	kept_existing				/scratch/10992/liaorunlong93/casp16-leaderboard/data/msa_cache/store/75/75ab8f84ed0b168b539d68f17aba776825247684115c480b6669b9540bbbd99c/paired.7498fbe52cba67cb2dfa3c83eb9b6b41fafcd9fbbc45e7563c86aebe639024f2.a3m	true	14826	/scratch/10992/liaorunlong93/casp16-leaderboard/data/msa_cache/store/75/75ab8f84ed0b168b539d68f17aba776825247684115c480b6669b9540bbbd99c/unpaired.ca5e9b5384be4db85da2983f361a50dc98eac85465d2ce1041ea623ecd967a7b.a3m	true	1865	input_already_has_existing_msa_paths
H2223	1	a69cb5f3246c47e3253b31b6d91790a02daf3cb6897de0c1e691eb8061f0d3b2	229	kept_existing				/scratch/10992/liaorunlong93/casp16-leaderboard/data/msa_cache/store/a6/a69cb5f3246c47e3253b31b6d91790a02daf3cb6897de0c1e691eb8061f0d3b2/paired.808cf94d4f7a098acb83fb9a4d47b54d99a7a1fc5c25c9c5dfa67fc1e000a54f.a3m	true	3096715	/scratch/10992/liaorunlong93/casp16-leaderboard/data/msa_cache/store/a6/a69cb5f3246c47e3253b31b6d91790a02daf3cb6897de0c1e691eb8061f0d3b2/unpaired.94c6c20cfc7661e2b65d16574aa6d9d54387d9a7d28b1f276bb0e297f22b2e45.a3m	true	384622	input_already_has_existing_msa_paths
H2223	2	eaeeea2e1389b6805f453a7fc561f0c9f55a7f102a7df2398089b8942ebbad16	216	kept_existing				/scratch/10992/liaorunlong93/casp16-leaderboard/data/msa_cache/store/ea/eaeeea2e1389b6805f453a7fc561f0c9f55a7f102a7df2398089b8942ebbad16/paired.bfdfc909878c39c1b916f427050b08b8d998b403be45ff05c86d40918b97c329.a3m	true	3304904	/scratch/10992/liaorunlong93/casp16-leaderboard/data/msa_cache/store/ea/eaeeea2e1389b6805f453a7fc561f0c9f55a7f102a7df2398089b8942ebbad16/unpaired.a5752617321f532978f2c527e0413a332f2d2895a939240c10a6fce3de1a682c.a3m	true	390775	input_already_has_existing_msa_paths
H2225	0	75ab8f84ed0b168b539d68f17aba776825247684115c480b6669b9540bbbd99c	41	kept_existing				/scratch/10992/liaorunlong93/casp16-leaderboard/data/msa_cache/store/75/75ab8f84ed0b168b539d68f17aba776825247684115c480b6669b9540bbbd99c/paired.7498fbe52cba67cb2dfa3c83eb9b6b41fafcd9fbbc45e7563c86aebe639024f2.a3m	true	14826	/scratch/10992/liaorunlong93/casp16-leaderboard/data/msa_cache/store/75/75ab8f84ed0b168b539d68f17aba776825247684115c480b6669b9540bbbd99c/unpaired.ca5e9b5384be4db85da2983f361a50dc98eac85465d2ce1041ea623ecd967a7b.a3m	true	1865	input_already_has_existing_msa_paths
H2225	1	d02f3dd32da1da44d66a8fcb578d22e2c0f29e3942d538031df2c018c7f891d4	227	kept_existing				/scratch/10992/liaorunlong93/casp16-leaderboard/data/msa_cache/store/d0/d02f3dd32da1da44d66a8fcb578d22e2c0f29e3942d538031df2c018c7f891d4/paired.4afcb523be77c3d887242ee03d3a57d0d48e05ca854e9759aa9b23907806a4fa.a3m	true	3362504	/scratch/10992/liaorunlong93/casp16-leaderboard/data/msa_cache/store/d0/d02f3dd32da1da44d66a8fcb578d22e2c0f29e3942d538031df2c018c7f891d4/unpaired.1daf3f9ad5fe8e4de0ad9138190b3b401270f7c5c6f5d60e490463ce7dcd6fcb.a3m	true	365493	input_already_has_existing_msa_paths
H2225	2	c184148b34346b3ae031d54394025467b80edfb4e1c1193d72dc2c01577cc7ed	215	kept_existing				/scratch/10992/liaorunlong93/casp16-leaderboard/data/msa_cache/store/c1/c184148b34346b3ae031d54394025467b80edfb4e1c1193d72dc2c01577cc7ed/paired.8b4efc3b0ca0c0c4bb1078e1f45c9f6a288e2cfb5bc895ff45414739b4a18a09.a3m	true	2978121	/scratch/10992/liaorunlong93/casp16-leaderboard/data/msa_cache/store/c1/c184148b34346b3ae031d54394025467b80edfb4e1c1193d72dc2c01577cc7ed/unpaired.a14a333adf7f9343f599f73001d7dceb09346a134e0f1fffd5e68b529d7b38ec.a3m	true	470220	input_already_has_existing_msa_paths
H2227	0	cd4c4a5265b6324b7639487f6a6550ec0ca34ca209542ad5559ad8dc0dc5bba3	427	kept_existing				/scratch/10992/liaorunlong93/casp16-leaderboard/data/msa_cache/store/cd/cd4c4a5265b6324b7639487f6a6550ec0ca34ca209542ad5559ad8dc0dc5bba3/paired.a22917c4f0ce4ced9a0e320e38b9041dbfed66c9c583a3f3793a9ff2657c55f1.a3m	true	1438077	/scratch/10992/liaorunlong93/casp16-leaderboard/data/msa_cache/store/cd/cd4c4a5265b6324b7639487f6a6550ec0ca34ca209542ad5559ad8dc0dc5bba3/unpaired.c0718e38d917912affa579e1991fba9596a3cc87e0219c95513a52599e490d4c.a3m	true	1262964	input_already_has_existing_msa_paths
H2227	1	cb6d93869aded51940581d412064d3a39385f149bf4cd986a5089f581014540a	877	kept_existing				/scratch/10992/liaorunlong93/casp16-leaderboard/data/msa_cache/store/cb/cb6d93869aded51940581d412064d3a39385f149bf4cd986a5089f581014540a/paired.a3dcaf9614f3c812bdbca92d81c7f5dd1ac6a4435a3e5a8927d692ea6828072f.a3m	true	3368216	/scratch/10992/liaorunlong93/casp16-leaderboard/data/msa_cache/store/cb/cb6d93869aded51940581d412064d3a39385f149bf4cd986a5089f581014540a/unpaired.7bd5bf55642d505f7c95f03f3bc5677da59541142ac70e146f3d18fdeee585e0.a3m	true	3643427	input_already_has_existing_msa_paths
H2229	0	0f0394e0d4e0c2b12981d2949fb82b5a6dbb4efe7bce5548fa10b91e9aaf5d0d	788	kept_existing				/scratch/10992/liaorunlong93/casp16-leaderboard/data/msa_cache/store/0f/0f0394e0d4e0c2b12981d2949fb82b5a6dbb4efe7bce5548fa10b91e9aaf5d0d/paired.cc22769164f91d74ed42484dc6114c9e6b032ccb0d3b0bf4bf5457d6de9b8666.a3m	true	1034984	/scratch/10992/liaorunlong93/casp16-leaderboard/data/msa_cache/store/0f/0f0394e0d4e0c2b12981d2949fb82b5a6dbb4efe7bce5548fa10b91e9aaf5d0d/unpaired.9516e89f9eb95a2164522f6f499a76f281edf367403bf91e8a4fb910420f5b4a.a3m	true	1861356	input_already_has_existing_msa_paths
H2229	1	8218cae0049fbfe8802424dddbf2d8e33087929c8d4036ae98d257b9a0b0e688	199	kept_existing				/scratch/10992/liaorunlong93/casp16-leaderboard/data/msa_cache/store/82/8218cae0049fbfe8802424dddbf2d8e33087929c8d4036ae98d257b9a0b0e688/paired.0d4c23b113a3db696eaf3315176713504052601bcc36ab9f50c43f7f92f5a3e1.a3m	true	495101	/scratch/10992/liaorunlong93/casp16-leaderboard/data/msa_cache/store/82/8218cae0049fbfe8802424dddbf2d8e33087929c8d4036ae98d257b9a0b0e688/unpaired.672b7d524afecbb6db126f9e90910c6ba61bef16eddea5cc919bbf45df8a8458.a3m	true	78882	input_already_has_existing_msa_paths
H2230	0	0f0394e0d4e0c2b12981d2949fb82b5a6dbb4efe7bce5548fa10b91e9aaf5d0d	788	kept_existing				/scratch/10992/liaorunlong93/casp16-leaderboard/data/msa_cache/store/0f/0f0394e0d4e0c2b12981d2949fb82b5a6dbb4efe7bce5548fa10b91e9aaf5d0d/paired.cc22769164f91d74ed42484dc6114c9e6b032ccb0d3b0bf4bf5457d6de9b8666.a3m	true	1034984	/scratch/10992/liaorunlong93/casp16-leaderboard/data/msa_cache/store/0f/0f0394e0d4e0c2b12981d2949fb82b5a6dbb4efe7bce5548fa10b91e9aaf5d0d/unpaired.9516e89f9eb95a2164522f6f499a76f281edf367403bf91e8a4fb910420f5b4a.a3m	true	1861356	input_already_has_existing_msa_paths
H2230	1	e62981e08fc56eb0161bbf5d93f438dd96bba476b8b2e7af265c3fbcab4a8869	196	kept_existing				/scratch/10992/liaorunlong93/casp16-leaderboard/data/msa_cache/store/e6/e62981e08fc56eb0161bbf5d93f438dd96bba476b8b2e7af265c3fbcab4a8869/paired.257eb080f9e03e40fe6269680e55fc31d99e5d6763507ba347f92c7900385b77.a3m	true	508408	/scratch/10992/liaorunlong93/casp16-leaderboard/data/msa_cache/store/e6/e62981e08fc56eb0161bbf5d93f438dd96bba476b8b2e7af265c3fbcab4a8869/unpaired.3fb1871b2915a4d2e108069550df99d70518dc3958dabcd6f0f7b8329aeff12f.a3m	true	85120	input_already_has_existing_msa_paths
H2232	0	937c08c35a5b9d9bbed5031d1724201a0d31bc40967e5a009ab35b46cc8226b1	220	kept_existing				/scratch/10992/liaorunlong93/casp16-leaderboard/data/msa_cache/store/93/937c08c35a5b9d9bbed5031d1724201a0d31bc40967e5a009ab35b46cc8226b1/paired.1c88a68549ee219dec1b5ef0119ed5ad16906262248da41187ca046b517d94ea.a3m	true	24405	/scratch/10992/liaorunlong93/casp16-leaderboard/data/msa_cache/store/93/937c08c35a5b9d9bbed5031d1724201a0d31bc40967e5a009ab35b46cc8226b1/unpaired.1cd3e6d283028b0ceb40af981ef03cfe20170ae1de661dcf2cf061b6ff8f19e0.a3m	true	2807	input_already_has_existing_msa_paths
H2232	1	02f75345251728cf136a0c7643a645a4669b8aaba81b4f47474b0984b642ba01	242	kept_existing				/scratch/10992/liaorunlong93/casp16-leaderboard/data/msa_cache/store/02/02f75345251728cf136a0c7643a645a4669b8aaba81b4f47474b0984b642ba01/paired.e8c8ceae586aa45fe1a02846be1181264ebd3bb694fa0a53ae1eff3619387ac8.a3m	true	2551235	/scratch/10992/liaorunlong93/casp16-leaderboard/data/msa_cache/store/02/02f75345251728cf136a0c7643a645a4669b8aaba81b4f47474b0984b642ba01/unpaired.8c64b412bf70e14f83a0385ce2b9687c806886633001a9cea0f698bc117a9013.a3m	true	515668	input_already_has_existing_msa_paths
H2233	0	570d3e1904da25045a83432e77416530f2033e20a68423e9ebd0d8ee834f6f69	219	kept_existing				/scratch/10992/liaorunlong93/casp16-leaderboard/data/msa_cache/store/57/570d3e1904da25045a83432e77416530f2033e20a68423e9ebd0d8ee834f6f69/paired.cbe60148b8b3c54262e42551c9473489c41f6eed8b574c3fc3fd825595fd725d.a3m	true	24004	/scratch/10992/liaorunlong93/casp16-leaderboard/data/msa_cache/store/57/570d3e1904da25045a83432e77416530f2033e20a68423e9ebd0d8ee834f6f69/unpaired.8d76efff9d13664ecbfa46a5c8afb4de621453f3f6ba41166cad1edcca9eacb6.a3m	true	2837	input_already_has_existing_msa_paths
H2233	1	1b3fe6b3e06757c1c0da296235bbecd66da13b3c94651f21e398dffa0a04e8a7	222	kept_existing				/scratch/10992/liaorunlong93/casp16-leaderboard/data/msa_cache/store/1b/1b3fe6b3e06757c1c0da296235bbecd66da13b3c94651f21e398dffa0a04e8a7/paired.678b8acfd7bec5547ecc660859262beb0a5b9e36a28d288ef8cef144308c8e88.a3m	true	2989792	/scratch/10992/liaorunlong93/casp16-leaderboard/data/msa_cache/store/1b/1b3fe6b3e06757c1c0da296235bbecd66da13b3c94651f21e398dffa0a04e8a7/unpaired.408408dfea5b5e42be2b097bf1909de80d6314f4da53dd6f6a223f39223e9237.a3m	true	387993	input_already_has_existing_msa_paths
H2233	2	447ed8e37d467004c78be9ceb19e2c1844e2ada833674360d0d633e82d0a2a16	217	kept_existing				/scratch/10992/liaorunlong93/casp16-leaderboard/data/msa_cache/store/44/447ed8e37d467004c78be9ceb19e2c1844e2ada833674360d0d633e82d0a2a16/paired.75700ae6c773de1bb78ce82a16d7545bfada46d5088ff10c786e0fe443517141.a3m	true	2484800	/scratch/10992/liaorunlong93/casp16-leaderboard/data/msa_cache/store/44/447ed8e37d467004c78be9ceb19e2c1844e2ada833674360d0d633e82d0a2a16/unpaired.7ba260a689e530e7e551efe558c073e821aedcb64cbe6dffab3550db24fa55bf.a3m	true	234943	input_already_has_existing_msa_paths
H2236	0	92e0ae5ec6bea77badf08dafbd68178a36fa7245a33b543b0ae70828eb29699e	413	kept_existing				/scratch/10992/liaorunlong93/casp16-leaderboard/data/msa_cache/store/92/92e0ae5ec6bea77badf08dafbd68178a36fa7245a33b543b0ae70828eb29699e/paired.15314eead58e4c97d60bd4f95d3ec7dd0853319910faa090274c6fc62960f0ed.a3m	true	5383	/scratch/10992/liaorunlong93/casp16-leaderboard/data/msa_cache/store/92/92e0ae5ec6bea77badf08dafbd68178a36fa7245a33b543b0ae70828eb29699e/unpaired.e4215bceb45b774c457385f90559faf2576275875ae0d30e8e5ed3c5f3dc27dd.a3m	true	16680	input_already_has_existing_msa_paths
H2236	1	60828aeb55d92f67cd0a5163963debca946a1960214b919cc0de99bcd0c0ba13	115	kept_existing				/scratch/10992/liaorunlong93/casp16-leaderboard/data/msa_cache/store/60/60828aeb55d92f67cd0a5163963debca946a1960214b919cc0de99bcd0c0ba13/paired.916ec02d85caa54aa5d2b22859c5a9df570a75a8e56278eee3f3d22e568ee004.a3m	true	308	/scratch/10992/liaorunlong93/casp16-leaderboard/data/msa_cache/store/60/60828aeb55d92f67cd0a5163963debca946a1960214b919cc0de99bcd0c0ba13/unpaired.d536a2f9acc6465c577ba2060b395140e7c3c0ca0b01bf596977ecc233e769b1.a3m	true	3161	input_already_has_existing_msa_paths
H2244	0	a4e5bb5310a35d3337fe1dba1c9e43f561daa4625d8c43e20a07525cd924f9c5	157	kept_existing				/scratch/10992/liaorunlong93/casp16-leaderboard/data/msa_cache/store/a4/a4e5bb5310a35d3337fe1dba1c9e43f561daa4625d8c43e20a07525cd924f9c5/paired.d39dc2d3a58f8eeebb180b781a9b634ca9030779f892e2c9f37b70c1cc0ca005.a3m	true	825702	/scratch/10992/liaorunlong93/casp16-leaderboard/data/msa_cache/store/a4/a4e5bb5310a35d3337fe1dba1c9e43f561daa4625d8c43e20a07525cd924f9c5/unpaired.a61c561eacf77bcf5fdfeb39fb35446ef02c178a21e670fedaf1110da145dceb.a3m	true	775716	input_already_has_existing_msa_paths
H2244	1	1ce6f730e8cffd8f72afd0d2e8551d2173e7c962e6a8c0e5b068074404c64f79	129	kept_existing				/scratch/10992/liaorunlong93/casp16-leaderboard/data/msa_cache/store/1c/1ce6f730e8cffd8f72afd0d2e8551d2173e7c962e6a8c0e5b068074404c64f79/paired.1e2f4d568230690fb525c4365da3246fe6152d6db044e10735ebe4b5674acb34.a3m	true	4926	/scratch/10992/liaorunlong93/casp16-leaderboard/data/msa_cache/store/1c/1ce6f730e8cffd8f72afd0d2e8551d2173e7c962e6a8c0e5b068074404c64f79/unpaired.c4cfc01a94bb7a5666d6ee6513d9256be2705b63a3494e39e9e6323794310357.a3m	true	12111	input_already_has_existing_msa_paths
H2244	2	e1d1ecc2e0912475427f46d6925bdcd958b1b0795e4a9f0f8fbcab76a3910f0a	139	kept_existing				/scratch/10992/liaorunlong93/casp16-leaderboard/data/msa_cache/store/e1/e1d1ecc2e0912475427f46d6925bdcd958b1b0795e4a9f0f8fbcab76a3910f0a/paired.d89e3ebd58fd160ebbb3f17bc39cb12070dd405172d5b7f6c5190fd88ff23095.a3m	true	2126156	/scratch/10992/liaorunlong93/casp16-leaderboard/data/msa_cache/store/e1/e1d1ecc2e0912475427f46d6925bdcd958b1b0795e4a9f0f8fbcab76a3910f0a/unpaired.d691debd4cef3a7b515ec43bac27f0df08c94406aa68d5e6f03e0eab630f5b0d.a3m	true	294981	input_already_has_existing_msa_paths
H2245	0	34089f6a1cf1ccafe8f511ed8a4fc5a2897e512840236e244ca06f49c9b19d6a	183	kept_existing				/scratch/10992/liaorunlong93/casp16-leaderboard/data/msa_cache/store/34/34089f6a1cf1ccafe8f511ed8a4fc5a2897e512840236e244ca06f49c9b19d6a/paired.65b9e30661aa5d5849cf82f2c1d919b69a5884d0ac0378fdf2e4e4ea242812d5.a3m	true	5391	/scratch/10992/liaorunlong93/casp16-leaderboard/data/msa_cache/store/34/34089f6a1cf1ccafe8f511ed8a4fc5a2897e512840236e244ca06f49c9b19d6a/unpaired.da6fd070653d5c334fc495e49c5834be068f0a1507444cac7286ec1ddaf57f0c.a3m	true	6148	input_already_has_existing_msa_paths
H2245	1	0579992676eda5fe4e0b7b136292a604d5a6e51a37fd3865f833580226deb8ec	134	kept_existing				/scratch/10992/liaorunlong93/casp16-leaderboard/data/msa_cache/store/05/0579992676eda5fe4e0b7b136292a604d5a6e51a37fd3865f833580226deb8ec/paired.0a807c05c035a0460873ec3ceccebc17355e4832e7e9926f2017378ea79f431f.a3m	true	349	/scratch/10992/liaorunlong93/casp16-leaderboard/data/msa_cache/store/05/0579992676eda5fe4e0b7b136292a604d5a6e51a37fd3865f833580226deb8ec/unpaired.b777141ea89e30b59f44c2fd45d4e3b788573117bb9303535dee0fd37d398377.a3m	true	20813	input_already_has_existing_msa_paths
H2258	0	f1dd6dfa4634f6c87ed6456d63764c893d6169525d978b7a78dbc1f4c8575483	2535	kept_existing				/scratch/10992/liaorunlong93/casp16-leaderboard/data/msa_cache/store/f1/f1dd6dfa4634f6c87ed6456d63764c893d6169525d978b7a78dbc1f4c8575483/paired.4962b208694b3ac32d83abb83f77da0ffc977488bfcff93d1dcaf1f63f34aaf9.a3m	true	13579372	/scratch/10992/liaorunlong93/casp16-leaderboard/data/msa_cache/store/f1/f1dd6dfa4634f6c87ed6456d63764c893d6169525d978b7a78dbc1f4c8575483/unpaired.7ec81cdd48a95814fe2e231d2508c45dd9b1a8a34bbf1353f7f82b04ccb6a992.a3m	true	10681136	input_already_has_existing_msa_paths
H2265	0	b2c51d40ad46163a635e122ebf1bc8e9cb61bd70e42dc6331699a800a20bff7b	150	kept_existing				/scratch/10992/liaorunlong93/casp16-leaderboard/data/msa_cache/store/b2/b2c51d40ad46163a635e122ebf1bc8e9cb61bd70e42dc6331699a800a20bff7b/paired.6e6472eba55a776a5dfe865eb84ff8464d9241800c030290724936267f6143a2.a3m	true	884057	/scratch/10992/liaorunlong93/casp16-leaderboard/data/msa_cache/store/b2/b2c51d40ad46163a635e122ebf1bc8e9cb61bd70e42dc6331699a800a20bff7b/unpaired.dc7aab9a78be974b8d8e82aa39f949b2ed3532bbda7958c59f07db5f15b5b4ec.a3m	true	520430	input_already_has_existing_msa_paths
H2265	1	7602d8e2730b82dc37e70b93c802a4333cd59f90a123d2739db1d2b2789075ad	143	kept_existing				/scratch/10992/liaorunlong93/casp16-leaderboard/data/msa_cache/store/76/7602d8e2730b82dc37e70b93c802a4333cd59f90a123d2739db1d2b2789075ad/paired.3df8d233fd3180904b16de68cfc75f96e4542c8b2dc0d60b8356d4c1b939574a.a3m	true	239019	/scratch/10992/liaorunlong93/casp16-leaderboard/data/msa_cache/store/76/7602d8e2730b82dc37e70b93c802a4333cd59f90a123d2739db1d2b2789075ad/unpaired.47425e08a781004b488bef40f1ce17087febf0dbaf3483476466b31d5fd5650f.a3m	true	197305	input_already_has_existing_msa_paths
H2267	0	acf4125cd7e6c0fd83f4ebf40580a73ffd202dd6652c4d460fa4c4d93ea1c157	444	kept_existing				/scratch/10992/liaorunlong93/casp16-leaderboard/data/msa_cache/store/ac/acf4125cd7e6c0fd83f4ebf40580a73ffd202dd6652c4d460fa4c4d93ea1c157/paired.e0e66dd6facb3cbfee8ff1d2334bd237f019cb09cc669155003794560ff1f0c9.a3m	true	140687	/scratch/10992/liaorunlong93/casp16-leaderboard/data/msa_cache/store/ac/acf4125cd7e6c0fd83f4ebf40580a73ffd202dd6652c4d460fa4c4d93ea1c157/unpaired.5852221a31632b021f2732ab1bf636ea7ae3f6b473fdfd48703e4fda14c1b89b.a3m	true	683631	input_already_has_existing_msa_paths
H2267	1	a1c66f0376b2ac8fec8a66ae732ef5bedb19bd199b0c1ad4a233f0ae0a541476	482	kept_existing				/scratch/10992/liaorunlong93/casp16-leaderboard/data/msa_cache/store/a1/a1c66f0376b2ac8fec8a66ae732ef5bedb19bd199b0c1ad4a233f0ae0a541476/paired.c3dfef9c03fe55c1dc15c757ecc25c473886d594229dc393ca0e03c0057191ec.a3m	true	411281	/scratch/10992/liaorunlong93/casp16-leaderboard/data/msa_cache/store/a1/a1c66f0376b2ac8fec8a66ae732ef5bedb19bd199b0c1ad4a233f0ae0a541476/unpaired.a7ce11abda39d37e50bd1072c4b5f8346dd832c6735560589c2cb1b3a483ed56.a3m	true	1303569	input_already_has_existing_msa_paths
H2272	0	c49d32457da096a73fde5043693ca960def7c03e83f1e749a35e90b78fba1de9	363	kept_existing				/scratch/10992/liaorunlong93/casp16-leaderboard/data/msa_cache/store/c4/c49d32457da096a73fde5043693ca960def7c03e83f1e749a35e90b78fba1de9/paired.9f5c3e2ca3ef9ad14d3a29ecc05f1bc792cdf7eb007fd35c6cdfd6ac9c1009e2.a3m	true	320228	/scratch/10992/liaorunlong93/casp16-leaderboard/data/msa_cache/store/c4/c49d32457da096a73fde5043693ca960def7c03e83f1e749a35e90b78fba1de9/unpaired.d680b5c515a76ece8ebb618bfef81c058642daf6f7c63865769e190a455acb1f.a3m	true	62906	input_already_has_existing_msa_paths
H2272	1	594d664fdbdb4440f603feed41ee6c5456c1da34e90f529623fdf53dafb8049c	318	kept_existing				/scratch/10992/liaorunlong93/casp16-leaderboard/data/msa_cache/store/59/594d664fdbdb4440f603feed41ee6c5456c1da34e90f529623fdf53dafb8049c/paired.5ce17f1a1c8f505e80ac69dab558cb1d37a75d114af21379f8bf70a4ee639211.a3m	true	143037	/scratch/10992/liaorunlong93/casp16-leaderboard/data/msa_cache/store/59/594d664fdbdb4440f603feed41ee6c5456c1da34e90f529623fdf53dafb8049c/unpaired.9aa874ffb62e3e7308bac5efbeaee71df045730393436e30791e795d3730a535.a3m	true	77044	input_already_has_existing_msa_paths
H2272	2	a50dfbae3f7c9e8d0f19a4a0684e7652bcb198bb71494c2077243cbbd55d8774	289	kept_existing				/scratch/10992/liaorunlong93/casp16-leaderboard/data/msa_cache/store/a5/a50dfbae3f7c9e8d0f19a4a0684e7652bcb198bb71494c2077243cbbd55d8774/paired.b13dfe730b1d387c01917394dd9575833d2f36c77224d0fc2c3928060db76748.a3m	true	411870	/scratch/10992/liaorunlong93/casp16-leaderboard/data/msa_cache/store/a5/a50dfbae3f7c9e8d0f19a4a0684e7652bcb198bb71494c2077243cbbd55d8774/unpaired.91fc3d60bd18df80909d6951dafa12cce4b506efaa59cd79581c2ebccff06c2a.a3m	true	129317	input_already_has_existing_msa_paths
H2272	3	53a06b91c7f77a9d41761b633b714405cdcd324afdc601cde8434f9506a25b07	291	kept_existing				/scratch/10992/liaorunlong93/casp16-leaderboard/data/msa_cache/store/53/53a06b91c7f77a9d41761b633b714405cdcd324afdc601cde8434f9506a25b07/paired.a02388b1bbe3d3c7389fe299d672e2c246c313fcef198424ea1ac1b972545b16.a3m	true	415778	/scratch/10992/liaorunlong93/casp16-leaderboard/data/msa_cache/store/53/53a06b91c7f77a9d41761b633b714405cdcd324afdc601cde8434f9506a25b07/unpaired.46a73ca1ea0292f55095bcfa9035af9b67ad1e0437291eda69e60c6ad7177f06.a3m	true	134313	input_already_has_existing_msa_paths
H2272	4	14b8ea863c0aba246ae40b8b5b4c025d2f86c78f451226793f205886d02c3d8b	624	kept_existing				/scratch/10992/liaorunlong93/casp16-leaderboard/data/msa_cache/store/14/14b8ea863c0aba246ae40b8b5b4c025d2f86c78f451226793f205886d02c3d8b/paired.8cf940f46dfd587d904dcff593bc470fad3c7f20b05a38b88dcce0adb2042ecd.a3m	true	697826	/scratch/10992/liaorunlong93/casp16-leaderboard/data/msa_cache/store/14/14b8ea863c0aba246ae40b8b5b4c025d2f86c78f451226793f205886d02c3d8b/unpaired.920cbed3330d7d0585229963e0591f4acd0d92d1d350578dd2a1e6ea4eb00e42.a3m	true	620646	input_already_has_existing_msa_paths
H2272	5	3e872160278b1f1be39d45cded20127e8285a432cfdb92a2077ea1e2c89eaab1	202	kept_existing				/scratch/10992/liaorunlong93/casp16-leaderboard/data/msa_cache/store/3e/3e872160278b1f1be39d45cded20127e8285a432cfdb92a2077ea1e2c89eaab1/paired.384f07e6e3c3474f345b17794210eb6ef53cbe4021f048de20faf101fa19e218.a3m	true	312321	/scratch/10992/liaorunlong93/casp16-leaderboard/data/msa_cache/store/3e/3e872160278b1f1be39d45cded20127e8285a432cfdb92a2077ea1e2c89eaab1/unpaired.3b662685c1100b59afd289ca25473afc6160c057a4c80aad21d8ec081e2cd27b.a3m	true	112658	input_already_has_existing_msa_paths
H2272	6	b704bdc4d3b799ff5c0af5f22d19fc734bf7123aec2cdddb6eb696b0f7030a09	198	kept_existing				/scratch/10992/liaorunlong93/casp16-leaderboard/data/msa_cache/store/b7/b704bdc4d3b799ff5c0af5f22d19fc734bf7123aec2cdddb6eb696b0f7030a09/paired.27afe716f2f01816fbed65f55f6413379b7d954ec431c412b8644119f5fcce09.a3m	true	160833	/scratch/10992/liaorunlong93/casp16-leaderboard/data/msa_cache/store/b7/b704bdc4d3b799ff5c0af5f22d19fc734bf7123aec2cdddb6eb696b0f7030a09/unpaired.73eddacc058ac357f21ff1a8914f03e290c03c6d66bb1622fea6a71e99858033.a3m	true	21279	input_already_has_existing_msa_paths
T0206O	0	f88188b8caba776501637651f3c41ab3b08bbc237761c098d25da0490332318a	237	kept_existing				/scratch/10992/liaorunlong93/casp16-leaderboard/data/msa_cache/store/f8/f88188b8caba776501637651f3c41ab3b08bbc237761c098d25da0490332318a/paired.383974df59ba251679051b4eb019b7e08b3dbd13c2dd127def99037158e58d93.a3m	true	15063	/scratch/10992/liaorunlong93/casp16-leaderboard/data/msa_cache/store/f8/f88188b8caba776501637651f3c41ab3b08bbc237761c098d25da0490332318a/unpaired.3298e8f46eb3600e5e199738bbbdfd2f97a97ab14d5defb4c615df7ecefeeae0.a3m	true	2912	input_already_has_existing_msa_paths
T0218O	0	ee2b4272dc9aad5f20192958794de7e50a216a6dc9a54d38435f5d6fecc75f46	1164	kept_existing				/scratch/10992/liaorunlong93/casp16-leaderboard/data/msa_cache/store/ee/ee2b4272dc9aad5f20192958794de7e50a216a6dc9a54d38435f5d6fecc75f46/paired.cd0b25e4d229c2ce443c1af4d2991545ab2e3d8def7dd4805d0e42e65799d8e9.a3m	true	1256287	/scratch/10992/liaorunlong93/casp16-leaderboard/data/msa_cache/store/ee/ee2b4272dc9aad5f20192958794de7e50a216a6dc9a54d38435f5d6fecc75f46/unpaired.6d5ca46ec257d309d2a69c8b6b638b234810d23d71a437f26be73da6c2461fbf.a3m	true	750595	input_already_has_existing_msa_paths
T0234O	0	92e0ae5ec6bea77badf08dafbd68178a36fa7245a33b543b0ae70828eb29699e	413	kept_existing				/scratch/10992/liaorunlong93/casp16-leaderboard/data/msa_cache/store/92/92e0ae5ec6bea77badf08dafbd68178a36fa7245a33b543b0ae70828eb29699e/paired.15314eead58e4c97d60bd4f95d3ec7dd0853319910faa090274c6fc62960f0ed.a3m	true	5383	/scratch/10992/liaorunlong93/casp16-leaderboard/data/msa_cache/store/92/92e0ae5ec6bea77badf08dafbd68178a36fa7245a33b543b0ae70828eb29699e/unpaired.e4215bceb45b774c457385f90559faf2576275875ae0d30e8e5ed3c5f3dc27dd.a3m	true	16680	input_already_has_existing_msa_paths
T0235O	0	60828aeb55d92f67cd0a5163963debca946a1960214b919cc0de99bcd0c0ba13	115	kept_existing				/scratch/10992/liaorunlong93/casp16-leaderboard/data/msa_cache/store/60/60828aeb55d92f67cd0a5163963debca946a1960214b919cc0de99bcd0c0ba13/paired.916ec02d85caa54aa5d2b22859c5a9df570a75a8e56278eee3f3d22e568ee004.a3m	true	308	/scratch/10992/liaorunlong93/casp16-leaderboard/data/msa_cache/store/60/60828aeb55d92f67cd0a5163963debca946a1960214b919cc0de99bcd0c0ba13/unpaired.d536a2f9acc6465c577ba2060b395140e7c3c0ca0b01bf596977ecc233e769b1.a3m	true	3161	input_already_has_existing_msa_paths
T0237O	0	ef4f261694f27da1a336936eb5b19e10003575c5623bd53bd91e084b0aa94960	488	kept_existing				/scratch/10992/liaorunlong93/casp16-leaderboard/data/msa_cache/store/ef/ef4f261694f27da1a336936eb5b19e10003575c5623bd53bd91e084b0aa94960/paired.5d4630c3c38bfa17bff6f703651c5b90829f60816169965c6c6fc93e8cd59a31.a3m	true	216794	/scratch/10992/liaorunlong93/casp16-leaderboard/data/msa_cache/store/ef/ef4f261694f27da1a336936eb5b19e10003575c5623bd53bd91e084b0aa94960/unpaired.85e02102866575572d9441ff6d947f00aa3b021ae9a40d58add317da2be56ce9.a3m	true	689920	input_already_has_existing_msa_paths
T0240O	0	c6b13ec1eddd13849086c23f709676aa9a2af3f25af4c441a35be4d2dc2209c2	653	kept_existing				/scratch/10992/liaorunlong93/casp16-leaderboard/data/msa_cache/store/c6/c6b13ec1eddd13849086c23f709676aa9a2af3f25af4c441a35be4d2dc2209c2/paired.b22aeb853a5c7c79d378e356945599d23c0c0cb3462f4cd952f06afd1d4222ac.a3m	true	471272	/scratch/10992/liaorunlong93/casp16-leaderboard/data/msa_cache/store/c6/c6b13ec1eddd13849086c23f709676aa9a2af3f25af4c441a35be4d2dc2209c2/unpaired.616f2bfa0750144e4c0ff28fa0b67b8d4b65aeca102edced06fc282012a85047.a3m	true	1948374	input_already_has_existing_msa_paths
T0257O	0	5086eea92d9c9d2061ad6cc5cb457130be7e8c06e0e05fc2a3916232a3ff07af	1263	kept_existing				/scratch/10992/liaorunlong93/casp16-leaderboard/data/msa_cache/store/50/5086eea92d9c9d2061ad6cc5cb457130be7e8c06e0e05fc2a3916232a3ff07af/paired.a054188ae99be274954888c8522daf3c4aa49d235f793104a4aaf71e2ee5bace.a3m	true	262661	/scratch/10992/liaorunlong93/casp16-leaderboard/data/msa_cache/store/50/5086eea92d9c9d2061ad6cc5cb457130be7e8c06e0e05fc2a3916232a3ff07af/unpaired.c9dcc502d54ff1861b5ab82613468f314bbf94f27cdc3f984c3158469ea0ef67.a3m	true	1297448	input_already_has_existing_msa_paths
T0259O	0	d731e42b2d04a71e9232375cd7e02f53221f63a4cebd24d61c77f63e651bfbf4	243	kept_existing				/scratch/10992/liaorunlong93/casp16-leaderboard/data/msa_cache/store/d7/d731e42b2d04a71e9232375cd7e02f53221f63a4cebd24d61c77f63e651bfbf4/paired.7b9442b02aae89500f75b7c6c2c02ff0073c35e76c7cd04339704fcc4cb1c6b8.a3m	true	490908	/scratch/10992/liaorunlong93/casp16-leaderboard/data/msa_cache/store/d7/d731e42b2d04a71e9232375cd7e02f53221f63a4cebd24d61c77f63e651bfbf4/unpaired.bfbbc72c4759703d489517e7d46450182382d188483b00f33c40afdd82a808a9.a3m	true	1664883	input_already_has_existing_msa_paths
T0270O	0	d51351185cba94dcf1e0094d9e6eb5f73068054305f5b020e467a221ebedccba	437	kept_existing				/scratch/10992/liaorunlong93/casp16-leaderboard/data/msa_cache/store/d5/d51351185cba94dcf1e0094d9e6eb5f73068054305f5b020e467a221ebedccba/paired.01370c7b4f0b8ee1b1f79af432343c5071ed0c3c32b655da198bc56e32f2b715.a3m	true	4353330	/scratch/10992/liaorunlong93/casp16-leaderboard/data/msa_cache/store/d5/d51351185cba94dcf1e0094d9e6eb5f73068054305f5b020e467a221ebedccba/unpaired.08d1652d7d1ffb5259266757b900923eca2ed2c45c64e1a2b2af0f863a0bf284.a3m	true	5333200	input_already_has_existing_msa_paths
T1201O	0	a6269a72401e03d5ecbdfeee6984f548e56425fbd8de3dc18db502b5f3f099ab	204	kept_existing				/scratch/10992/liaorunlong93/casp16-leaderboard/data/msa_cache/store/a6/a6269a72401e03d5ecbdfeee6984f548e56425fbd8de3dc18db502b5f3f099ab/paired.ff9767888d136af626b6149df7df2608222c32eb2e9628c2ccfdb45d08caa9ba.a3m	true	143439	/scratch/10992/liaorunlong93/casp16-leaderboard/data/msa_cache/store/a6/a6269a72401e03d5ecbdfeee6984f548e56425fbd8de3dc18db502b5f3f099ab/unpaired.773357926ff97645b451b04a224fe6606d459d51ba6bf316ca0ed5ffcc7b3165.a3m	true	145586	input_already_has_existing_msa_paths
T1206O	0	f88188b8caba776501637651f3c41ab3b08bbc237761c098d25da0490332318a	237	kept_existing				/scratch/10992/liaorunlong93/casp16-leaderboard/data/msa_cache/store/f8/f88188b8caba776501637651f3c41ab3b08bbc237761c098d25da0490332318a/paired.383974df59ba251679051b4eb019b7e08b3dbd13c2dd127def99037158e58d93.a3m	true	15063	/scratch/10992/liaorunlong93/casp16-leaderboard/data/msa_cache/store/f8/f88188b8caba776501637651f3c41ab3b08bbc237761c098d25da0490332318a/unpaired.3298e8f46eb3600e5e199738bbbdfd2f97a97ab14d5defb4c615df7ecefeeae0.a3m	true	2912	input_already_has_existing_msa_paths
T1218O	0	ee2b4272dc9aad5f20192958794de7e50a216a6dc9a54d38435f5d6fecc75f46	1164	kept_existing				/scratch/10992/liaorunlong93/casp16-leaderboard/data/msa_cache/store/ee/ee2b4272dc9aad5f20192958794de7e50a216a6dc9a54d38435f5d6fecc75f46/paired.cd0b25e4d229c2ce443c1af4d2991545ab2e3d8def7dd4805d0e42e65799d8e9.a3m	true	1256287	/scratch/10992/liaorunlong93/casp16-leaderboard/data/msa_cache/store/ee/ee2b4272dc9aad5f20192958794de7e50a216a6dc9a54d38435f5d6fecc75f46/unpaired.6d5ca46ec257d309d2a69c8b6b638b234810d23d71a437f26be73da6c2461fbf.a3m	true	750595	input_already_has_existing_msa_paths
T1234O	0	92e0ae5ec6bea77badf08dafbd68178a36fa7245a33b543b0ae70828eb29699e	413	kept_existing				/scratch/10992/liaorunlong93/casp16-leaderboard/data/msa_cache/store/92/92e0ae5ec6bea77badf08dafbd68178a36fa7245a33b543b0ae70828eb29699e/paired.15314eead58e4c97d60bd4f95d3ec7dd0853319910faa090274c6fc62960f0ed.a3m	true	5383	/scratch/10992/liaorunlong93/casp16-leaderboard/data/msa_cache/store/92/92e0ae5ec6bea77badf08dafbd68178a36fa7245a33b543b0ae70828eb29699e/unpaired.e4215bceb45b774c457385f90559faf2576275875ae0d30e8e5ed3c5f3dc27dd.a3m	true	16680	input_already_has_existing_msa_paths
T1235O	0	60828aeb55d92f67cd0a5163963debca946a1960214b919cc0de99bcd0c0ba13	115	kept_existing				/scratch/10992/liaorunlong93/casp16-leaderboard/data/msa_cache/store/60/60828aeb55d92f67cd0a5163963debca946a1960214b919cc0de99bcd0c0ba13/paired.916ec02d85caa54aa5d2b22859c5a9df570a75a8e56278eee3f3d22e568ee004.a3m	true	308	/scratch/10992/liaorunlong93/casp16-leaderboard/data/msa_cache/store/60/60828aeb55d92f67cd0a5163963debca946a1960214b919cc0de99bcd0c0ba13/unpaired.d536a2f9acc6465c577ba2060b395140e7c3c0ca0b01bf596977ecc233e769b1.a3m	true	3161	input_already_has_existing_msa_paths
T1237O	0	ef4f261694f27da1a336936eb5b19e10003575c5623bd53bd91e084b0aa94960	488	kept_existing				/scratch/10992/liaorunlong93/casp16-leaderboard/data/msa_cache/store/ef/ef4f261694f27da1a336936eb5b19e10003575c5623bd53bd91e084b0aa94960/paired.5d4630c3c38bfa17bff6f703651c5b90829f60816169965c6c6fc93e8cd59a31.a3m	true	216794	/scratch/10992/liaorunlong93/casp16-leaderboard/data/msa_cache/store/ef/ef4f261694f27da1a336936eb5b19e10003575c5623bd53bd91e084b0aa94960/unpaired.85e02102866575572d9441ff6d947f00aa3b021ae9a40d58add317da2be56ce9.a3m	true	689920	input_already_has_existing_msa_paths
T1240O	0	c6b13ec1eddd13849086c23f709676aa9a2af3f25af4c441a35be4d2dc2209c2	653	kept_existing				/scratch/10992/liaorunlong93/casp16-leaderboard/data/msa_cache/store/c6/c6b13ec1eddd13849086c23f709676aa9a2af3f25af4c441a35be4d2dc2209c2/paired.b22aeb853a5c7c79d378e356945599d23c0c0cb3462f4cd952f06afd1d4222ac.a3m	true	471272	/scratch/10992/liaorunlong93/casp16-leaderboard/data/msa_cache/store/c6/c6b13ec1eddd13849086c23f709676aa9a2af3f25af4c441a35be4d2dc2209c2/unpaired.616f2bfa0750144e4c0ff28fa0b67b8d4b65aeca102edced06fc282012a85047.a3m	true	1948374	input_already_has_existing_msa_paths
T1249V1O	0	1784bf03d1dc24f560d1fc8d2be2ee5c06b56f0324c6b75497fa9a0fdfd9210f	488	kept_existing				/scratch/10992/liaorunlong93/casp16-leaderboard/data/msa_cache/store/17/1784bf03d1dc24f560d1fc8d2be2ee5c06b56f0324c6b75497fa9a0fdfd9210f/paired.768ecae9d29dc438ccedf531f7ab0e818875dddeb0831fceed4cdbccd04f731c.a3m	true	141671	/scratch/10992/liaorunlong93/casp16-leaderboard/data/msa_cache/store/17/1784bf03d1dc24f560d1fc8d2be2ee5c06b56f0324c6b75497fa9a0fdfd9210f/unpaired.6a15684d5019bd94fdc68f7a7cad8cbf032180ee9416af2fc3d4fbef9f356cfb.a3m	true	11174	input_already_has_existing_msa_paths
T1257O	0	5086eea92d9c9d2061ad6cc5cb457130be7e8c06e0e05fc2a3916232a3ff07af	1263	kept_existing				/scratch/10992/liaorunlong93/casp16-leaderboard/data/msa_cache/store/50/5086eea92d9c9d2061ad6cc5cb457130be7e8c06e0e05fc2a3916232a3ff07af/paired.a054188ae99be274954888c8522daf3c4aa49d235f793104a4aaf71e2ee5bace.a3m	true	262661	/scratch/10992/liaorunlong93/casp16-leaderboard/data/msa_cache/store/50/5086eea92d9c9d2061ad6cc5cb457130be7e8c06e0e05fc2a3916232a3ff07af/unpaired.c9dcc502d54ff1861b5ab82613468f314bbf94f27cdc3f984c3158469ea0ef67.a3m	true	1297448	input_already_has_existing_msa_paths
T1259O	0	d731e42b2d04a71e9232375cd7e02f53221f63a4cebd24d61c77f63e651bfbf4	243	kept_existing				/scratch/10992/liaorunlong93/casp16-leaderboard/data/msa_cache/store/d7/d731e42b2d04a71e9232375cd7e02f53221f63a4cebd24d61c77f63e651bfbf4/paired.7b9442b02aae89500f75b7c6c2c02ff0073c35e76c7cd04339704fcc4cb1c6b8.a3m	true	490908	/scratch/10992/liaorunlong93/casp16-leaderboard/data/msa_cache/store/d7/d731e42b2d04a71e9232375cd7e02f53221f63a4cebd24d61c77f63e651bfbf4/unpaired.bfbbc72c4759703d489517e7d46450182382d188483b00f33c40afdd82a808a9.a3m	true	1664883	input_already_has_existing_msa_paths
T1270O	0	d51351185cba94dcf1e0094d9e6eb5f73068054305f5b020e467a221ebedccba	437	kept_existing				/scratch/10992/liaorunlong93/casp16-leaderboard/data/msa_cache/store/d5/d51351185cba94dcf1e0094d9e6eb5f73068054305f5b020e467a221ebedccba/paired.01370c7b4f0b8ee1b1f79af432343c5071ed0c3c32b655da198bc56e32f2b715.a3m	true	4353330	/scratch/10992/liaorunlong93/casp16-leaderboard/data/msa_cache/store/d5/d51351185cba94dcf1e0094d9e6eb5f73068054305f5b020e467a221ebedccba/unpaired.08d1652d7d1ffb5259266757b900923eca2ed2c45c64e1a2b2af0f863a0bf284.a3m	true	5333200	input_already_has_existing_msa_paths
T1292O	0	5f974229f20bbeabd2dd9b4c723217857331152ce324db460eb0e37ce908488f	190	kept_existing				/scratch/10992/liaorunlong93/casp16-leaderboard/data/msa_cache/store/5f/5f974229f20bbeabd2dd9b4c723217857331152ce324db460eb0e37ce908488f/paired.eaa95de0a0082ce938dcd6db77720a14016a5142e25761158666c207f46ae02f.a3m	true	788512	/scratch/10992/liaorunlong93/casp16-leaderboard/data/msa_cache/store/5f/5f974229f20bbeabd2dd9b4c723217857331152ce324db460eb0e37ce908488f/unpaired.fdc7ac63cafde4898bbaa99b7688d6604d892df05236c3ebbdea1367c05976f9.a3m	true	811078	input_already_has_existing_msa_paths
T1294V1O	0	cc04d5f77711605c99e2b4a841871f32a69f251aadee789cf49431092cf5f115	214	kept_existing				/scratch/10992/liaorunlong93/casp16-leaderboard/data/msa_cache/store/cc/cc04d5f77711605c99e2b4a841871f32a69f251aadee789cf49431092cf5f115/paired.ed952f74e7dc9f64441138ff878660f5e659fdff2b5951350d667d5841e4ed40.a3m	true	1068066	/scratch/10992/liaorunlong93/casp16-leaderboard/data/msa_cache/store/cc/cc04d5f77711605c99e2b4a841871f32a69f251aadee789cf49431092cf5f115/unpaired.dfed48142da210c597b6a43a5c0770e4fc55476af2590683ff6bd1be95ff265e.a3m	true	1378055	input_already_has_existing_msa_paths
T1295O	0	b46e71db4b308198386ac893bf1afcf77725204752dca08a44389b4c6be80d79	469	kept_existing				/scratch/10992/liaorunlong93/casp16-leaderboard/data/msa_cache/store/b4/b46e71db4b308198386ac893bf1afcf77725204752dca08a44389b4c6be80d79/paired.f899680c628dc81b488cd5301dd80edd357037468fbdf4380478b9630c13e663.a3m	true	2699429	/scratch/10992/liaorunlong93/casp16-leaderboard/data/msa_cache/store/b4/b46e71db4b308198386ac893bf1afcf77725204752dca08a44389b4c6be80d79/unpaired.dc074c6f636dee67da8676bc04cf919c9cf6be94703b9b655e0bef4d63c39ff2.a3m	true	2380675	input_already_has_existing_msa_paths
T1298O	0	b1d8e2a75cdddf89399c3b089e7c4dc9954162ea4d00e4193dc6b0df67641053	342	kept_existing				/scratch/10992/liaorunlong93/casp16-leaderboard/data/msa_cache/store/b1/b1d8e2a75cdddf89399c3b089e7c4dc9954162ea4d00e4193dc6b0df67641053/paired.f120294309eea5e5a52944a030e8d94373a1ed980d6a9b1d07ec5184c602e8d7.a3m	true	129190	/scratch/10992/liaorunlong93/casp16-leaderboard/data/msa_cache/store/b1/b1d8e2a75cdddf89399c3b089e7c4dc9954162ea4d00e4193dc6b0df67641053/unpaired.0f4dac7de0493683e33bcb50925eaa1e9fbd758935cef4d376b6f1090249c271.a3m	true	517613	input_already_has_existing_msa_paths
T2201O	0	a6269a72401e03d5ecbdfeee6984f548e56425fbd8de3dc18db502b5f3f099ab	204	kept_existing				/scratch/10992/liaorunlong93/casp16-leaderboard/data/msa_cache/store/a6/a6269a72401e03d5ecbdfeee6984f548e56425fbd8de3dc18db502b5f3f099ab/paired.ff9767888d136af626b6149df7df2608222c32eb2e9628c2ccfdb45d08caa9ba.a3m	true	143439	/scratch/10992/liaorunlong93/casp16-leaderboard/data/msa_cache/store/a6/a6269a72401e03d5ecbdfeee6984f548e56425fbd8de3dc18db502b5f3f099ab/unpaired.773357926ff97645b451b04a224fe6606d459d51ba6bf316ca0ed5ffcc7b3165.a3m	true	145586	input_already_has_existing_msa_paths
T2206O	0	f88188b8caba776501637651f3c41ab3b08bbc237761c098d25da0490332318a	237	kept_existing				/scratch/10992/liaorunlong93/casp16-leaderboard/data/msa_cache/store/f8/f88188b8caba776501637651f3c41ab3b08bbc237761c098d25da0490332318a/paired.383974df59ba251679051b4eb019b7e08b3dbd13c2dd127def99037158e58d93.a3m	true	15063	/scratch/10992/liaorunlong93/casp16-leaderboard/data/msa_cache/store/f8/f88188b8caba776501637651f3c41ab3b08bbc237761c098d25da0490332318a/unpaired.3298e8f46eb3600e5e199738bbbdfd2f97a97ab14d5defb4c615df7ecefeeae0.a3m	true	2912	input_already_has_existing_msa_paths
T2218O	0	ee2b4272dc9aad5f20192958794de7e50a216a6dc9a54d38435f5d6fecc75f46	1164	kept_existing				/scratch/10992/liaorunlong93/casp16-leaderboard/data/msa_cache/store/ee/ee2b4272dc9aad5f20192958794de7e50a216a6dc9a54d38435f5d6fecc75f46/paired.cd0b25e4d229c2ce443c1af4d2991545ab2e3d8def7dd4805d0e42e65799d8e9.a3m	true	1256287	/scratch/10992/liaorunlong93/casp16-leaderboard/data/msa_cache/store/ee/ee2b4272dc9aad5f20192958794de7e50a216a6dc9a54d38435f5d6fecc75f46/unpaired.6d5ca46ec257d309d2a69c8b6b638b234810d23d71a437f26be73da6c2461fbf.a3m	true	750595	input_already_has_existing_msa_paths
T2234O	0	92e0ae5ec6bea77badf08dafbd68178a36fa7245a33b543b0ae70828eb29699e	413	kept_existing				/scratch/10992/liaorunlong93/casp16-leaderboard/data/msa_cache/store/92/92e0ae5ec6bea77badf08dafbd68178a36fa7245a33b543b0ae70828eb29699e/paired.15314eead58e4c97d60bd4f95d3ec7dd0853319910faa090274c6fc62960f0ed.a3m	true	5383	/scratch/10992/liaorunlong93/casp16-leaderboard/data/msa_cache/store/92/92e0ae5ec6bea77badf08dafbd68178a36fa7245a33b543b0ae70828eb29699e/unpaired.e4215bceb45b774c457385f90559faf2576275875ae0d30e8e5ed3c5f3dc27dd.a3m	true	16680	input_already_has_existing_msa_paths
T2235O	0	60828aeb55d92f67cd0a5163963debca946a1960214b919cc0de99bcd0c0ba13	115	kept_existing				/scratch/10992/liaorunlong93/casp16-leaderboard/data/msa_cache/store/60/60828aeb55d92f67cd0a5163963debca946a1960214b919cc0de99bcd0c0ba13/paired.916ec02d85caa54aa5d2b22859c5a9df570a75a8e56278eee3f3d22e568ee004.a3m	true	308	/scratch/10992/liaorunlong93/casp16-leaderboard/data/msa_cache/store/60/60828aeb55d92f67cd0a5163963debca946a1960214b919cc0de99bcd0c0ba13/unpaired.d536a2f9acc6465c577ba2060b395140e7c3c0ca0b01bf596977ecc233e769b1.a3m	true	3161	input_already_has_existing_msa_paths
T2237O	0	ef4f261694f27da1a336936eb5b19e10003575c5623bd53bd91e084b0aa94960	488	kept_existing				/scratch/10992/liaorunlong93/casp16-leaderboard/data/msa_cache/store/ef/ef4f261694f27da1a336936eb5b19e10003575c5623bd53bd91e084b0aa94960/paired.5d4630c3c38bfa17bff6f703651c5b90829f60816169965c6c6fc93e8cd59a31.a3m	true	216794	/scratch/10992/liaorunlong93/casp16-leaderboard/data/msa_cache/store/ef/ef4f261694f27da1a336936eb5b19e10003575c5623bd53bd91e084b0aa94960/unpaired.85e02102866575572d9441ff6d947f00aa3b021ae9a40d58add317da2be56ce9.a3m	true	689920	input_already_has_existing_msa_paths
T2240O	0	c6b13ec1eddd13849086c23f709676aa9a2af3f25af4c441a35be4d2dc2209c2	653	kept_existing				/scratch/10992/liaorunlong93/casp16-leaderboard/data/msa_cache/store/c6/c6b13ec1eddd13849086c23f709676aa9a2af3f25af4c441a35be4d2dc2209c2/paired.b22aeb853a5c7c79d378e356945599d23c0c0cb3462f4cd952f06afd1d4222ac.a3m	true	471272	/scratch/10992/liaorunlong93/casp16-leaderboard/data/msa_cache/store/c6/c6b13ec1eddd13849086c23f709676aa9a2af3f25af4c441a35be4d2dc2209c2/unpaired.616f2bfa0750144e4c0ff28fa0b67b8d4b65aeca102edced06fc282012a85047.a3m	true	1948374	input_already_has_existing_msa_paths
T2249V1O	0	1784bf03d1dc24f560d1fc8d2be2ee5c06b56f0324c6b75497fa9a0fdfd9210f	488	kept_existing				/scratch/10992/liaorunlong93/casp16-leaderboard/data/msa_cache/store/17/1784bf03d1dc24f560d1fc8d2be2ee5c06b56f0324c6b75497fa9a0fdfd9210f/paired.768ecae9d29dc438ccedf531f7ab0e818875dddeb0831fceed4cdbccd04f731c.a3m	true	141671	/scratch/10992/liaorunlong93/casp16-leaderboard/data/msa_cache/store/17/1784bf03d1dc24f560d1fc8d2be2ee5c06b56f0324c6b75497fa9a0fdfd9210f/unpaired.6a15684d5019bd94fdc68f7a7cad8cbf032180ee9416af2fc3d4fbef9f356cfb.a3m	true	11174	input_already_has_existing_msa_paths
T2257O	0	5086eea92d9c9d2061ad6cc5cb457130be7e8c06e0e05fc2a3916232a3ff07af	1263	kept_existing				/scratch/10992/liaorunlong93/casp16-leaderboard/data/msa_cache/store/50/5086eea92d9c9d2061ad6cc5cb457130be7e8c06e0e05fc2a3916232a3ff07af/paired.a054188ae99be274954888c8522daf3c4aa49d235f793104a4aaf71e2ee5bace.a3m	true	262661	/scratch/10992/liaorunlong93/casp16-leaderboard/data/msa_cache/store/50/5086eea92d9c9d2061ad6cc5cb457130be7e8c06e0e05fc2a3916232a3ff07af/unpaired.c9dcc502d54ff1861b5ab82613468f314bbf94f27cdc3f984c3158469ea0ef67.a3m	true	1297448	input_already_has_existing_msa_paths
T2259O	0	d731e42b2d04a71e9232375cd7e02f53221f63a4cebd24d61c77f63e651bfbf4	243	kept_existing				/scratch/10992/liaorunlong93/casp16-leaderboard/data/msa_cache/store/d7/d731e42b2d04a71e9232375cd7e02f53221f63a4cebd24d61c77f63e651bfbf4/paired.7b9442b02aae89500f75b7c6c2c02ff0073c35e76c7cd04339704fcc4cb1c6b8.a3m	true	490908	/scratch/10992/liaorunlong93/casp16-leaderboard/data/msa_cache/store/d7/d731e42b2d04a71e9232375cd7e02f53221f63a4cebd24d61c77f63e651bfbf4/unpaired.bfbbc72c4759703d489517e7d46450182382d188483b00f33c40afdd82a808a9.a3m	true	1664883	input_already_has_existing_msa_paths
T2270O	0	d51351185cba94dcf1e0094d9e6eb5f73068054305f5b020e467a221ebedccba	437	kept_existing				/scratch/10992/liaorunlong93/casp16-leaderboard/data/msa_cache/store/d5/d51351185cba94dcf1e0094d9e6eb5f73068054305f5b020e467a221ebedccba/paired.01370c7b4f0b8ee1b1f79af432343c5071ed0c3c32b655da198bc56e32f2b715.a3m	true	4353330	/scratch/10992/liaorunlong93/casp16-leaderboard/data/msa_cache/store/d5/d51351185cba94dcf1e0094d9e6eb5f73068054305f5b020e467a221ebedccba/unpaired.08d1652d7d1ffb5259266757b900923eca2ed2c45c64e1a2b2af0f863a0bf284.a3m	true	5333200	input_already_has_existing_msa_paths
H1213	0	90fba215d01f00d4812d10d522eabf6eb6ac5ad1b47bff72a7da973f769ce28d	330	kept_existing				/scratch/10992/liaorunlong93/casp16-leaderboard/data/msa_cache/store/90/90fba215d01f00d4812d10d522eabf6eb6ac5ad1b47bff72a7da973f769ce28d/paired.856ad368e7441f13eb59936f935c3e6246633a72e695af597670f498b4d79147.a3m	true	4539799	/scratch/10992/liaorunlong93/casp16-leaderboard/data/msa_cache/store/90/90fba215d01f00d4812d10d522eabf6eb6ac5ad1b47bff72a7da973f769ce28d/unpaired.125009ee9001148ba99f6e8d87a4b1d45a651f80c24a8e24da41eb070be6ee0c.a3m	true	4418874	input_already_has_existing_msa_paths
H1213	1	2fb2552497b497d799632783cbfd450a16df9e6fedb48d0385d4b6eb832c8ed5	61	kept_existing				/scratch/10992/liaorunlong93/casp16-leaderboard/data/msa_cache/store/2f/2fb2552497b497d799632783cbfd450a16df9e6fedb48d0385d4b6eb832c8ed5/paired.7d6584edcdc517fed4bb230586599bd3e463655925567482d1c69f7137a9fd08.a3m	true	164762	/scratch/10992/liaorunlong93/casp16-leaderboard/data/msa_cache/store/2f/2fb2552497b497d799632783cbfd450a16df9e6fedb48d0385d4b6eb832c8ed5/unpaired.2ae5d049bddcbfbe80bdb047ccee92581c31cca782b2d46fb7b50ef2ba439592.a3m	true	40212	input_already_has_existing_msa_paths
H1213	2	bc769e8d6b33b15fb848f9506696e659721dd4bc76ae673d61f5a8152365fc55	377	kept_existing				/scratch/10992/liaorunlong93/casp16-leaderboard/data/msa_cache/store/bc/bc769e8d6b33b15fb848f9506696e659721dd4bc76ae673d61f5a8152365fc55/paired.371fbdcc4566b775bfcb9a0834fde6c24b20af8b2a3fc5eebe5a9e21c4c15e65.a3m	true	4052833	/scratch/10992/liaorunlong93/casp16-leaderboard/data/msa_cache/store/bc/bc769e8d6b33b15fb848f9506696e659721dd4bc76ae673d61f5a8152365fc55/unpaired.db7196000526488984da84a7bdb1a97339487911d46184f6ef70d4c478fa882f.a3m	true	5664631	input_already_has_existing_msa_paths
H1213	3	660d76f9e39ceeaf131b59e277e62c5fba182b991d0b78ab3f88616fe1a9a5c2	282	kept_existing				/scratch/10992/liaorunlong93/casp16-leaderboard/data/msa_cache/store/66/660d76f9e39ceeaf131b59e277e62c5fba182b991d0b78ab3f88616fe1a9a5c2/paired.a65593d59e8e3e4d16acee0fe516184e971ae18cacf580b5527f92be9747b9e1.a3m	true	825946	/scratch/10992/liaorunlong93/casp16-leaderboard/data/msa_cache/store/66/660d76f9e39ceeaf131b59e277e62c5fba182b991d0b78ab3f88616fe1a9a5c2/unpaired.a4b3f913dd73e6524e7335a07d870570038e5ffb5a65c4859a2c867e2a0a9d9f.a3m	true	651270	input_already_has_existing_msa_paths
H1213	4	c100308d590d792b08f1cde4e1f4a838113bb56aa1caea51a3427e69c4cbf1a1	323	kept_existing				/scratch/10992/liaorunlong93/casp16-leaderboard/data/msa_cache/store/c1/c100308d590d792b08f1cde4e1f4a838113bb56aa1caea51a3427e69c4cbf1a1/paired.d5d46b9e32d0974f7ea7fb0766b43a8e6d2430887bc6a012eb93187c26f7da22.a3m	true	1742504	/scratch/10992/liaorunlong93/casp16-leaderboard/data/msa_cache/store/c1/c100308d590d792b08f1cde4e1f4a838113bb56aa1caea51a3427e69c4cbf1a1/unpaired.32406fab3d712c4b2bb7a7c0d6cfb19154aa96482171dd67097be096f9ae7d46.a3m	true	1477395	input_already_has_existing_msa_paths
H2213	0	90fba215d01f00d4812d10d522eabf6eb6ac5ad1b47bff72a7da973f769ce28d	330	kept_existing				/scratch/10992/liaorunlong93/casp16-leaderboard/data/msa_cache/store/90/90fba215d01f00d4812d10d522eabf6eb6ac5ad1b47bff72a7da973f769ce28d/paired.856ad368e7441f13eb59936f935c3e6246633a72e695af597670f498b4d79147.a3m	true	4539799	/scratch/10992/liaorunlong93/casp16-leaderboard/data/msa_cache/store/90/90fba215d01f00d4812d10d522eabf6eb6ac5ad1b47bff72a7da973f769ce28d/unpaired.125009ee9001148ba99f6e8d87a4b1d45a651f80c24a8e24da41eb070be6ee0c.a3m	true	4418874	input_already_has_existing_msa_paths
H2213	1	2fb2552497b497d799632783cbfd450a16df9e6fedb48d0385d4b6eb832c8ed5	61	kept_existing				/scratch/10992/liaorunlong93/casp16-leaderboard/data/msa_cache/store/2f/2fb2552497b497d799632783cbfd450a16df9e6fedb48d0385d4b6eb832c8ed5/paired.7d6584edcdc517fed4bb230586599bd3e463655925567482d1c69f7137a9fd08.a3m	true	164762	/scratch/10992/liaorunlong93/casp16-leaderboard/data/msa_cache/store/2f/2fb2552497b497d799632783cbfd450a16df9e6fedb48d0385d4b6eb832c8ed5/unpaired.2ae5d049bddcbfbe80bdb047ccee92581c31cca782b2d46fb7b50ef2ba439592.a3m	true	40212	input_already_has_existing_msa_paths
H2213	2	bc769e8d6b33b15fb848f9506696e659721dd4bc76ae673d61f5a8152365fc55	377	kept_existing				/scratch/10992/liaorunlong93/casp16-leaderboard/data/msa_cache/store/bc/bc769e8d6b33b15fb848f9506696e659721dd4bc76ae673d61f5a8152365fc55/paired.371fbdcc4566b775bfcb9a0834fde6c24b20af8b2a3fc5eebe5a9e21c4c15e65.a3m	true	4052833	/scratch/10992/liaorunlong93/casp16-leaderboard/data/msa_cache/store/bc/bc769e8d6b33b15fb848f9506696e659721dd4bc76ae673d61f5a8152365fc55/unpaired.db7196000526488984da84a7bdb1a97339487911d46184f6ef70d4c478fa882f.a3m	true	5664631	input_already_has_existing_msa_paths
H2213	3	660d76f9e39ceeaf131b59e277e62c5fba182b991d0b78ab3f88616fe1a9a5c2	282	kept_existing				/scratch/10992/liaorunlong93/casp16-leaderboard/data/msa_cache/store/66/660d76f9e39ceeaf131b59e277e62c5fba182b991d0b78ab3f88616fe1a9a5c2/paired.a65593d59e8e3e4d16acee0fe516184e971ae18cacf580b5527f92be9747b9e1.a3m	true	825946	/scratch/10992/liaorunlong93/casp16-leaderboard/data/msa_cache/store/66/660d76f9e39ceeaf131b59e277e62c5fba182b991d0b78ab3f88616fe1a9a5c2/unpaired.a4b3f913dd73e6524e7335a07d870570038e5ffb5a65c4859a2c867e2a0a9d9f.a3m	true	651270	input_already_has_existing_msa_paths
H2213	4	c100308d590d792b08f1cde4e1f4a838113bb56aa1caea51a3427e69c4cbf1a1	323	kept_existing				/scratch/10992/liaorunlong93/casp16-leaderboard/data/msa_cache/store/c1/c100308d590d792b08f1cde4e1f4a838113bb56aa1caea51a3427e69c4cbf1a1/paired.d5d46b9e32d0974f7ea7fb0766b43a8e6d2430887bc6a012eb93187c26f7da22.a3m	true	1742504	/scratch/10992/liaorunlong93/casp16-leaderboard/data/msa_cache/store/c1/c100308d590d792b08f1cde4e1f4a838113bb56aa1caea51a3427e69c4cbf1a1/unpaired.32406fab3d712c4b2bb7a7c0d6cfb19154aa96482171dd67097be096f9ae7d46.a3m	true	1477395	input_already_has_existing_msa_paths
T1212	0	cadaaf5c2f3f0aade5bdf2878c95c6df27a7e95b872d6cfc129667d51db3398e	466	kept_existing				/scratch/10992/liaorunlong93/casp16-leaderboard/data/msa_cache/store/ca/cadaaf5c2f3f0aade5bdf2878c95c6df27a7e95b872d6cfc129667d51db3398e/paired.fe5b6f58415e0243eab548331e70f5d646ee619c6d64354e999570255a7e3b56.a3m	true	2187218	/scratch/10992/liaorunlong93/casp16-leaderboard/data/msa_cache/store/ca/cadaaf5c2f3f0aade5bdf2878c95c6df27a7e95b872d6cfc129667d51db3398e/unpaired.cf99c22d1b4d57bbf41bc7e341b5a88319068e3310b9f0097a1a885fdeeb4c25.a3m	true	2726850	input_already_has_existing_msa_paths
T1228V2	0	f3c6f67c0ca1d6f2ebf6ce55012a755088627d39c82dfbf378d23bb09f5b79e0	545	kept_existing				/scratch/10992/liaorunlong93/casp16-leaderboard/data/msa_cache/store/f3/f3c6f67c0ca1d6f2ebf6ce55012a755088627d39c82dfbf378d23bb09f5b79e0/paired.e60db1f0b3879cef6c9528a723c970a9f045b3dbb73d3101629e51536b6c08ad.a3m	true	653484	/scratch/10992/liaorunlong93/casp16-leaderboard/data/msa_cache/store/f3/f3c6f67c0ca1d6f2ebf6ce55012a755088627d39c82dfbf378d23bb09f5b79e0/unpaired.ac01b59c3e4a7e1130e26a03aa325eb11f5b8ee7929394c67003a5296283404e.a3m	true	1206213	input_already_has_existing_msa_paths
T1239V2	0	f945ee17b79700c7bd55b58aa41a887f09f8fdc44cfba5afca9665b30b4592fe	620	kept_existing				/scratch/10992/liaorunlong93/casp16-leaderboard/data/msa_cache/store/f9/f945ee17b79700c7bd55b58aa41a887f09f8fdc44cfba5afca9665b30b4592fe/paired.b06413a165f3cae8ca069425c2ce545c7a931a1380d4bcec07560c85e66ac302.a3m	true	726521	/scratch/10992/liaorunlong93/casp16-leaderboard/data/msa_cache/store/f9/f945ee17b79700c7bd55b58aa41a887f09f8fdc44cfba5afca9665b30b4592fe/unpaired.8de6f8d3c3f6f2e2108706a80e565403f40ef0c98babfd115fe7cef5703fdecf.a3m	true	1359025	input_already_has_existing_msa_paths
T1294V2	0	cc04d5f77711605c99e2b4a841871f32a69f251aadee789cf49431092cf5f115	214	kept_existing				/scratch/10992/liaorunlong93/casp16-leaderboard/data/msa_cache/store/cc/cc04d5f77711605c99e2b4a841871f32a69f251aadee789cf49431092cf5f115/paired.ed952f74e7dc9f64441138ff878660f5e659fdff2b5951350d667d5841e4ed40.a3m	true	1068066	/scratch/10992/liaorunlong93/casp16-leaderboard/data/msa_cache/store/cc/cc04d5f77711605c99e2b4a841871f32a69f251aadee789cf49431092cf5f115/unpaired.dfed48142da210c597b6a43a5c0770e4fc55476af2590683ff6bd1be95ff265e.a3m	true	1378055	input_already_has_existing_msa_paths
