task_name	chain_index	sequence_sha256	sequence_len	status	source_run_id	source_task_name	source_json	paired_msa_path	paired_msa_exists	paired_msa_size	unpaired_msa_path	unpaired_msa_exists	unpaired_msa_size	message
T0235O	0	60828aeb55d92f67cd0a5163963debca946a1960214b919cc0de99bcd0c0ba13	115	reused	server_v2_protenix_yang_oligo_sequence_stoich_low_complexity_large_fallback_seed101	T0235	/scratch/10992/liaorunlong93/casp16-leaderboard/runs/server_v2_protenix_yang_oligo_sequence_stoich_low_complexity_large_fallback_seed101/inputs/inputs-update-msa.json	/scratch/10992/liaorunlong93/casp16-leaderboard/data/msa_cache/store/60/60828aeb55d92f67cd0a5163963debca946a1960214b919cc0de99bcd0c0ba13/paired.916ec02d85caa54aa5d2b22859c5a9df570a75a8e56278eee3f3d22e568ee004.a3m	true	308	/scratch/10992/liaorunlong93/casp16-leaderboard/data/msa_cache/store/60/60828aeb55d92f67cd0a5163963debca946a1960214b919cc0de99bcd0c0ba13/unpaired.d536a2f9acc6465c577ba2060b395140e7c3c0ca0b01bf596977ecc233e769b1.a3m	true	3161	exact_sequence_match
T1235O	0	60828aeb55d92f67cd0a5163963debca946a1960214b919cc0de99bcd0c0ba13	115	reused	server_v2_protenix_yang_oligo_sequence_stoich_low_complexity_large_fallback_seed101	T0235	/scratch/10992/liaorunlong93/casp16-leaderboard/runs/server_v2_protenix_yang_oligo_sequence_stoich_low_complexity_large_fallback_seed101/inputs/inputs-update-msa.json	/scratch/10992/liaorunlong93/casp16-leaderboard/data/msa_cache/store/60/60828aeb55d92f67cd0a5163963debca946a1960214b919cc0de99bcd0c0ba13/paired.916ec02d85caa54aa5d2b22859c5a9df570a75a8e56278eee3f3d22e568ee004.a3m	true	308	/scratch/10992/liaorunlong93/casp16-leaderboard/data/msa_cache/store/60/60828aeb55d92f67cd0a5163963debca946a1960214b919cc0de99bcd0c0ba13/unpaired.d536a2f9acc6465c577ba2060b395140e7c3c0ca0b01bf596977ecc233e769b1.a3m	true	3161	exact_sequence_match
T2235O	0	60828aeb55d92f67cd0a5163963debca946a1960214b919cc0de99bcd0c0ba13	115	reused	server_v2_protenix_yang_oligo_sequence_stoich_low_complexity_large_fallback_seed101	T0235	/scratch/10992/liaorunlong93/casp16-leaderboard/runs/server_v2_protenix_yang_oligo_sequence_stoich_low_complexity_large_fallback_seed101/inputs/inputs-update-msa.json	/scratch/10992/liaorunlong93/casp16-leaderboard/data/msa_cache/store/60/60828aeb55d92f67cd0a5163963debca946a1960214b919cc0de99bcd0c0ba13/paired.916ec02d85caa54aa5d2b22859c5a9df570a75a8e56278eee3f3d22e568ee004.a3m	true	308	/scratch/10992/liaorunlong93/casp16-leaderboard/data/msa_cache/store/60/60828aeb55d92f67cd0a5163963debca946a1960214b919cc0de99bcd0c0ba13/unpaired.d536a2f9acc6465c577ba2060b395140e7c3c0ca0b01bf596977ecc233e769b1.a3m	true	3161	exact_sequence_match
T0206O	0	f88188b8caba776501637651f3c41ab3b08bbc237761c098d25da0490332318a	237	reused	server_v2_protenix_yang_oligo_sequence_stoich_low_complexity_large_fallback_seed101	T0206	/scratch/10992/liaorunlong93/casp16-leaderboard/runs/server_v2_protenix_yang_oligo_sequence_stoich_low_complexity_large_fallback_seed101/inputs/inputs-update-msa.json	/scratch/10992/liaorunlong93/casp16-leaderboard/data/msa_cache/store/f8/f88188b8caba776501637651f3c41ab3b08bbc237761c098d25da0490332318a/paired.383974df59ba251679051b4eb019b7e08b3dbd13c2dd127def99037158e58d93.a3m	true	15063	/scratch/10992/liaorunlong93/casp16-leaderboard/data/msa_cache/store/f8/f88188b8caba776501637651f3c41ab3b08bbc237761c098d25da0490332318a/unpaired.3298e8f46eb3600e5e199738bbbdfd2f97a97ab14d5defb4c615df7ecefeeae0.a3m	true	2912	exact_sequence_match
T1206O	0	f88188b8caba776501637651f3c41ab3b08bbc237761c098d25da0490332318a	237	reused	server_v2_protenix_yang_oligo_sequence_stoich_low_complexity_large_fallback_seed101	T0206	/scratch/10992/liaorunlong93/casp16-leaderboard/runs/server_v2_protenix_yang_oligo_sequence_stoich_low_complexity_large_fallback_seed101/inputs/inputs-update-msa.json	/scratch/10992/liaorunlong93/casp16-leaderboard/data/msa_cache/store/f8/f88188b8caba776501637651f3c41ab3b08bbc237761c098d25da0490332318a/paired.383974df59ba251679051b4eb019b7e08b3dbd13c2dd127def99037158e58d93.a3m	true	15063	/scratch/10992/liaorunlong93/casp16-leaderboard/data/msa_cache/store/f8/f88188b8caba776501637651f3c41ab3b08bbc237761c098d25da0490332318a/unpaired.3298e8f46eb3600e5e199738bbbdfd2f97a97ab14d5defb4c615df7ecefeeae0.a3m	true	2912	exact_sequence_match
T2206O	0	f88188b8caba776501637651f3c41ab3b08bbc237761c098d25da0490332318a	237	reused	server_v2_protenix_yang_oligo_sequence_stoich_low_complexity_large_fallback_seed101	T0206	/scratch/10992/liaorunlong93/casp16-leaderboard/runs/server_v2_protenix_yang_oligo_sequence_stoich_low_complexity_large_fallback_seed101/inputs/inputs-update-msa.json	/scratch/10992/liaorunlong93/casp16-leaderboard/data/msa_cache/store/f8/f88188b8caba776501637651f3c41ab3b08bbc237761c098d25da0490332318a/paired.383974df59ba251679051b4eb019b7e08b3dbd13c2dd127def99037158e58d93.a3m	true	15063	/scratch/10992/liaorunlong93/casp16-leaderboard/data/msa_cache/store/f8/f88188b8caba776501637651f3c41ab3b08bbc237761c098d25da0490332318a/unpaired.3298e8f46eb3600e5e199738bbbdfd2f97a97ab14d5defb4c615df7ecefeeae0.a3m	true	2912	exact_sequence_match
H0225	0	75ab8f84ed0b168b539d68f17aba776825247684115c480b6669b9540bbbd99c	41	reused	server_v2_protenix_yang_oligo_sequence_stoich_low_complexity_large_fallback_seed101	H0222	/scratch/10992/liaorunlong93/casp16-leaderboard/runs/server_v2_protenix_yang_oligo_sequence_stoich_low_complexity_large_fallback_seed101/inputs/inputs-update-msa.json	/scratch/10992/liaorunlong93/casp16-leaderboard/data/msa_cache/store/75/75ab8f84ed0b168b539d68f17aba776825247684115c480b6669b9540bbbd99c/paired.7498fbe52cba67cb2dfa3c83eb9b6b41fafcd9fbbc45e7563c86aebe639024f2.a3m	true	14826	/scratch/10992/liaorunlong93/casp16-leaderboard/data/msa_cache/store/75/75ab8f84ed0b168b539d68f17aba776825247684115c480b6669b9540bbbd99c/unpaired.ca5e9b5384be4db85da2983f361a50dc98eac85465d2ce1041ea623ecd967a7b.a3m	true	1865	exact_sequence_match
H0225	1	54b9daaeab560c718b37965e1a451a261ba329d12c9f707ca1cf73766b47615a	124	reused	server_protenix_yang_antibody_fv_cleanup_seed101	H0225	/scratch/10992/liaorunlong93/casp16-leaderboard/runs/server_protenix_yang_antibody_fv_cleanup_seed101/inputs/inputs-update-msa.json	/scratch/10992/liaorunlong93/casp16-leaderboard/data/msa_cache/store/54/54b9daaeab560c718b37965e1a451a261ba329d12c9f707ca1cf73766b47615a/paired.52d2589161027b6f44f2ad647786e53755150baea83a2021efe0a204e6f851fe.a3m	true	1839774	/scratch/10992/liaorunlong93/casp16-leaderboard/data/msa_cache/store/54/54b9daaeab560c718b37965e1a451a261ba329d12c9f707ca1cf73766b47615a/unpaired.8134ab177cafba0c36d8fb0c823dc2aea26c72da369710982cf6fb5756386717.a3m	true	214788	exact_sequence_match
H0225	2	4b2f9cde447534034eda03e1c1df6cc896dc37e0245a5afb89b49278d6076d0e	107	reused	server_protenix_yang_antibody_fv_cleanup_seed101	H0225	/scratch/10992/liaorunlong93/casp16-leaderboard/runs/server_protenix_yang_antibody_fv_cleanup_seed101/inputs/inputs-update-msa.json	/scratch/10992/liaorunlong93/casp16-leaderboard/data/msa_cache/store/4b/4b2f9cde447534034eda03e1c1df6cc896dc37e0245a5afb89b49278d6076d0e/paired.1d1751573af5a8445b878ea4a341b9ad833792c7277b4d8cabafb28f734480f6.a3m	true	1692570	/scratch/10992/liaorunlong93/casp16-leaderboard/data/msa_cache/store/4b/4b2f9cde447534034eda03e1c1df6cc896dc37e0245a5afb89b49278d6076d0e/unpaired.fa273a62e456a9290268aa6b8ab437ab833cbea41b415e3fb2618db44e33aeaa.a3m	true	743141	exact_sequence_match
H1225	0	75ab8f84ed0b168b539d68f17aba776825247684115c480b6669b9540bbbd99c	41	reused	server_v2_protenix_yang_oligo_sequence_stoich_low_complexity_large_fallback_seed101	H0222	/scratch/10992/liaorunlong93/casp16-leaderboard/runs/server_v2_protenix_yang_oligo_sequence_stoich_low_complexity_large_fallback_seed101/inputs/inputs-update-msa.json	/scratch/10992/liaorunlong93/casp16-leaderboard/data/msa_cache/store/75/75ab8f84ed0b168b539d68f17aba776825247684115c480b6669b9540bbbd99c/paired.7498fbe52cba67cb2dfa3c83eb9b6b41fafcd9fbbc45e7563c86aebe639024f2.a3m	true	14826	/scratch/10992/liaorunlong93/casp16-leaderboard/data/msa_cache/store/75/75ab8f84ed0b168b539d68f17aba776825247684115c480b6669b9540bbbd99c/unpaired.ca5e9b5384be4db85da2983f361a50dc98eac85465d2ce1041ea623ecd967a7b.a3m	true	1865	exact_sequence_match
H1225	1	54b9daaeab560c718b37965e1a451a261ba329d12c9f707ca1cf73766b47615a	124	reused	server_protenix_yang_antibody_fv_cleanup_seed101	H0225	/scratch/10992/liaorunlong93/casp16-leaderboard/runs/server_protenix_yang_antibody_fv_cleanup_seed101/inputs/inputs-update-msa.json	/scratch/10992/liaorunlong93/casp16-leaderboard/data/msa_cache/store/54/54b9daaeab560c718b37965e1a451a261ba329d12c9f707ca1cf73766b47615a/paired.52d2589161027b6f44f2ad647786e53755150baea83a2021efe0a204e6f851fe.a3m	true	1839774	/scratch/10992/liaorunlong93/casp16-leaderboard/data/msa_cache/store/54/54b9daaeab560c718b37965e1a451a261ba329d12c9f707ca1cf73766b47615a/unpaired.8134ab177cafba0c36d8fb0c823dc2aea26c72da369710982cf6fb5756386717.a3m	true	214788	exact_sequence_match
H1225	2	4b2f9cde447534034eda03e1c1df6cc896dc37e0245a5afb89b49278d6076d0e	107	reused	server_protenix_yang_antibody_fv_cleanup_seed101	H0225	/scratch/10992/liaorunlong93/casp16-leaderboard/runs/server_protenix_yang_antibody_fv_cleanup_seed101/inputs/inputs-update-msa.json	/scratch/10992/liaorunlong93/casp16-leaderboard/data/msa_cache/store/4b/4b2f9cde447534034eda03e1c1df6cc896dc37e0245a5afb89b49278d6076d0e/paired.1d1751573af5a8445b878ea4a341b9ad833792c7277b4d8cabafb28f734480f6.a3m	true	1692570	/scratch/10992/liaorunlong93/casp16-leaderboard/data/msa_cache/store/4b/4b2f9cde447534034eda03e1c1df6cc896dc37e0245a5afb89b49278d6076d0e/unpaired.fa273a62e456a9290268aa6b8ab437ab833cbea41b415e3fb2618db44e33aeaa.a3m	true	743141	exact_sequence_match
H2225	0	75ab8f84ed0b168b539d68f17aba776825247684115c480b6669b9540bbbd99c	41	reused	server_v2_protenix_yang_oligo_sequence_stoich_low_complexity_large_fallback_seed101	H0222	/scratch/10992/liaorunlong93/casp16-leaderboard/runs/server_v2_protenix_yang_oligo_sequence_stoich_low_complexity_large_fallback_seed101/inputs/inputs-update-msa.json	/scratch/10992/liaorunlong93/casp16-leaderboard/data/msa_cache/store/75/75ab8f84ed0b168b539d68f17aba776825247684115c480b6669b9540bbbd99c/paired.7498fbe52cba67cb2dfa3c83eb9b6b41fafcd9fbbc45e7563c86aebe639024f2.a3m	true	14826	/scratch/10992/liaorunlong93/casp16-leaderboard/data/msa_cache/store/75/75ab8f84ed0b168b539d68f17aba776825247684115c480b6669b9540bbbd99c/unpaired.ca5e9b5384be4db85da2983f361a50dc98eac85465d2ce1041ea623ecd967a7b.a3m	true	1865	exact_sequence_match
H2225	1	54b9daaeab560c718b37965e1a451a261ba329d12c9f707ca1cf73766b47615a	124	reused	server_protenix_yang_antibody_fv_cleanup_seed101	H0225	/scratch/10992/liaorunlong93/casp16-leaderboard/runs/server_protenix_yang_antibody_fv_cleanup_seed101/inputs/inputs-update-msa.json	/scratch/10992/liaorunlong93/casp16-leaderboard/data/msa_cache/store/54/54b9daaeab560c718b37965e1a451a261ba329d12c9f707ca1cf73766b47615a/paired.52d2589161027b6f44f2ad647786e53755150baea83a2021efe0a204e6f851fe.a3m	true	1839774	/scratch/10992/liaorunlong93/casp16-leaderboard/data/msa_cache/store/54/54b9daaeab560c718b37965e1a451a261ba329d12c9f707ca1cf73766b47615a/unpaired.8134ab177cafba0c36d8fb0c823dc2aea26c72da369710982cf6fb5756386717.a3m	true	214788	exact_sequence_match
H2225	2	4b2f9cde447534034eda03e1c1df6cc896dc37e0245a5afb89b49278d6076d0e	107	reused	server_protenix_yang_antibody_fv_cleanup_seed101	H0225	/scratch/10992/liaorunlong93/casp16-leaderboard/runs/server_protenix_yang_antibody_fv_cleanup_seed101/inputs/inputs-update-msa.json	/scratch/10992/liaorunlong93/casp16-leaderboard/data/msa_cache/store/4b/4b2f9cde447534034eda03e1c1df6cc896dc37e0245a5afb89b49278d6076d0e/paired.1d1751573af5a8445b878ea4a341b9ad833792c7277b4d8cabafb28f734480f6.a3m	true	1692570	/scratch/10992/liaorunlong93/casp16-leaderboard/data/msa_cache/store/4b/4b2f9cde447534034eda03e1c1df6cc896dc37e0245a5afb89b49278d6076d0e/unpaired.fa273a62e456a9290268aa6b8ab437ab833cbea41b415e3fb2618db44e33aeaa.a3m	true	743141	exact_sequence_match
H0223	0	75ab8f84ed0b168b539d68f17aba776825247684115c480b6669b9540bbbd99c	41	reused	server_v2_protenix_yang_oligo_sequence_stoich_low_complexity_large_fallback_seed101	H0222	/scratch/10992/liaorunlong93/casp16-leaderboard/runs/server_v2_protenix_yang_oligo_sequence_stoich_low_complexity_large_fallback_seed101/inputs/inputs-update-msa.json	/scratch/10992/liaorunlong93/casp16-leaderboard/data/msa_cache/store/75/75ab8f84ed0b168b539d68f17aba776825247684115c480b6669b9540bbbd99c/paired.7498fbe52cba67cb2dfa3c83eb9b6b41fafcd9fbbc45e7563c86aebe639024f2.a3m	true	14826	/scratch/10992/liaorunlong93/casp16-leaderboard/data/msa_cache/store/75/75ab8f84ed0b168b539d68f17aba776825247684115c480b6669b9540bbbd99c/unpaired.ca5e9b5384be4db85da2983f361a50dc98eac85465d2ce1041ea623ecd967a7b.a3m	true	1865	exact_sequence_match
H0223	1	fd8b86decbf0181d0019bfdbe6ed9ba328f4b6cc2e413aaecf7c7cbdb7129cf5	124	reused	server_protenix_yang_antibody_fv_cleanup_seed101	H0223	/scratch/10992/liaorunlong93/casp16-leaderboard/runs/server_protenix_yang_antibody_fv_cleanup_seed101/inputs/inputs-update-msa.json	/scratch/10992/liaorunlong93/casp16-leaderboard/data/msa_cache/store/fd/fd8b86decbf0181d0019bfdbe6ed9ba328f4b6cc2e413aaecf7c7cbdb7129cf5/paired.9040ffe05d60d11dc0c05b52801c53a55f2c236e1716a8f5aa2e1a08c47dc157.a3m	true	1869024	/scratch/10992/liaorunlong93/casp16-leaderboard/data/msa_cache/store/fd/fd8b86decbf0181d0019bfdbe6ed9ba328f4b6cc2e413aaecf7c7cbdb7129cf5/unpaired.6a60a90d6bff0728651b49759770fca84f45d41a7606cefc98d00bed8597293e.a3m	true	217088	exact_sequence_match
H0223	2	c281d997119ad73a18b49587d64a6dc93e595d54037d560cecd0fdb9a97e0139	108	reused	server_protenix_yang_antibody_fv_cleanup_seed101	H0223	/scratch/10992/liaorunlong93/casp16-leaderboard/runs/server_protenix_yang_antibody_fv_cleanup_seed101/inputs/inputs-update-msa.json	/scratch/10992/liaorunlong93/casp16-leaderboard/data/msa_cache/store/c2/c281d997119ad73a18b49587d64a6dc93e595d54037d560cecd0fdb9a97e0139/paired.a42acf46751bd2e9c846d185d2b126750d5638c2f6721089bf71b6d159a6aaa0.a3m	true	1588901	/scratch/10992/liaorunlong93/casp16-leaderboard/data/msa_cache/store/c2/c281d997119ad73a18b49587d64a6dc93e595d54037d560cecd0fdb9a97e0139/unpaired.302ccb4c0f6b8e0263a5000d5a0b0c5646df5b2fdc4ba9aecbb92f7e33ffc34f.a3m	true	556718	exact_sequence_match
H1223	0	75ab8f84ed0b168b539d68f17aba776825247684115c480b6669b9540bbbd99c	41	reused	server_v2_protenix_yang_oligo_sequence_stoich_low_complexity_large_fallback_seed101	H0222	/scratch/10992/liaorunlong93/casp16-leaderboard/runs/server_v2_protenix_yang_oligo_sequence_stoich_low_complexity_large_fallback_seed101/inputs/inputs-update-msa.json	/scratch/10992/liaorunlong93/casp16-leaderboard/data/msa_cache/store/75/75ab8f84ed0b168b539d68f17aba776825247684115c480b6669b9540bbbd99c/paired.7498fbe52cba67cb2dfa3c83eb9b6b41fafcd9fbbc45e7563c86aebe639024f2.a3m	true	14826	/scratch/10992/liaorunlong93/casp16-leaderboard/data/msa_cache/store/75/75ab8f84ed0b168b539d68f17aba776825247684115c480b6669b9540bbbd99c/unpaired.ca5e9b5384be4db85da2983f361a50dc98eac85465d2ce1041ea623ecd967a7b.a3m	true	1865	exact_sequence_match
H1223	1	fd8b86decbf0181d0019bfdbe6ed9ba328f4b6cc2e413aaecf7c7cbdb7129cf5	124	reused	server_protenix_yang_antibody_fv_cleanup_seed101	H0223	/scratch/10992/liaorunlong93/casp16-leaderboard/runs/server_protenix_yang_antibody_fv_cleanup_seed101/inputs/inputs-update-msa.json	/scratch/10992/liaorunlong93/casp16-leaderboard/data/msa_cache/store/fd/fd8b86decbf0181d0019bfdbe6ed9ba328f4b6cc2e413aaecf7c7cbdb7129cf5/paired.9040ffe05d60d11dc0c05b52801c53a55f2c236e1716a8f5aa2e1a08c47dc157.a3m	true	1869024	/scratch/10992/liaorunlong93/casp16-leaderboard/data/msa_cache/store/fd/fd8b86decbf0181d0019bfdbe6ed9ba328f4b6cc2e413aaecf7c7cbdb7129cf5/unpaired.6a60a90d6bff0728651b49759770fca84f45d41a7606cefc98d00bed8597293e.a3m	true	217088	exact_sequence_match
H1223	2	c281d997119ad73a18b49587d64a6dc93e595d54037d560cecd0fdb9a97e0139	108	reused	server_protenix_yang_antibody_fv_cleanup_seed101	H0223	/scratch/10992/liaorunlong93/casp16-leaderboard/runs/server_protenix_yang_antibody_fv_cleanup_seed101/inputs/inputs-update-msa.json	/scratch/10992/liaorunlong93/casp16-leaderboard/data/msa_cache/store/c2/c281d997119ad73a18b49587d64a6dc93e595d54037d560cecd0fdb9a97e0139/paired.a42acf46751bd2e9c846d185d2b126750d5638c2f6721089bf71b6d159a6aaa0.a3m	true	1588901	/scratch/10992/liaorunlong93/casp16-leaderboard/data/msa_cache/store/c2/c281d997119ad73a18b49587d64a6dc93e595d54037d560cecd0fdb9a97e0139/unpaired.302ccb4c0f6b8e0263a5000d5a0b0c5646df5b2fdc4ba9aecbb92f7e33ffc34f.a3m	true	556718	exact_sequence_match
H2223	0	75ab8f84ed0b168b539d68f17aba776825247684115c480b6669b9540bbbd99c	41	reused	server_v2_protenix_yang_oligo_sequence_stoich_low_complexity_large_fallback_seed101	H0222	/scratch/10992/liaorunlong93/casp16-leaderboard/runs/server_v2_protenix_yang_oligo_sequence_stoich_low_complexity_large_fallback_seed101/inputs/inputs-update-msa.json	/scratch/10992/liaorunlong93/casp16-leaderboard/data/msa_cache/store/75/75ab8f84ed0b168b539d68f17aba776825247684115c480b6669b9540bbbd99c/paired.7498fbe52cba67cb2dfa3c83eb9b6b41fafcd9fbbc45e7563c86aebe639024f2.a3m	true	14826	/scratch/10992/liaorunlong93/casp16-leaderboard/data/msa_cache/store/75/75ab8f84ed0b168b539d68f17aba776825247684115c480b6669b9540bbbd99c/unpaired.ca5e9b5384be4db85da2983f361a50dc98eac85465d2ce1041ea623ecd967a7b.a3m	true	1865	exact_sequence_match
H2223	1	fd8b86decbf0181d0019bfdbe6ed9ba328f4b6cc2e413aaecf7c7cbdb7129cf5	124	reused	server_protenix_yang_antibody_fv_cleanup_seed101	H0223	/scratch/10992/liaorunlong93/casp16-leaderboard/runs/server_protenix_yang_antibody_fv_cleanup_seed101/inputs/inputs-update-msa.json	/scratch/10992/liaorunlong93/casp16-leaderboard/data/msa_cache/store/fd/fd8b86decbf0181d0019bfdbe6ed9ba328f4b6cc2e413aaecf7c7cbdb7129cf5/paired.9040ffe05d60d11dc0c05b52801c53a55f2c236e1716a8f5aa2e1a08c47dc157.a3m	true	1869024	/scratch/10992/liaorunlong93/casp16-leaderboard/data/msa_cache/store/fd/fd8b86decbf0181d0019bfdbe6ed9ba328f4b6cc2e413aaecf7c7cbdb7129cf5/unpaired.6a60a90d6bff0728651b49759770fca84f45d41a7606cefc98d00bed8597293e.a3m	true	217088	exact_sequence_match
H2223	2	c281d997119ad73a18b49587d64a6dc93e595d54037d560cecd0fdb9a97e0139	108	reused	server_protenix_yang_antibody_fv_cleanup_seed101	H0223	/scratch/10992/liaorunlong93/casp16-leaderboard/runs/server_protenix_yang_antibody_fv_cleanup_seed101/inputs/inputs-update-msa.json	/scratch/10992/liaorunlong93/casp16-leaderboard/data/msa_cache/store/c2/c281d997119ad73a18b49587d64a6dc93e595d54037d560cecd0fdb9a97e0139/paired.a42acf46751bd2e9c846d185d2b126750d5638c2f6721089bf71b6d159a6aaa0.a3m	true	1588901	/scratch/10992/liaorunlong93/casp16-leaderboard/data/msa_cache/store/c2/c281d997119ad73a18b49587d64a6dc93e595d54037d560cecd0fdb9a97e0139/unpaired.302ccb4c0f6b8e0263a5000d5a0b0c5646df5b2fdc4ba9aecbb92f7e33ffc34f.a3m	true	556718	exact_sequence_match
H0222	0	75ab8f84ed0b168b539d68f17aba776825247684115c480b6669b9540bbbd99c	41	reused	server_v2_protenix_yang_oligo_sequence_stoich_low_complexity_large_fallback_seed101	H0222	/scratch/10992/liaorunlong93/casp16-leaderboard/runs/server_v2_protenix_yang_oligo_sequence_stoich_low_complexity_large_fallback_seed101/inputs/inputs-update-msa.json	/scratch/10992/liaorunlong93/casp16-leaderboard/data/msa_cache/store/75/75ab8f84ed0b168b539d68f17aba776825247684115c480b6669b9540bbbd99c/paired.7498fbe52cba67cb2dfa3c83eb9b6b41fafcd9fbbc45e7563c86aebe639024f2.a3m	true	14826	/scratch/10992/liaorunlong93/casp16-leaderboard/data/msa_cache/store/75/75ab8f84ed0b168b539d68f17aba776825247684115c480b6669b9540bbbd99c/unpaired.ca5e9b5384be4db85da2983f361a50dc98eac85465d2ce1041ea623ecd967a7b.a3m	true	1865	exact_sequence_match
H0222	1	49fa8d9bb2fde2e64eb4f7f22c9470b2dda6fa20dff0c6ca4ed8971a22b465ff	121	reused	server_protenix_yang_antibody_fv_cleanup_seed101	H0222	/scratch/10992/liaorunlong93/casp16-leaderboard/runs/server_protenix_yang_antibody_fv_cleanup_seed101/inputs/inputs-update-msa.json	/scratch/10992/liaorunlong93/casp16-leaderboard/data/msa_cache/store/49/49fa8d9bb2fde2e64eb4f7f22c9470b2dda6fa20dff0c6ca4ed8971a22b465ff/paired.37e63176c43ff94985dfd03f1d49bb5b61f2db72450c30a1c9e17c62c64e4df1.a3m	true	1759057	/scratch/10992/liaorunlong93/casp16-leaderboard/data/msa_cache/store/49/49fa8d9bb2fde2e64eb4f7f22c9470b2dda6fa20dff0c6ca4ed8971a22b465ff/unpaired.54f92c2e17a550badb97a4961758d605cebb853fd70d7f78698b832a3738a3e1.a3m	true	232581	exact_sequence_match
H0222	2	06af75f66d1b073fc39c7c079e21387c46994c1743a5a925839ed79da839a8b3	112	reused	server_protenix_yang_antibody_fv_cleanup_seed101	H0222	/scratch/10992/liaorunlong93/casp16-leaderboard/runs/server_protenix_yang_antibody_fv_cleanup_seed101/inputs/inputs-update-msa.json	/scratch/10992/liaorunlong93/casp16-leaderboard/data/msa_cache/store/06/06af75f66d1b073fc39c7c079e21387c46994c1743a5a925839ed79da839a8b3/paired.503859b5b4d3f0a8943e64c83d9fd817e26433b2563f73259435f39ec47eaead.a3m	true	1532274	/scratch/10992/liaorunlong93/casp16-leaderboard/data/msa_cache/store/06/06af75f66d1b073fc39c7c079e21387c46994c1743a5a925839ed79da839a8b3/unpaired.a424b725e5a07e2beb605684be68d74295dfe647554f14f4a99b5525342411ba.a3m	true	507646	exact_sequence_match
H1222	0	75ab8f84ed0b168b539d68f17aba776825247684115c480b6669b9540bbbd99c	41	reused	server_v2_protenix_yang_oligo_sequence_stoich_low_complexity_large_fallback_seed101	H0222	/scratch/10992/liaorunlong93/casp16-leaderboard/runs/server_v2_protenix_yang_oligo_sequence_stoich_low_complexity_large_fallback_seed101/inputs/inputs-update-msa.json	/scratch/10992/liaorunlong93/casp16-leaderboard/data/msa_cache/store/75/75ab8f84ed0b168b539d68f17aba776825247684115c480b6669b9540bbbd99c/paired.7498fbe52cba67cb2dfa3c83eb9b6b41fafcd9fbbc45e7563c86aebe639024f2.a3m	true	14826	/scratch/10992/liaorunlong93/casp16-leaderboard/data/msa_cache/store/75/75ab8f84ed0b168b539d68f17aba776825247684115c480b6669b9540bbbd99c/unpaired.ca5e9b5384be4db85da2983f361a50dc98eac85465d2ce1041ea623ecd967a7b.a3m	true	1865	exact_sequence_match
H1222	1	49fa8d9bb2fde2e64eb4f7f22c9470b2dda6fa20dff0c6ca4ed8971a22b465ff	121	reused	server_protenix_yang_antibody_fv_cleanup_seed101	H0222	/scratch/10992/liaorunlong93/casp16-leaderboard/runs/server_protenix_yang_antibody_fv_cleanup_seed101/inputs/inputs-update-msa.json	/scratch/10992/liaorunlong93/casp16-leaderboard/data/msa_cache/store/49/49fa8d9bb2fde2e64eb4f7f22c9470b2dda6fa20dff0c6ca4ed8971a22b465ff/paired.37e63176c43ff94985dfd03f1d49bb5b61f2db72450c30a1c9e17c62c64e4df1.a3m	true	1759057	/scratch/10992/liaorunlong93/casp16-leaderboard/data/msa_cache/store/49/49fa8d9bb2fde2e64eb4f7f22c9470b2dda6fa20dff0c6ca4ed8971a22b465ff/unpaired.54f92c2e17a550badb97a4961758d605cebb853fd70d7f78698b832a3738a3e1.a3m	true	232581	exact_sequence_match
H1222	2	06af75f66d1b073fc39c7c079e21387c46994c1743a5a925839ed79da839a8b3	112	reused	server_protenix_yang_antibody_fv_cleanup_seed101	H0222	/scratch/10992/liaorunlong93/casp16-leaderboard/runs/server_protenix_yang_antibody_fv_cleanup_seed101/inputs/inputs-update-msa.json	/scratch/10992/liaorunlong93/casp16-leaderboard/data/msa_cache/store/06/06af75f66d1b073fc39c7c079e21387c46994c1743a5a925839ed79da839a8b3/paired.503859b5b4d3f0a8943e64c83d9fd817e26433b2563f73259435f39ec47eaead.a3m	true	1532274	/scratch/10992/liaorunlong93/casp16-leaderboard/data/msa_cache/store/06/06af75f66d1b073fc39c7c079e21387c46994c1743a5a925839ed79da839a8b3/unpaired.a424b725e5a07e2beb605684be68d74295dfe647554f14f4a99b5525342411ba.a3m	true	507646	exact_sequence_match
H2222	0	75ab8f84ed0b168b539d68f17aba776825247684115c480b6669b9540bbbd99c	41	reused	server_v2_protenix_yang_oligo_sequence_stoich_low_complexity_large_fallback_seed101	H0222	/scratch/10992/liaorunlong93/casp16-leaderboard/runs/server_v2_protenix_yang_oligo_sequence_stoich_low_complexity_large_fallback_seed101/inputs/inputs-update-msa.json	/scratch/10992/liaorunlong93/casp16-leaderboard/data/msa_cache/store/75/75ab8f84ed0b168b539d68f17aba776825247684115c480b6669b9540bbbd99c/paired.7498fbe52cba67cb2dfa3c83eb9b6b41fafcd9fbbc45e7563c86aebe639024f2.a3m	true	14826	/scratch/10992/liaorunlong93/casp16-leaderboard/data/msa_cache/store/75/75ab8f84ed0b168b539d68f17aba776825247684115c480b6669b9540bbbd99c/unpaired.ca5e9b5384be4db85da2983f361a50dc98eac85465d2ce1041ea623ecd967a7b.a3m	true	1865	exact_sequence_match
H2222	1	49fa8d9bb2fde2e64eb4f7f22c9470b2dda6fa20dff0c6ca4ed8971a22b465ff	121	reused	server_protenix_yang_antibody_fv_cleanup_seed101	H0222	/scratch/10992/liaorunlong93/casp16-leaderboard/runs/server_protenix_yang_antibody_fv_cleanup_seed101/inputs/inputs-update-msa.json	/scratch/10992/liaorunlong93/casp16-leaderboard/data/msa_cache/store/49/49fa8d9bb2fde2e64eb4f7f22c9470b2dda6fa20dff0c6ca4ed8971a22b465ff/paired.37e63176c43ff94985dfd03f1d49bb5b61f2db72450c30a1c9e17c62c64e4df1.a3m	true	1759057	/scratch/10992/liaorunlong93/casp16-leaderboard/data/msa_cache/store/49/49fa8d9bb2fde2e64eb4f7f22c9470b2dda6fa20dff0c6ca4ed8971a22b465ff/unpaired.54f92c2e17a550badb97a4961758d605cebb853fd70d7f78698b832a3738a3e1.a3m	true	232581	exact_sequence_match
H2222	2	06af75f66d1b073fc39c7c079e21387c46994c1743a5a925839ed79da839a8b3	112	reused	server_protenix_yang_antibody_fv_cleanup_seed101	H0222	/scratch/10992/liaorunlong93/casp16-leaderboard/runs/server_protenix_yang_antibody_fv_cleanup_seed101/inputs/inputs-update-msa.json	/scratch/10992/liaorunlong93/casp16-leaderboard/data/msa_cache/store/06/06af75f66d1b073fc39c7c079e21387c46994c1743a5a925839ed79da839a8b3/paired.503859b5b4d3f0a8943e64c83d9fd817e26433b2563f73259435f39ec47eaead.a3m	true	1532274	/scratch/10992/liaorunlong93/casp16-leaderboard/data/msa_cache/store/06/06af75f66d1b073fc39c7c079e21387c46994c1743a5a925839ed79da839a8b3/unpaired.a424b725e5a07e2beb605684be68d74295dfe647554f14f4a99b5525342411ba.a3m	true	507646	exact_sequence_match
H1202	0	ff2c2577cd30c10d447d43413226eec88351e6e1e61c534e16a36d26a56023dc	69	reused	server_v2_protenix_yang_oligo_sequence_stoich_low_complexity_large_fallback_seed101	H1202	/scratch/10992/liaorunlong93/casp16-leaderboard/runs/server_v2_protenix_yang_oligo_sequence_stoich_low_complexity_large_fallback_seed101/inputs/inputs-update-msa.json	/scratch/10992/liaorunlong93/casp16-leaderboard/data/msa_cache/store/ff/ff2c2577cd30c10d447d43413226eec88351e6e1e61c534e16a36d26a56023dc/paired.a1cfa208f5b17bbf6a70a0394394a0362ab08e84373e127e250382c8b578caf6.a3m	true	59056	/scratch/10992/liaorunlong93/casp16-leaderboard/data/msa_cache/store/ff/ff2c2577cd30c10d447d43413226eec88351e6e1e61c534e16a36d26a56023dc/unpaired.0b723f03dba642f74cc376c2cb0ebe9b17cffda67cc9408a855695bc4d4f7482.a3m	true	47696	exact_sequence_match
H1202	1	3821d338631ceb79b52db75ecdff2f1d2e55fa1c9b1b11aba1bee88590c392bb	121	reused	server_v2_protenix_yang_oligo_sequence_stoich_low_complexity_large_fallback_seed101	H1202	/scratch/10992/liaorunlong93/casp16-leaderboard/runs/server_v2_protenix_yang_oligo_sequence_stoich_low_complexity_large_fallback_seed101/inputs/inputs-update-msa.json	/scratch/10992/liaorunlong93/casp16-leaderboard/data/msa_cache/store/38/3821d338631ceb79b52db75ecdff2f1d2e55fa1c9b1b11aba1bee88590c392bb/paired.0757726c07ff4e5098a5ee228e7583691a3008a0cfc74cbe57122fa9a3dc4c46.a3m	true	971798	/scratch/10992/liaorunlong93/casp16-leaderboard/data/msa_cache/store/38/3821d338631ceb79b52db75ecdff2f1d2e55fa1c9b1b11aba1bee88590c392bb/unpaired.eb4bfb39c2fbcd0c6a919ea36049ef6caf4db13dacfde0d6fd9682f35192d2d3.a3m	true	381270	exact_sequence_match
H2202	0	ff2c2577cd30c10d447d43413226eec88351e6e1e61c534e16a36d26a56023dc	69	reused	server_v2_protenix_yang_oligo_sequence_stoich_low_complexity_large_fallback_seed101	H1202	/scratch/10992/liaorunlong93/casp16-leaderboard/runs/server_v2_protenix_yang_oligo_sequence_stoich_low_complexity_large_fallback_seed101/inputs/inputs-update-msa.json	/scratch/10992/liaorunlong93/casp16-leaderboard/data/msa_cache/store/ff/ff2c2577cd30c10d447d43413226eec88351e6e1e61c534e16a36d26a56023dc/paired.a1cfa208f5b17bbf6a70a0394394a0362ab08e84373e127e250382c8b578caf6.a3m	true	59056	/scratch/10992/liaorunlong93/casp16-leaderboard/data/msa_cache/store/ff/ff2c2577cd30c10d447d43413226eec88351e6e1e61c534e16a36d26a56023dc/unpaired.0b723f03dba642f74cc376c2cb0ebe9b17cffda67cc9408a855695bc4d4f7482.a3m	true	47696	exact_sequence_match
H2202	1	3821d338631ceb79b52db75ecdff2f1d2e55fa1c9b1b11aba1bee88590c392bb	121	reused	server_v2_protenix_yang_oligo_sequence_stoich_low_complexity_large_fallback_seed101	H1202	/scratch/10992/liaorunlong93/casp16-leaderboard/runs/server_v2_protenix_yang_oligo_sequence_stoich_low_complexity_large_fallback_seed101/inputs/inputs-update-msa.json	/scratch/10992/liaorunlong93/casp16-leaderboard/data/msa_cache/store/38/3821d338631ceb79b52db75ecdff2f1d2e55fa1c9b1b11aba1bee88590c392bb/paired.0757726c07ff4e5098a5ee228e7583691a3008a0cfc74cbe57122fa9a3dc4c46.a3m	true	971798	/scratch/10992/liaorunlong93/casp16-leaderboard/data/msa_cache/store/38/3821d338631ceb79b52db75ecdff2f1d2e55fa1c9b1b11aba1bee88590c392bb/unpaired.eb4bfb39c2fbcd0c6a919ea36049ef6caf4db13dacfde0d6fd9682f35192d2d3.a3m	true	381270	exact_sequence_match
T1201O	0	a6269a72401e03d5ecbdfeee6984f548e56425fbd8de3dc18db502b5f3f099ab	204	reused	server_v2_protenix_yang_oligo_sequence_stoich_low_complexity_large_fallback_seed101	T1201	/scratch/10992/liaorunlong93/casp16-leaderboard/runs/server_v2_protenix_yang_oligo_sequence_stoich_low_complexity_large_fallback_seed101/inputs/inputs-update-msa.json	/scratch/10992/liaorunlong93/casp16-leaderboard/data/msa_cache/store/a6/a6269a72401e03d5ecbdfeee6984f548e56425fbd8de3dc18db502b5f3f099ab/paired.ff9767888d136af626b6149df7df2608222c32eb2e9628c2ccfdb45d08caa9ba.a3m	true	143439	/scratch/10992/liaorunlong93/casp16-leaderboard/data/msa_cache/store/a6/a6269a72401e03d5ecbdfeee6984f548e56425fbd8de3dc18db502b5f3f099ab/unpaired.773357926ff97645b451b04a224fe6606d459d51ba6bf316ca0ed5ffcc7b3165.a3m	true	145586	exact_sequence_match
T2201O	0	a6269a72401e03d5ecbdfeee6984f548e56425fbd8de3dc18db502b5f3f099ab	204	reused	server_v2_protenix_yang_oligo_sequence_stoich_low_complexity_large_fallback_seed101	T1201	/scratch/10992/liaorunlong93/casp16-leaderboard/runs/server_v2_protenix_yang_oligo_sequence_stoich_low_complexity_large_fallback_seed101/inputs/inputs-update-msa.json	/scratch/10992/liaorunlong93/casp16-leaderboard/data/msa_cache/store/a6/a6269a72401e03d5ecbdfeee6984f548e56425fbd8de3dc18db502b5f3f099ab/paired.ff9767888d136af626b6149df7df2608222c32eb2e9628c2ccfdb45d08caa9ba.a3m	true	143439	/scratch/10992/liaorunlong93/casp16-leaderboard/data/msa_cache/store/a6/a6269a72401e03d5ecbdfeee6984f548e56425fbd8de3dc18db502b5f3f099ab/unpaired.773357926ff97645b451b04a224fe6606d459d51ba6bf316ca0ed5ffcc7b3165.a3m	true	145586	exact_sequence_match
T0234O	0	92e0ae5ec6bea77badf08dafbd68178a36fa7245a33b543b0ae70828eb29699e	413	reused	server_v2_protenix_yang_oligo_sequence_stoich_low_complexity_large_fallback_seed101	T0234	/scratch/10992/liaorunlong93/casp16-leaderboard/runs/server_v2_protenix_yang_oligo_sequence_stoich_low_complexity_large_fallback_seed101/inputs/inputs-update-msa.json	/scratch/10992/liaorunlong93/casp16-leaderboard/data/msa_cache/store/92/92e0ae5ec6bea77badf08dafbd68178a36fa7245a33b543b0ae70828eb29699e/paired.15314eead58e4c97d60bd4f95d3ec7dd0853319910faa090274c6fc62960f0ed.a3m	true	5383	/scratch/10992/liaorunlong93/casp16-leaderboard/data/msa_cache/store/92/92e0ae5ec6bea77badf08dafbd68178a36fa7245a33b543b0ae70828eb29699e/unpaired.e4215bceb45b774c457385f90559faf2576275875ae0d30e8e5ed3c5f3dc27dd.a3m	true	16680	exact_sequence_match
T1234O	0	92e0ae5ec6bea77badf08dafbd68178a36fa7245a33b543b0ae70828eb29699e	413	reused	server_v2_protenix_yang_oligo_sequence_stoich_low_complexity_large_fallback_seed101	T0234	/scratch/10992/liaorunlong93/casp16-leaderboard/runs/server_v2_protenix_yang_oligo_sequence_stoich_low_complexity_large_fallback_seed101/inputs/inputs-update-msa.json	/scratch/10992/liaorunlong93/casp16-leaderboard/data/msa_cache/store/92/92e0ae5ec6bea77badf08dafbd68178a36fa7245a33b543b0ae70828eb29699e/paired.15314eead58e4c97d60bd4f95d3ec7dd0853319910faa090274c6fc62960f0ed.a3m	true	5383	/scratch/10992/liaorunlong93/casp16-leaderboard/data/msa_cache/store/92/92e0ae5ec6bea77badf08dafbd68178a36fa7245a33b543b0ae70828eb29699e/unpaired.e4215bceb45b774c457385f90559faf2576275875ae0d30e8e5ed3c5f3dc27dd.a3m	true	16680	exact_sequence_match
T2234O	0	92e0ae5ec6bea77badf08dafbd68178a36fa7245a33b543b0ae70828eb29699e	413	reused	server_v2_protenix_yang_oligo_sequence_stoich_low_complexity_large_fallback_seed101	T0234	/scratch/10992/liaorunlong93/casp16-leaderboard/runs/server_v2_protenix_yang_oligo_sequence_stoich_low_complexity_large_fallback_seed101/inputs/inputs-update-msa.json	/scratch/10992/liaorunlong93/casp16-leaderboard/data/msa_cache/store/92/92e0ae5ec6bea77badf08dafbd68178a36fa7245a33b543b0ae70828eb29699e/paired.15314eead58e4c97d60bd4f95d3ec7dd0853319910faa090274c6fc62960f0ed.a3m	true	5383	/scratch/10992/liaorunlong93/casp16-leaderboard/data/msa_cache/store/92/92e0ae5ec6bea77badf08dafbd68178a36fa7245a33b543b0ae70828eb29699e/unpaired.e4215bceb45b774c457385f90559faf2576275875ae0d30e8e5ed3c5f3dc27dd.a3m	true	16680	exact_sequence_match
T1298O	0	b1d8e2a75cdddf89399c3b089e7c4dc9954162ea4d00e4193dc6b0df67641053	342	reused	server_v2_protenix_yang_oligo_sequence_stoich_low_complexity_large_fallback_seed101	T1298	/scratch/10992/liaorunlong93/casp16-leaderboard/runs/server_v2_protenix_yang_oligo_sequence_stoich_low_complexity_large_fallback_seed101/inputs/inputs-update-msa.json	/scratch/10992/liaorunlong93/casp16-leaderboard/data/msa_cache/store/b1/b1d8e2a75cdddf89399c3b089e7c4dc9954162ea4d00e4193dc6b0df67641053/paired.f120294309eea5e5a52944a030e8d94373a1ed980d6a9b1d07ec5184c602e8d7.a3m	true	129190	/scratch/10992/liaorunlong93/casp16-leaderboard/data/msa_cache/store/b1/b1d8e2a75cdddf89399c3b089e7c4dc9954162ea4d00e4193dc6b0df67641053/unpaired.0f4dac7de0493683e33bcb50925eaa1e9fbd758935cef4d376b6f1090249c271.a3m	true	517613	exact_sequence_match
H1204	0	8a1b8fae5cdeb901a5e93d7e364c6cf5c3a7028fa7a6f3fdd93f377e26ec240b	134	reused	server_v2_protenix_yang_oligo_sequence_stoich_low_complexity_large_fallback_seed101	H1204	/scratch/10992/liaorunlong93/casp16-leaderboard/runs/server_v2_protenix_yang_oligo_sequence_stoich_low_complexity_large_fallback_seed101/inputs/inputs-update-msa.json	/scratch/10992/liaorunlong93/casp16-leaderboard/data/msa_cache/store/8a/8a1b8fae5cdeb901a5e93d7e364c6cf5c3a7028fa7a6f3fdd93f377e26ec240b/paired.d09876c6ffc2bcd9581513b80cfbc5fd1f485df80f0bc542110a72d76763bfa2.a3m	true	1934328	/scratch/10992/liaorunlong93/casp16-leaderboard/data/msa_cache/store/8a/8a1b8fae5cdeb901a5e93d7e364c6cf5c3a7028fa7a6f3fdd93f377e26ec240b/unpaired.288ba59a0ec73b1cbad3925cf64f1dbcb301f576dae61a6212edc186a404c504.a3m	true	268191	exact_sequence_match
H1204	1	9ebf320eb707d71644444fe5006ed58af56a0bf0ec9568eb6a3a65e0e8191465	147	reused	server_v2_protenix_yang_oligo_sequence_stoich_low_complexity_large_fallback_seed101	H1204	/scratch/10992/liaorunlong93/casp16-leaderboard/runs/server_v2_protenix_yang_oligo_sequence_stoich_low_complexity_large_fallback_seed101/inputs/inputs-update-msa.json	/scratch/10992/liaorunlong93/casp16-leaderboard/data/msa_cache/store/9e/9ebf320eb707d71644444fe5006ed58af56a0bf0ec9568eb6a3a65e0e8191465/paired.3c6e2a86f72ed651c367972707ec8e6a26e899eff2df431b96b9ae1401007e37.a3m	true	772107	/scratch/10992/liaorunlong93/casp16-leaderboard/data/msa_cache/store/9e/9ebf320eb707d71644444fe5006ed58af56a0bf0ec9568eb6a3a65e0e8191465/unpaired.75352497d11db5d8138d25ffb851abe07d890570c51354d3f9f3037e59cf67d0.a3m	true	141299	exact_sequence_match
H1204	2	14725a10598943a7aa719eed7d24c7fee599192a6c63c75b051ee6f156341242	142	reused	server_v2_protenix_yang_oligo_sequence_stoich_low_complexity_large_fallback_seed101	H1204	/scratch/10992/liaorunlong93/casp16-leaderboard/runs/server_v2_protenix_yang_oligo_sequence_stoich_low_complexity_large_fallback_seed101/inputs/inputs-update-msa.json	/scratch/10992/liaorunlong93/casp16-leaderboard/data/msa_cache/store/14/14725a10598943a7aa719eed7d24c7fee599192a6c63c75b051ee6f156341242/paired.c3358f6a6e882241a16a408509de75f66b3586649e194daa0c6d5212103dbb18.a3m	true	739191	/scratch/10992/liaorunlong93/casp16-leaderboard/data/msa_cache/store/14/14725a10598943a7aa719eed7d24c7fee599192a6c63c75b051ee6f156341242/unpaired.f4aaaf34f41f90f40b16e8520579b44177f235f3fa2ae191b77deff7c4567f63.a3m	true	110462	exact_sequence_match
H2204	0	8a1b8fae5cdeb901a5e93d7e364c6cf5c3a7028fa7a6f3fdd93f377e26ec240b	134	reused	server_v2_protenix_yang_oligo_sequence_stoich_low_complexity_large_fallback_seed101	H1204	/scratch/10992/liaorunlong93/casp16-leaderboard/runs/server_v2_protenix_yang_oligo_sequence_stoich_low_complexity_large_fallback_seed101/inputs/inputs-update-msa.json	/scratch/10992/liaorunlong93/casp16-leaderboard/data/msa_cache/store/8a/8a1b8fae5cdeb901a5e93d7e364c6cf5c3a7028fa7a6f3fdd93f377e26ec240b/paired.d09876c6ffc2bcd9581513b80cfbc5fd1f485df80f0bc542110a72d76763bfa2.a3m	true	1934328	/scratch/10992/liaorunlong93/casp16-leaderboard/data/msa_cache/store/8a/8a1b8fae5cdeb901a5e93d7e364c6cf5c3a7028fa7a6f3fdd93f377e26ec240b/unpaired.288ba59a0ec73b1cbad3925cf64f1dbcb301f576dae61a6212edc186a404c504.a3m	true	268191	exact_sequence_match
H2204	1	9ebf320eb707d71644444fe5006ed58af56a0bf0ec9568eb6a3a65e0e8191465	147	reused	server_v2_protenix_yang_oligo_sequence_stoich_low_complexity_large_fallback_seed101	H1204	/scratch/10992/liaorunlong93/casp16-leaderboard/runs/server_v2_protenix_yang_oligo_sequence_stoich_low_complexity_large_fallback_seed101/inputs/inputs-update-msa.json	/scratch/10992/liaorunlong93/casp16-leaderboard/data/msa_cache/store/9e/9ebf320eb707d71644444fe5006ed58af56a0bf0ec9568eb6a3a65e0e8191465/paired.3c6e2a86f72ed651c367972707ec8e6a26e899eff2df431b96b9ae1401007e37.a3m	true	772107	/scratch/10992/liaorunlong93/casp16-leaderboard/data/msa_cache/store/9e/9ebf320eb707d71644444fe5006ed58af56a0bf0ec9568eb6a3a65e0e8191465/unpaired.75352497d11db5d8138d25ffb851abe07d890570c51354d3f9f3037e59cf67d0.a3m	true	141299	exact_sequence_match
H2204	2	14725a10598943a7aa719eed7d24c7fee599192a6c63c75b051ee6f156341242	142	reused	server_v2_protenix_yang_oligo_sequence_stoich_low_complexity_large_fallback_seed101	H1204	/scratch/10992/liaorunlong93/casp16-leaderboard/runs/server_v2_protenix_yang_oligo_sequence_stoich_low_complexity_large_fallback_seed101/inputs/inputs-update-msa.json	/scratch/10992/liaorunlong93/casp16-leaderboard/data/msa_cache/store/14/14725a10598943a7aa719eed7d24c7fee599192a6c63c75b051ee6f156341242/paired.c3358f6a6e882241a16a408509de75f66b3586649e194daa0c6d5212103dbb18.a3m	true	739191	/scratch/10992/liaorunlong93/casp16-leaderboard/data/msa_cache/store/14/14725a10598943a7aa719eed7d24c7fee599192a6c63c75b051ee6f156341242/unpaired.f4aaaf34f41f90f40b16e8520579b44177f235f3fa2ae191b77deff7c4567f63.a3m	true	110462	exact_sequence_match
H0233	0	570d3e1904da25045a83432e77416530f2033e20a68423e9ebd0d8ee834f6f69	219	reused	server_v2_protenix_yang_oligo_sequence_stoich_low_complexity_large_fallback_seed101	H0233	/scratch/10992/liaorunlong93/casp16-leaderboard/runs/server_v2_protenix_yang_oligo_sequence_stoich_low_complexity_large_fallback_seed101/inputs/inputs-update-msa.json	/scratch/10992/liaorunlong93/casp16-leaderboard/data/msa_cache/store/57/570d3e1904da25045a83432e77416530f2033e20a68423e9ebd0d8ee834f6f69/paired.cbe60148b8b3c54262e42551c9473489c41f6eed8b574c3fc3fd825595fd725d.a3m	true	24004	/scratch/10992/liaorunlong93/casp16-leaderboard/data/msa_cache/store/57/570d3e1904da25045a83432e77416530f2033e20a68423e9ebd0d8ee834f6f69/unpaired.8d76efff9d13664ecbfa46a5c8afb4de621453f3f6ba41166cad1edcca9eacb6.a3m	true	2837	exact_sequence_match
H0233	1	df593f092422c9aca6e21f22e67de3be61854fddf4700a2ddae6f7f0c79a4128	119	reused	server_protenix_yang_antibody_fv_cleanup_seed101	H0233	/scratch/10992/liaorunlong93/casp16-leaderboard/runs/server_protenix_yang_antibody_fv_cleanup_seed101/inputs/inputs-update-msa.json	/scratch/10992/liaorunlong93/casp16-leaderboard/data/msa_cache/store/df/df593f092422c9aca6e21f22e67de3be61854fddf4700a2ddae6f7f0c79a4128/paired.5fc140ac4442d834793b7f988f3a32edfa84d3226052f4038ddab8d4a0536481.a3m	true	1344387	/scratch/10992/liaorunlong93/casp16-leaderboard/data/msa_cache/store/df/df593f092422c9aca6e21f22e67de3be61854fddf4700a2ddae6f7f0c79a4128/unpaired.1bd51cbfe6a86733655e5b172a5a5d37a5a8217e6252e21ff9247f0b55081c95.a3m	true	223051	exact_sequence_match
H0233	2	ff5e5a8c4722b865bbc3ab1e97354c2f8a9cb610379498444f86aad9ec89e1da	109	reused	server_protenix_yang_antibody_fv_cleanup_seed101	H0233	/scratch/10992/liaorunlong93/casp16-leaderboard/runs/server_protenix_yang_antibody_fv_cleanup_seed101/inputs/inputs-update-msa.json	/scratch/10992/liaorunlong93/casp16-leaderboard/data/msa_cache/store/ff/ff5e5a8c4722b865bbc3ab1e97354c2f8a9cb610379498444f86aad9ec89e1da/paired.365d60e4901dc1187d5999c60fbedb653432fea8a15cbaac13e459b079c568df.a3m	true	1359231	/scratch/10992/liaorunlong93/casp16-leaderboard/data/msa_cache/store/ff/ff5e5a8c4722b865bbc3ab1e97354c2f8a9cb610379498444f86aad9ec89e1da/unpaired.d35347e81f16e921d3b5d1f9a7ea1017e324d465d9dc7f99ccb98e8411553f27.a3m	true	277327	exact_sequence_match
H1233	0	570d3e1904da25045a83432e77416530f2033e20a68423e9ebd0d8ee834f6f69	219	reused	server_v2_protenix_yang_oligo_sequence_stoich_low_complexity_large_fallback_seed101	H0233	/scratch/10992/liaorunlong93/casp16-leaderboard/runs/server_v2_protenix_yang_oligo_sequence_stoich_low_complexity_large_fallback_seed101/inputs/inputs-update-msa.json	/scratch/10992/liaorunlong93/casp16-leaderboard/data/msa_cache/store/57/570d3e1904da25045a83432e77416530f2033e20a68423e9ebd0d8ee834f6f69/paired.cbe60148b8b3c54262e42551c9473489c41f6eed8b574c3fc3fd825595fd725d.a3m	true	24004	/scratch/10992/liaorunlong93/casp16-leaderboard/data/msa_cache/store/57/570d3e1904da25045a83432e77416530f2033e20a68423e9ebd0d8ee834f6f69/unpaired.8d76efff9d13664ecbfa46a5c8afb4de621453f3f6ba41166cad1edcca9eacb6.a3m	true	2837	exact_sequence_match
H1233	1	df593f092422c9aca6e21f22e67de3be61854fddf4700a2ddae6f7f0c79a4128	119	reused	server_protenix_yang_antibody_fv_cleanup_seed101	H0233	/scratch/10992/liaorunlong93/casp16-leaderboard/runs/server_protenix_yang_antibody_fv_cleanup_seed101/inputs/inputs-update-msa.json	/scratch/10992/liaorunlong93/casp16-leaderboard/data/msa_cache/store/df/df593f092422c9aca6e21f22e67de3be61854fddf4700a2ddae6f7f0c79a4128/paired.5fc140ac4442d834793b7f988f3a32edfa84d3226052f4038ddab8d4a0536481.a3m	true	1344387	/scratch/10992/liaorunlong93/casp16-leaderboard/data/msa_cache/store/df/df593f092422c9aca6e21f22e67de3be61854fddf4700a2ddae6f7f0c79a4128/unpaired.1bd51cbfe6a86733655e5b172a5a5d37a5a8217e6252e21ff9247f0b55081c95.a3m	true	223051	exact_sequence_match
H1233	2	ff5e5a8c4722b865bbc3ab1e97354c2f8a9cb610379498444f86aad9ec89e1da	109	reused	server_protenix_yang_antibody_fv_cleanup_seed101	H0233	/scratch/10992/liaorunlong93/casp16-leaderboard/runs/server_protenix_yang_antibody_fv_cleanup_seed101/inputs/inputs-update-msa.json	/scratch/10992/liaorunlong93/casp16-leaderboard/data/msa_cache/store/ff/ff5e5a8c4722b865bbc3ab1e97354c2f8a9cb610379498444f86aad9ec89e1da/paired.365d60e4901dc1187d5999c60fbedb653432fea8a15cbaac13e459b079c568df.a3m	true	1359231	/scratch/10992/liaorunlong93/casp16-leaderboard/data/msa_cache/store/ff/ff5e5a8c4722b865bbc3ab1e97354c2f8a9cb610379498444f86aad9ec89e1da/unpaired.d35347e81f16e921d3b5d1f9a7ea1017e324d465d9dc7f99ccb98e8411553f27.a3m	true	277327	exact_sequence_match
H2233	0	570d3e1904da25045a83432e77416530f2033e20a68423e9ebd0d8ee834f6f69	219	reused	server_v2_protenix_yang_oligo_sequence_stoich_low_complexity_large_fallback_seed101	H0233	/scratch/10992/liaorunlong93/casp16-leaderboard/runs/server_v2_protenix_yang_oligo_sequence_stoich_low_complexity_large_fallback_seed101/inputs/inputs-update-msa.json	/scratch/10992/liaorunlong93/casp16-leaderboard/data/msa_cache/store/57/570d3e1904da25045a83432e77416530f2033e20a68423e9ebd0d8ee834f6f69/paired.cbe60148b8b3c54262e42551c9473489c41f6eed8b574c3fc3fd825595fd725d.a3m	true	24004	/scratch/10992/liaorunlong93/casp16-leaderboard/data/msa_cache/store/57/570d3e1904da25045a83432e77416530f2033e20a68423e9ebd0d8ee834f6f69/unpaired.8d76efff9d13664ecbfa46a5c8afb4de621453f3f6ba41166cad1edcca9eacb6.a3m	true	2837	exact_sequence_match
H2233	1	df593f092422c9aca6e21f22e67de3be61854fddf4700a2ddae6f7f0c79a4128	119	reused	server_protenix_yang_antibody_fv_cleanup_seed101	H0233	/scratch/10992/liaorunlong93/casp16-leaderboard/runs/server_protenix_yang_antibody_fv_cleanup_seed101/inputs/inputs-update-msa.json	/scratch/10992/liaorunlong93/casp16-leaderboard/data/msa_cache/store/df/df593f092422c9aca6e21f22e67de3be61854fddf4700a2ddae6f7f0c79a4128/paired.5fc140ac4442d834793b7f988f3a32edfa84d3226052f4038ddab8d4a0536481.a3m	true	1344387	/scratch/10992/liaorunlong93/casp16-leaderboard/data/msa_cache/store/df/df593f092422c9aca6e21f22e67de3be61854fddf4700a2ddae6f7f0c79a4128/unpaired.1bd51cbfe6a86733655e5b172a5a5d37a5a8217e6252e21ff9247f0b55081c95.a3m	true	223051	exact_sequence_match
H2233	2	ff5e5a8c4722b865bbc3ab1e97354c2f8a9cb610379498444f86aad9ec89e1da	109	reused	server_protenix_yang_antibody_fv_cleanup_seed101	H0233	/scratch/10992/liaorunlong93/casp16-leaderboard/runs/server_protenix_yang_antibody_fv_cleanup_seed101/inputs/inputs-update-msa.json	/scratch/10992/liaorunlong93/casp16-leaderboard/data/msa_cache/store/ff/ff5e5a8c4722b865bbc3ab1e97354c2f8a9cb610379498444f86aad9ec89e1da/paired.365d60e4901dc1187d5999c60fbedb653432fea8a15cbaac13e459b079c568df.a3m	true	1359231	/scratch/10992/liaorunlong93/casp16-leaderboard/data/msa_cache/store/ff/ff5e5a8c4722b865bbc3ab1e97354c2f8a9cb610379498444f86aad9ec89e1da/unpaired.d35347e81f16e921d3b5d1f9a7ea1017e324d465d9dc7f99ccb98e8411553f27.a3m	true	277327	exact_sequence_match
H0232	0	937c08c35a5b9d9bbed5031d1724201a0d31bc40967e5a009ab35b46cc8226b1	220	reused	server_v2_protenix_yang_oligo_sequence_stoich_low_complexity_large_fallback_seed101	H0232	/scratch/10992/liaorunlong93/casp16-leaderboard/runs/server_v2_protenix_yang_oligo_sequence_stoich_low_complexity_large_fallback_seed101/inputs/inputs-update-msa.json	/scratch/10992/liaorunlong93/casp16-leaderboard/data/msa_cache/store/93/937c08c35a5b9d9bbed5031d1724201a0d31bc40967e5a009ab35b46cc8226b1/paired.1c88a68549ee219dec1b5ef0119ed5ad16906262248da41187ca046b517d94ea.a3m	true	24405	/scratch/10992/liaorunlong93/casp16-leaderboard/data/msa_cache/store/93/937c08c35a5b9d9bbed5031d1724201a0d31bc40967e5a009ab35b46cc8226b1/unpaired.1cd3e6d283028b0ceb40af981ef03cfe20170ae1de661dcf2cf061b6ff8f19e0.a3m	true	2807	exact_sequence_match
H0232	1	02f75345251728cf136a0c7643a645a4669b8aaba81b4f47474b0984b642ba01	242	reused	server_v2_protenix_yang_oligo_sequence_stoich_low_complexity_large_fallback_seed101	H0232	/scratch/10992/liaorunlong93/casp16-leaderboard/runs/server_v2_protenix_yang_oligo_sequence_stoich_low_complexity_large_fallback_seed101/inputs/inputs-update-msa.json	/scratch/10992/liaorunlong93/casp16-leaderboard/data/msa_cache/store/02/02f75345251728cf136a0c7643a645a4669b8aaba81b4f47474b0984b642ba01/paired.e8c8ceae586aa45fe1a02846be1181264ebd3bb694fa0a53ae1eff3619387ac8.a3m	true	2551235	/scratch/10992/liaorunlong93/casp16-leaderboard/data/msa_cache/store/02/02f75345251728cf136a0c7643a645a4669b8aaba81b4f47474b0984b642ba01/unpaired.8c64b412bf70e14f83a0385ce2b9687c806886633001a9cea0f698bc117a9013.a3m	true	515668	exact_sequence_match
H1232	0	937c08c35a5b9d9bbed5031d1724201a0d31bc40967e5a009ab35b46cc8226b1	220	reused	server_v2_protenix_yang_oligo_sequence_stoich_low_complexity_large_fallback_seed101	H0232	/scratch/10992/liaorunlong93/casp16-leaderboard/runs/server_v2_protenix_yang_oligo_sequence_stoich_low_complexity_large_fallback_seed101/inputs/inputs-update-msa.json	/scratch/10992/liaorunlong93/casp16-leaderboard/data/msa_cache/store/93/937c08c35a5b9d9bbed5031d1724201a0d31bc40967e5a009ab35b46cc8226b1/paired.1c88a68549ee219dec1b5ef0119ed5ad16906262248da41187ca046b517d94ea.a3m	true	24405	/scratch/10992/liaorunlong93/casp16-leaderboard/data/msa_cache/store/93/937c08c35a5b9d9bbed5031d1724201a0d31bc40967e5a009ab35b46cc8226b1/unpaired.1cd3e6d283028b0ceb40af981ef03cfe20170ae1de661dcf2cf061b6ff8f19e0.a3m	true	2807	exact_sequence_match
H1232	1	02f75345251728cf136a0c7643a645a4669b8aaba81b4f47474b0984b642ba01	242	reused	server_v2_protenix_yang_oligo_sequence_stoich_low_complexity_large_fallback_seed101	H0232	/scratch/10992/liaorunlong93/casp16-leaderboard/runs/server_v2_protenix_yang_oligo_sequence_stoich_low_complexity_large_fallback_seed101/inputs/inputs-update-msa.json	/scratch/10992/liaorunlong93/casp16-leaderboard/data/msa_cache/store/02/02f75345251728cf136a0c7643a645a4669b8aaba81b4f47474b0984b642ba01/paired.e8c8ceae586aa45fe1a02846be1181264ebd3bb694fa0a53ae1eff3619387ac8.a3m	true	2551235	/scratch/10992/liaorunlong93/casp16-leaderboard/data/msa_cache/store/02/02f75345251728cf136a0c7643a645a4669b8aaba81b4f47474b0984b642ba01/unpaired.8c64b412bf70e14f83a0385ce2b9687c806886633001a9cea0f698bc117a9013.a3m	true	515668	exact_sequence_match
H2232	0	937c08c35a5b9d9bbed5031d1724201a0d31bc40967e5a009ab35b46cc8226b1	220	reused	server_v2_protenix_yang_oligo_sequence_stoich_low_complexity_large_fallback_seed101	H0232	/scratch/10992/liaorunlong93/casp16-leaderboard/runs/server_v2_protenix_yang_oligo_sequence_stoich_low_complexity_large_fallback_seed101/inputs/inputs-update-msa.json	/scratch/10992/liaorunlong93/casp16-leaderboard/data/msa_cache/store/93/937c08c35a5b9d9bbed5031d1724201a0d31bc40967e5a009ab35b46cc8226b1/paired.1c88a68549ee219dec1b5ef0119ed5ad16906262248da41187ca046b517d94ea.a3m	true	24405	/scratch/10992/liaorunlong93/casp16-leaderboard/data/msa_cache/store/93/937c08c35a5b9d9bbed5031d1724201a0d31bc40967e5a009ab35b46cc8226b1/unpaired.1cd3e6d283028b0ceb40af981ef03cfe20170ae1de661dcf2cf061b6ff8f19e0.a3m	true	2807	exact_sequence_match
H2232	1	02f75345251728cf136a0c7643a645a4669b8aaba81b4f47474b0984b642ba01	242	reused	server_v2_protenix_yang_oligo_sequence_stoich_low_complexity_large_fallback_seed101	H0232	/scratch/10992/liaorunlong93/casp16-leaderboard/runs/server_v2_protenix_yang_oligo_sequence_stoich_low_complexity_large_fallback_seed101/inputs/inputs-update-msa.json	/scratch/10992/liaorunlong93/casp16-leaderboard/data/msa_cache/store/02/02f75345251728cf136a0c7643a645a4669b8aaba81b4f47474b0984b642ba01/paired.e8c8ceae586aa45fe1a02846be1181264ebd3bb694fa0a53ae1eff3619387ac8.a3m	true	2551235	/scratch/10992/liaorunlong93/casp16-leaderboard/data/msa_cache/store/02/02f75345251728cf136a0c7643a645a4669b8aaba81b4f47474b0984b642ba01/unpaired.8c64b412bf70e14f83a0385ce2b9687c806886633001a9cea0f698bc117a9013.a3m	true	515668	exact_sequence_match
H0227	0	cd4c4a5265b6324b7639487f6a6550ec0ca34ca209542ad5559ad8dc0dc5bba3	427	reused	server_v2_protenix_yang_oligo_sequence_stoich_low_complexity_large_fallback_seed101	H0227	/scratch/10992/liaorunlong93/casp16-leaderboard/runs/server_v2_protenix_yang_oligo_sequence_stoich_low_complexity_large_fallback_seed101/inputs/inputs-update-msa.json	/scratch/10992/liaorunlong93/casp16-leaderboard/data/msa_cache/store/cd/cd4c4a5265b6324b7639487f6a6550ec0ca34ca209542ad5559ad8dc0dc5bba3/paired.a22917c4f0ce4ced9a0e320e38b9041dbfed66c9c583a3f3793a9ff2657c55f1.a3m	true	1438077	/scratch/10992/liaorunlong93/casp16-leaderboard/data/msa_cache/store/cd/cd4c4a5265b6324b7639487f6a6550ec0ca34ca209542ad5559ad8dc0dc5bba3/unpaired.c0718e38d917912affa579e1991fba9596a3cc87e0219c95513a52599e490d4c.a3m	true	1262964	exact_sequence_match
H0227	1	cb6d93869aded51940581d412064d3a39385f149bf4cd986a5089f581014540a	877	reused	server_v2_protenix_yang_oligo_sequence_stoich_low_complexity_large_fallback_seed101	H0227	/scratch/10992/liaorunlong93/casp16-leaderboard/runs/server_v2_protenix_yang_oligo_sequence_stoich_low_complexity_large_fallback_seed101/inputs/inputs-update-msa.json	/scratch/10992/liaorunlong93/casp16-leaderboard/data/msa_cache/store/cb/cb6d93869aded51940581d412064d3a39385f149bf4cd986a5089f581014540a/paired.a3dcaf9614f3c812bdbca92d81c7f5dd1ac6a4435a3e5a8927d692ea6828072f.a3m	true	3368216	/scratch/10992/liaorunlong93/casp16-leaderboard/data/msa_cache/store/cb/cb6d93869aded51940581d412064d3a39385f149bf4cd986a5089f581014540a/unpaired.7bd5bf55642d505f7c95f03f3bc5677da59541142ac70e146f3d18fdeee585e0.a3m	true	3643427	exact_sequence_match
H1227	0	cd4c4a5265b6324b7639487f6a6550ec0ca34ca209542ad5559ad8dc0dc5bba3	427	reused	server_v2_protenix_yang_oligo_sequence_stoich_low_complexity_large_fallback_seed101	H0227	/scratch/10992/liaorunlong93/casp16-leaderboard/runs/server_v2_protenix_yang_oligo_sequence_stoich_low_complexity_large_fallback_seed101/inputs/inputs-update-msa.json	/scratch/10992/liaorunlong93/casp16-leaderboard/data/msa_cache/store/cd/cd4c4a5265b6324b7639487f6a6550ec0ca34ca209542ad5559ad8dc0dc5bba3/paired.a22917c4f0ce4ced9a0e320e38b9041dbfed66c9c583a3f3793a9ff2657c55f1.a3m	true	1438077	/scratch/10992/liaorunlong93/casp16-leaderboard/data/msa_cache/store/cd/cd4c4a5265b6324b7639487f6a6550ec0ca34ca209542ad5559ad8dc0dc5bba3/unpaired.c0718e38d917912affa579e1991fba9596a3cc87e0219c95513a52599e490d4c.a3m	true	1262964	exact_sequence_match
H1227	1	cb6d93869aded51940581d412064d3a39385f149bf4cd986a5089f581014540a	877	reused	server_v2_protenix_yang_oligo_sequence_stoich_low_complexity_large_fallback_seed101	H0227	/scratch/10992/liaorunlong93/casp16-leaderboard/runs/server_v2_protenix_yang_oligo_sequence_stoich_low_complexity_large_fallback_seed101/inputs/inputs-update-msa.json	/scratch/10992/liaorunlong93/casp16-leaderboard/data/msa_cache/store/cb/cb6d93869aded51940581d412064d3a39385f149bf4cd986a5089f581014540a/paired.a3dcaf9614f3c812bdbca92d81c7f5dd1ac6a4435a3e5a8927d692ea6828072f.a3m	true	3368216	/scratch/10992/liaorunlong93/casp16-leaderboard/data/msa_cache/store/cb/cb6d93869aded51940581d412064d3a39385f149bf4cd986a5089f581014540a/unpaired.7bd5bf55642d505f7c95f03f3bc5677da59541142ac70e146f3d18fdeee585e0.a3m	true	3643427	exact_sequence_match
H2227	0	cd4c4a5265b6324b7639487f6a6550ec0ca34ca209542ad5559ad8dc0dc5bba3	427	reused	server_v2_protenix_yang_oligo_sequence_stoich_low_complexity_large_fallback_seed101	H0227	/scratch/10992/liaorunlong93/casp16-leaderboard/runs/server_v2_protenix_yang_oligo_sequence_stoich_low_complexity_large_fallback_seed101/inputs/inputs-update-msa.json	/scratch/10992/liaorunlong93/casp16-leaderboard/data/msa_cache/store/cd/cd4c4a5265b6324b7639487f6a6550ec0ca34ca209542ad5559ad8dc0dc5bba3/paired.a22917c4f0ce4ced9a0e320e38b9041dbfed66c9c583a3f3793a9ff2657c55f1.a3m	true	1438077	/scratch/10992/liaorunlong93/casp16-leaderboard/data/msa_cache/store/cd/cd4c4a5265b6324b7639487f6a6550ec0ca34ca209542ad5559ad8dc0dc5bba3/unpaired.c0718e38d917912affa579e1991fba9596a3cc87e0219c95513a52599e490d4c.a3m	true	1262964	exact_sequence_match
H2227	1	cb6d93869aded51940581d412064d3a39385f149bf4cd986a5089f581014540a	877	reused	server_v2_protenix_yang_oligo_sequence_stoich_low_complexity_large_fallback_seed101	H0227	/scratch/10992/liaorunlong93/casp16-leaderboard/runs/server_v2_protenix_yang_oligo_sequence_stoich_low_complexity_large_fallback_seed101/inputs/inputs-update-msa.json	/scratch/10992/liaorunlong93/casp16-leaderboard/data/msa_cache/store/cb/cb6d93869aded51940581d412064d3a39385f149bf4cd986a5089f581014540a/paired.a3dcaf9614f3c812bdbca92d81c7f5dd1ac6a4435a3e5a8927d692ea6828072f.a3m	true	3368216	/scratch/10992/liaorunlong93/casp16-leaderboard/data/msa_cache/store/cb/cb6d93869aded51940581d412064d3a39385f149bf4cd986a5089f581014540a/unpaired.7bd5bf55642d505f7c95f03f3bc5677da59541142ac70e146f3d18fdeee585e0.a3m	true	3643427	exact_sequence_match
H1213	0	90fba215d01f00d4812d10d522eabf6eb6ac5ad1b47bff72a7da973f769ce28d	330	reused	server_v2_protenix_yang_oligo_sequence_stoich_low_complexity_large_fallback_seed101	H1213	/scratch/10992/liaorunlong93/casp16-leaderboard/runs/server_v2_protenix_yang_oligo_sequence_stoich_low_complexity_large_fallback_seed101/inputs/inputs-update-msa.json	/scratch/10992/liaorunlong93/casp16-leaderboard/data/msa_cache/store/90/90fba215d01f00d4812d10d522eabf6eb6ac5ad1b47bff72a7da973f769ce28d/paired.856ad368e7441f13eb59936f935c3e6246633a72e695af597670f498b4d79147.a3m	true	4539799	/scratch/10992/liaorunlong93/casp16-leaderboard/data/msa_cache/store/90/90fba215d01f00d4812d10d522eabf6eb6ac5ad1b47bff72a7da973f769ce28d/unpaired.125009ee9001148ba99f6e8d87a4b1d45a651f80c24a8e24da41eb070be6ee0c.a3m	true	4418874	exact_sequence_match
H1213	1	2fb2552497b497d799632783cbfd450a16df9e6fedb48d0385d4b6eb832c8ed5	61	reused	server_v2_protenix_yang_oligo_sequence_stoich_low_complexity_large_fallback_seed101	H1213	/scratch/10992/liaorunlong93/casp16-leaderboard/runs/server_v2_protenix_yang_oligo_sequence_stoich_low_complexity_large_fallback_seed101/inputs/inputs-update-msa.json	/scratch/10992/liaorunlong93/casp16-leaderboard/data/msa_cache/store/2f/2fb2552497b497d799632783cbfd450a16df9e6fedb48d0385d4b6eb832c8ed5/paired.7d6584edcdc517fed4bb230586599bd3e463655925567482d1c69f7137a9fd08.a3m	true	164762	/scratch/10992/liaorunlong93/casp16-leaderboard/data/msa_cache/store/2f/2fb2552497b497d799632783cbfd450a16df9e6fedb48d0385d4b6eb832c8ed5/unpaired.2ae5d049bddcbfbe80bdb047ccee92581c31cca782b2d46fb7b50ef2ba439592.a3m	true	40212	exact_sequence_match
H1213	2	bc769e8d6b33b15fb848f9506696e659721dd4bc76ae673d61f5a8152365fc55	377	reused	server_v2_protenix_yang_oligo_sequence_stoich_low_complexity_large_fallback_seed101	H1213	/scratch/10992/liaorunlong93/casp16-leaderboard/runs/server_v2_protenix_yang_oligo_sequence_stoich_low_complexity_large_fallback_seed101/inputs/inputs-update-msa.json	/scratch/10992/liaorunlong93/casp16-leaderboard/data/msa_cache/store/bc/bc769e8d6b33b15fb848f9506696e659721dd4bc76ae673d61f5a8152365fc55/paired.371fbdcc4566b775bfcb9a0834fde6c24b20af8b2a3fc5eebe5a9e21c4c15e65.a3m	true	4052833	/scratch/10992/liaorunlong93/casp16-leaderboard/data/msa_cache/store/bc/bc769e8d6b33b15fb848f9506696e659721dd4bc76ae673d61f5a8152365fc55/unpaired.db7196000526488984da84a7bdb1a97339487911d46184f6ef70d4c478fa882f.a3m	true	5664631	exact_sequence_match
H1213	3	660d76f9e39ceeaf131b59e277e62c5fba182b991d0b78ab3f88616fe1a9a5c2	282	reused	server_v2_protenix_yang_oligo_sequence_stoich_low_complexity_large_fallback_seed101	H1213	/scratch/10992/liaorunlong93/casp16-leaderboard/runs/server_v2_protenix_yang_oligo_sequence_stoich_low_complexity_large_fallback_seed101/inputs/inputs-update-msa.json	/scratch/10992/liaorunlong93/casp16-leaderboard/data/msa_cache/store/66/660d76f9e39ceeaf131b59e277e62c5fba182b991d0b78ab3f88616fe1a9a5c2/paired.a65593d59e8e3e4d16acee0fe516184e971ae18cacf580b5527f92be9747b9e1.a3m	true	825946	/scratch/10992/liaorunlong93/casp16-leaderboard/data/msa_cache/store/66/660d76f9e39ceeaf131b59e277e62c5fba182b991d0b78ab3f88616fe1a9a5c2/unpaired.a4b3f913dd73e6524e7335a07d870570038e5ffb5a65c4859a2c867e2a0a9d9f.a3m	true	651270	exact_sequence_match
H1213	4	c100308d590d792b08f1cde4e1f4a838113bb56aa1caea51a3427e69c4cbf1a1	323	reused	server_v2_protenix_yang_oligo_sequence_stoich_low_complexity_large_fallback_seed101	H1213	/scratch/10992/liaorunlong93/casp16-leaderboard/runs/server_v2_protenix_yang_oligo_sequence_stoich_low_complexity_large_fallback_seed101/inputs/inputs-update-msa.json	/scratch/10992/liaorunlong93/casp16-leaderboard/data/msa_cache/store/c1/c100308d590d792b08f1cde4e1f4a838113bb56aa1caea51a3427e69c4cbf1a1/paired.d5d46b9e32d0974f7ea7fb0766b43a8e6d2430887bc6a012eb93187c26f7da22.a3m	true	1742504	/scratch/10992/liaorunlong93/casp16-leaderboard/data/msa_cache/store/c1/c100308d590d792b08f1cde4e1f4a838113bb56aa1caea51a3427e69c4cbf1a1/unpaired.32406fab3d712c4b2bb7a7c0d6cfb19154aa96482171dd67097be096f9ae7d46.a3m	true	1477395	exact_sequence_match
H2213	0	90fba215d01f00d4812d10d522eabf6eb6ac5ad1b47bff72a7da973f769ce28d	330	reused	server_v2_protenix_yang_oligo_sequence_stoich_low_complexity_large_fallback_seed101	H1213	/scratch/10992/liaorunlong93/casp16-leaderboard/runs/server_v2_protenix_yang_oligo_sequence_stoich_low_complexity_large_fallback_seed101/inputs/inputs-update-msa.json	/scratch/10992/liaorunlong93/casp16-leaderboard/data/msa_cache/store/90/90fba215d01f00d4812d10d522eabf6eb6ac5ad1b47bff72a7da973f769ce28d/paired.856ad368e7441f13eb59936f935c3e6246633a72e695af597670f498b4d79147.a3m	true	4539799	/scratch/10992/liaorunlong93/casp16-leaderboard/data/msa_cache/store/90/90fba215d01f00d4812d10d522eabf6eb6ac5ad1b47bff72a7da973f769ce28d/unpaired.125009ee9001148ba99f6e8d87a4b1d45a651f80c24a8e24da41eb070be6ee0c.a3m	true	4418874	exact_sequence_match
H2213	1	2fb2552497b497d799632783cbfd450a16df9e6fedb48d0385d4b6eb832c8ed5	61	reused	server_v2_protenix_yang_oligo_sequence_stoich_low_complexity_large_fallback_seed101	H1213	/scratch/10992/liaorunlong93/casp16-leaderboard/runs/server_v2_protenix_yang_oligo_sequence_stoich_low_complexity_large_fallback_seed101/inputs/inputs-update-msa.json	/scratch/10992/liaorunlong93/casp16-leaderboard/data/msa_cache/store/2f/2fb2552497b497d799632783cbfd450a16df9e6fedb48d0385d4b6eb832c8ed5/paired.7d6584edcdc517fed4bb230586599bd3e463655925567482d1c69f7137a9fd08.a3m	true	164762	/scratch/10992/liaorunlong93/casp16-leaderboard/data/msa_cache/store/2f/2fb2552497b497d799632783cbfd450a16df9e6fedb48d0385d4b6eb832c8ed5/unpaired.2ae5d049bddcbfbe80bdb047ccee92581c31cca782b2d46fb7b50ef2ba439592.a3m	true	40212	exact_sequence_match
H2213	2	bc769e8d6b33b15fb848f9506696e659721dd4bc76ae673d61f5a8152365fc55	377	reused	server_v2_protenix_yang_oligo_sequence_stoich_low_complexity_large_fallback_seed101	H1213	/scratch/10992/liaorunlong93/casp16-leaderboard/runs/server_v2_protenix_yang_oligo_sequence_stoich_low_complexity_large_fallback_seed101/inputs/inputs-update-msa.json	/scratch/10992/liaorunlong93/casp16-leaderboard/data/msa_cache/store/bc/bc769e8d6b33b15fb848f9506696e659721dd4bc76ae673d61f5a8152365fc55/paired.371fbdcc4566b775bfcb9a0834fde6c24b20af8b2a3fc5eebe5a9e21c4c15e65.a3m	true	4052833	/scratch/10992/liaorunlong93/casp16-leaderboard/data/msa_cache/store/bc/bc769e8d6b33b15fb848f9506696e659721dd4bc76ae673d61f5a8152365fc55/unpaired.db7196000526488984da84a7bdb1a97339487911d46184f6ef70d4c478fa882f.a3m	true	5664631	exact_sequence_match
H2213	3	660d76f9e39ceeaf131b59e277e62c5fba182b991d0b78ab3f88616fe1a9a5c2	282	reused	server_v2_protenix_yang_oligo_sequence_stoich_low_complexity_large_fallback_seed101	H1213	/scratch/10992/liaorunlong93/casp16-leaderboard/runs/server_v2_protenix_yang_oligo_sequence_stoich_low_complexity_large_fallback_seed101/inputs/inputs-update-msa.json	/scratch/10992/liaorunlong93/casp16-leaderboard/data/msa_cache/store/66/660d76f9e39ceeaf131b59e277e62c5fba182b991d0b78ab3f88616fe1a9a5c2/paired.a65593d59e8e3e4d16acee0fe516184e971ae18cacf580b5527f92be9747b9e1.a3m	true	825946	/scratch/10992/liaorunlong93/casp16-leaderboard/data/msa_cache/store/66/660d76f9e39ceeaf131b59e277e62c5fba182b991d0b78ab3f88616fe1a9a5c2/unpaired.a4b3f913dd73e6524e7335a07d870570038e5ffb5a65c4859a2c867e2a0a9d9f.a3m	true	651270	exact_sequence_match
H2213	4	c100308d590d792b08f1cde4e1f4a838113bb56aa1caea51a3427e69c4cbf1a1	323	reused	server_v2_protenix_yang_oligo_sequence_stoich_low_complexity_large_fallback_seed101	H1213	/scratch/10992/liaorunlong93/casp16-leaderboard/runs/server_v2_protenix_yang_oligo_sequence_stoich_low_complexity_large_fallback_seed101/inputs/inputs-update-msa.json	/scratch/10992/liaorunlong93/casp16-leaderboard/data/msa_cache/store/c1/c100308d590d792b08f1cde4e1f4a838113bb56aa1caea51a3427e69c4cbf1a1/paired.d5d46b9e32d0974f7ea7fb0766b43a8e6d2430887bc6a012eb93187c26f7da22.a3m	true	1742504	/scratch/10992/liaorunlong93/casp16-leaderboard/data/msa_cache/store/c1/c100308d590d792b08f1cde4e1f4a838113bb56aa1caea51a3427e69c4cbf1a1/unpaired.32406fab3d712c4b2bb7a7c0d6cfb19154aa96482171dd67097be096f9ae7d46.a3m	true	1477395	exact_sequence_match
T1249V1O	0	1784bf03d1dc24f560d1fc8d2be2ee5c06b56f0324c6b75497fa9a0fdfd9210f	488	reused	server_v2_protenix_yang_oligo_sequence_stoich_low_complexity_large_fallback_seed101	T1249V1	/scratch/10992/liaorunlong93/casp16-leaderboard/runs/server_v2_protenix_yang_oligo_sequence_stoich_low_complexity_large_fallback_seed101/inputs/inputs-update-msa.json	/scratch/10992/liaorunlong93/casp16-leaderboard/data/msa_cache/store/17/1784bf03d1dc24f560d1fc8d2be2ee5c06b56f0324c6b75497fa9a0fdfd9210f/paired.768ecae9d29dc438ccedf531f7ab0e818875dddeb0831fceed4cdbccd04f731c.a3m	true	141671	/scratch/10992/liaorunlong93/casp16-leaderboard/data/msa_cache/store/17/1784bf03d1dc24f560d1fc8d2be2ee5c06b56f0324c6b75497fa9a0fdfd9210f/unpaired.6a15684d5019bd94fdc68f7a7cad8cbf032180ee9416af2fc3d4fbef9f356cfb.a3m	true	11174	exact_sequence_match
T2249V1O	0	1784bf03d1dc24f560d1fc8d2be2ee5c06b56f0324c6b75497fa9a0fdfd9210f	488	reused	server_v2_protenix_yang_oligo_sequence_stoich_low_complexity_large_fallback_seed101	T1249V1	/scratch/10992/liaorunlong93/casp16-leaderboard/runs/server_v2_protenix_yang_oligo_sequence_stoich_low_complexity_large_fallback_seed101/inputs/inputs-update-msa.json	/scratch/10992/liaorunlong93/casp16-leaderboard/data/msa_cache/store/17/1784bf03d1dc24f560d1fc8d2be2ee5c06b56f0324c6b75497fa9a0fdfd9210f/paired.768ecae9d29dc438ccedf531f7ab0e818875dddeb0831fceed4cdbccd04f731c.a3m	true	141671	/scratch/10992/liaorunlong93/casp16-leaderboard/data/msa_cache/store/17/1784bf03d1dc24f560d1fc8d2be2ee5c06b56f0324c6b75497fa9a0fdfd9210f/unpaired.6a15684d5019bd94fdc68f7a7cad8cbf032180ee9416af2fc3d4fbef9f356cfb.a3m	true	11174	exact_sequence_match
H0236	0	92e0ae5ec6bea77badf08dafbd68178a36fa7245a33b543b0ae70828eb29699e	413	reused	server_v2_protenix_yang_oligo_sequence_stoich_low_complexity_large_fallback_seed101	T0234	/scratch/10992/liaorunlong93/casp16-leaderboard/runs/server_v2_protenix_yang_oligo_sequence_stoich_low_complexity_large_fallback_seed101/inputs/inputs-update-msa.json	/scratch/10992/liaorunlong93/casp16-leaderboard/data/msa_cache/store/92/92e0ae5ec6bea77badf08dafbd68178a36fa7245a33b543b0ae70828eb29699e/paired.15314eead58e4c97d60bd4f95d3ec7dd0853319910faa090274c6fc62960f0ed.a3m	true	5383	/scratch/10992/liaorunlong93/casp16-leaderboard/data/msa_cache/store/92/92e0ae5ec6bea77badf08dafbd68178a36fa7245a33b543b0ae70828eb29699e/unpaired.e4215bceb45b774c457385f90559faf2576275875ae0d30e8e5ed3c5f3dc27dd.a3m	true	16680	exact_sequence_match
H0236	1	60828aeb55d92f67cd0a5163963debca946a1960214b919cc0de99bcd0c0ba13	115	reused	server_v2_protenix_yang_oligo_sequence_stoich_low_complexity_large_fallback_seed101	T0235	/scratch/10992/liaorunlong93/casp16-leaderboard/runs/server_v2_protenix_yang_oligo_sequence_stoich_low_complexity_large_fallback_seed101/inputs/inputs-update-msa.json	/scratch/10992/liaorunlong93/casp16-leaderboard/data/msa_cache/store/60/60828aeb55d92f67cd0a5163963debca946a1960214b919cc0de99bcd0c0ba13/paired.916ec02d85caa54aa5d2b22859c5a9df570a75a8e56278eee3f3d22e568ee004.a3m	true	308	/scratch/10992/liaorunlong93/casp16-leaderboard/data/msa_cache/store/60/60828aeb55d92f67cd0a5163963debca946a1960214b919cc0de99bcd0c0ba13/unpaired.d536a2f9acc6465c577ba2060b395140e7c3c0ca0b01bf596977ecc233e769b1.a3m	true	3161	exact_sequence_match
H1236	0	92e0ae5ec6bea77badf08dafbd68178a36fa7245a33b543b0ae70828eb29699e	413	reused	server_v2_protenix_yang_oligo_sequence_stoich_low_complexity_large_fallback_seed101	T0234	/scratch/10992/liaorunlong93/casp16-leaderboard/runs/server_v2_protenix_yang_oligo_sequence_stoich_low_complexity_large_fallback_seed101/inputs/inputs-update-msa.json	/scratch/10992/liaorunlong93/casp16-leaderboard/data/msa_cache/store/92/92e0ae5ec6bea77badf08dafbd68178a36fa7245a33b543b0ae70828eb29699e/paired.15314eead58e4c97d60bd4f95d3ec7dd0853319910faa090274c6fc62960f0ed.a3m	true	5383	/scratch/10992/liaorunlong93/casp16-leaderboard/data/msa_cache/store/92/92e0ae5ec6bea77badf08dafbd68178a36fa7245a33b543b0ae70828eb29699e/unpaired.e4215bceb45b774c457385f90559faf2576275875ae0d30e8e5ed3c5f3dc27dd.a3m	true	16680	exact_sequence_match
H1236	1	60828aeb55d92f67cd0a5163963debca946a1960214b919cc0de99bcd0c0ba13	115	reused	server_v2_protenix_yang_oligo_sequence_stoich_low_complexity_large_fallback_seed101	T0235	/scratch/10992/liaorunlong93/casp16-leaderboard/runs/server_v2_protenix_yang_oligo_sequence_stoich_low_complexity_large_fallback_seed101/inputs/inputs-update-msa.json	/scratch/10992/liaorunlong93/casp16-leaderboard/data/msa_cache/store/60/60828aeb55d92f67cd0a5163963debca946a1960214b919cc0de99bcd0c0ba13/paired.916ec02d85caa54aa5d2b22859c5a9df570a75a8e56278eee3f3d22e568ee004.a3m	true	308	/scratch/10992/liaorunlong93/casp16-leaderboard/data/msa_cache/store/60/60828aeb55d92f67cd0a5163963debca946a1960214b919cc0de99bcd0c0ba13/unpaired.d536a2f9acc6465c577ba2060b395140e7c3c0ca0b01bf596977ecc233e769b1.a3m	true	3161	exact_sequence_match
H2236	0	92e0ae5ec6bea77badf08dafbd68178a36fa7245a33b543b0ae70828eb29699e	413	reused	server_v2_protenix_yang_oligo_sequence_stoich_low_complexity_large_fallback_seed101	T0234	/scratch/10992/liaorunlong93/casp16-leaderboard/runs/server_v2_protenix_yang_oligo_sequence_stoich_low_complexity_large_fallback_seed101/inputs/inputs-update-msa.json	/scratch/10992/liaorunlong93/casp16-leaderboard/data/msa_cache/store/92/92e0ae5ec6bea77badf08dafbd68178a36fa7245a33b543b0ae70828eb29699e/paired.15314eead58e4c97d60bd4f95d3ec7dd0853319910faa090274c6fc62960f0ed.a3m	true	5383	/scratch/10992/liaorunlong93/casp16-leaderboard/data/msa_cache/store/92/92e0ae5ec6bea77badf08dafbd68178a36fa7245a33b543b0ae70828eb29699e/unpaired.e4215bceb45b774c457385f90559faf2576275875ae0d30e8e5ed3c5f3dc27dd.a3m	true	16680	exact_sequence_match
H2236	1	60828aeb55d92f67cd0a5163963debca946a1960214b919cc0de99bcd0c0ba13	115	reused	server_v2_protenix_yang_oligo_sequence_stoich_low_complexity_large_fallback_seed101	T0235	/scratch/10992/liaorunlong93/casp16-leaderboard/runs/server_v2_protenix_yang_oligo_sequence_stoich_low_complexity_large_fallback_seed101/inputs/inputs-update-msa.json	/scratch/10992/liaorunlong93/casp16-leaderboard/data/msa_cache/store/60/60828aeb55d92f67cd0a5163963debca946a1960214b919cc0de99bcd0c0ba13/paired.916ec02d85caa54aa5d2b22859c5a9df570a75a8e56278eee3f3d22e568ee004.a3m	true	308	/scratch/10992/liaorunlong93/casp16-leaderboard/data/msa_cache/store/60/60828aeb55d92f67cd0a5163963debca946a1960214b919cc0de99bcd0c0ba13/unpaired.d536a2f9acc6465c577ba2060b395140e7c3c0ca0b01bf596977ecc233e769b1.a3m	true	3161	exact_sequence_match
H0272	0	c49d32457da096a73fde5043693ca960def7c03e83f1e749a35e90b78fba1de9	363	reused	server_v2_protenix_yang_oligo_sequence_stoich_low_complexity_large_fallback_seed101	H0272	/scratch/10992/liaorunlong93/casp16-leaderboard/runs/server_v2_protenix_yang_oligo_sequence_stoich_low_complexity_large_fallback_seed101/inputs/inputs-update-msa.json	/scratch/10992/liaorunlong93/casp16-leaderboard/data/msa_cache/store/c4/c49d32457da096a73fde5043693ca960def7c03e83f1e749a35e90b78fba1de9/paired.9f5c3e2ca3ef9ad14d3a29ecc05f1bc792cdf7eb007fd35c6cdfd6ac9c1009e2.a3m	true	320228	/scratch/10992/liaorunlong93/casp16-leaderboard/data/msa_cache/store/c4/c49d32457da096a73fde5043693ca960def7c03e83f1e749a35e90b78fba1de9/unpaired.d680b5c515a76ece8ebb618bfef81c058642daf6f7c63865769e190a455acb1f.a3m	true	62906	exact_sequence_match
H0272	1	594d664fdbdb4440f603feed41ee6c5456c1da34e90f529623fdf53dafb8049c	318	reused	server_v2_protenix_yang_oligo_sequence_stoich_low_complexity_large_fallback_seed101	H0272	/scratch/10992/liaorunlong93/casp16-leaderboard/runs/server_v2_protenix_yang_oligo_sequence_stoich_low_complexity_large_fallback_seed101/inputs/inputs-update-msa.json	/scratch/10992/liaorunlong93/casp16-leaderboard/data/msa_cache/store/59/594d664fdbdb4440f603feed41ee6c5456c1da34e90f529623fdf53dafb8049c/paired.5ce17f1a1c8f505e80ac69dab558cb1d37a75d114af21379f8bf70a4ee639211.a3m	true	143037	/scratch/10992/liaorunlong93/casp16-leaderboard/data/msa_cache/store/59/594d664fdbdb4440f603feed41ee6c5456c1da34e90f529623fdf53dafb8049c/unpaired.9aa874ffb62e3e7308bac5efbeaee71df045730393436e30791e795d3730a535.a3m	true	77044	exact_sequence_match
H0272	2	a50dfbae3f7c9e8d0f19a4a0684e7652bcb198bb71494c2077243cbbd55d8774	289	reused	server_v2_protenix_yang_oligo_sequence_stoich_low_complexity_large_fallback_seed101	H0272	/scratch/10992/liaorunlong93/casp16-leaderboard/runs/server_v2_protenix_yang_oligo_sequence_stoich_low_complexity_large_fallback_seed101/inputs/inputs-update-msa.json	/scratch/10992/liaorunlong93/casp16-leaderboard/data/msa_cache/store/a5/a50dfbae3f7c9e8d0f19a4a0684e7652bcb198bb71494c2077243cbbd55d8774/paired.b13dfe730b1d387c01917394dd9575833d2f36c77224d0fc2c3928060db76748.a3m	true	411870	/scratch/10992/liaorunlong93/casp16-leaderboard/data/msa_cache/store/a5/a50dfbae3f7c9e8d0f19a4a0684e7652bcb198bb71494c2077243cbbd55d8774/unpaired.91fc3d60bd18df80909d6951dafa12cce4b506efaa59cd79581c2ebccff06c2a.a3m	true	129317	exact_sequence_match
H0272	3	53a06b91c7f77a9d41761b633b714405cdcd324afdc601cde8434f9506a25b07	291	reused	server_v2_protenix_yang_oligo_sequence_stoich_low_complexity_large_fallback_seed101	H0272	/scratch/10992/liaorunlong93/casp16-leaderboard/runs/server_v2_protenix_yang_oligo_sequence_stoich_low_complexity_large_fallback_seed101/inputs/inputs-update-msa.json	/scratch/10992/liaorunlong93/casp16-leaderboard/data/msa_cache/store/53/53a06b91c7f77a9d41761b633b714405cdcd324afdc601cde8434f9506a25b07/paired.a02388b1bbe3d3c7389fe299d672e2c246c313fcef198424ea1ac1b972545b16.a3m	true	415778	/scratch/10992/liaorunlong93/casp16-leaderboard/data/msa_cache/store/53/53a06b91c7f77a9d41761b633b714405cdcd324afdc601cde8434f9506a25b07/unpaired.46a73ca1ea0292f55095bcfa9035af9b67ad1e0437291eda69e60c6ad7177f06.a3m	true	134313	exact_sequence_match
H0272	4	14b8ea863c0aba246ae40b8b5b4c025d2f86c78f451226793f205886d02c3d8b	624	reused	server_v2_protenix_yang_oligo_sequence_stoich_low_complexity_large_fallback_seed101	H0272	/scratch/10992/liaorunlong93/casp16-leaderboard/runs/server_v2_protenix_yang_oligo_sequence_stoich_low_complexity_large_fallback_seed101/inputs/inputs-update-msa.json	/scratch/10992/liaorunlong93/casp16-leaderboard/data/msa_cache/store/14/14b8ea863c0aba246ae40b8b5b4c025d2f86c78f451226793f205886d02c3d8b/paired.8cf940f46dfd587d904dcff593bc470fad3c7f20b05a38b88dcce0adb2042ecd.a3m	true	697826	/scratch/10992/liaorunlong93/casp16-leaderboard/data/msa_cache/store/14/14b8ea863c0aba246ae40b8b5b4c025d2f86c78f451226793f205886d02c3d8b/unpaired.920cbed3330d7d0585229963e0591f4acd0d92d1d350578dd2a1e6ea4eb00e42.a3m	true	620646	exact_sequence_match
H0272	5	3e872160278b1f1be39d45cded20127e8285a432cfdb92a2077ea1e2c89eaab1	202	reused	server_v2_protenix_yang_oligo_sequence_stoich_low_complexity_large_fallback_seed101	H0272	/scratch/10992/liaorunlong93/casp16-leaderboard/runs/server_v2_protenix_yang_oligo_sequence_stoich_low_complexity_large_fallback_seed101/inputs/inputs-update-msa.json	/scratch/10992/liaorunlong93/casp16-leaderboard/data/msa_cache/store/3e/3e872160278b1f1be39d45cded20127e8285a432cfdb92a2077ea1e2c89eaab1/paired.384f07e6e3c3474f345b17794210eb6ef53cbe4021f048de20faf101fa19e218.a3m	true	312321	/scratch/10992/liaorunlong93/casp16-leaderboard/data/msa_cache/store/3e/3e872160278b1f1be39d45cded20127e8285a432cfdb92a2077ea1e2c89eaab1/unpaired.3b662685c1100b59afd289ca25473afc6160c057a4c80aad21d8ec081e2cd27b.a3m	true	112658	exact_sequence_match
H0272	6	b704bdc4d3b799ff5c0af5f22d19fc734bf7123aec2cdddb6eb696b0f7030a09	198	reused	server_v2_protenix_yang_oligo_sequence_stoich_low_complexity_large_fallback_seed101	H0272	/scratch/10992/liaorunlong93/casp16-leaderboard/runs/server_v2_protenix_yang_oligo_sequence_stoich_low_complexity_large_fallback_seed101/inputs/inputs-update-msa.json	/scratch/10992/liaorunlong93/casp16-leaderboard/data/msa_cache/store/b7/b704bdc4d3b799ff5c0af5f22d19fc734bf7123aec2cdddb6eb696b0f7030a09/paired.27afe716f2f01816fbed65f55f6413379b7d954ec431c412b8644119f5fcce09.a3m	true	160833	/scratch/10992/liaorunlong93/casp16-leaderboard/data/msa_cache/store/b7/b704bdc4d3b799ff5c0af5f22d19fc734bf7123aec2cdddb6eb696b0f7030a09/unpaired.73eddacc058ac357f21ff1a8914f03e290c03c6d66bb1622fea6a71e99858033.a3m	true	21279	exact_sequence_match
H1272	0	c49d32457da096a73fde5043693ca960def7c03e83f1e749a35e90b78fba1de9	363	reused	server_v2_protenix_yang_oligo_sequence_stoich_low_complexity_large_fallback_seed101	H0272	/scratch/10992/liaorunlong93/casp16-leaderboard/runs/server_v2_protenix_yang_oligo_sequence_stoich_low_complexity_large_fallback_seed101/inputs/inputs-update-msa.json	/scratch/10992/liaorunlong93/casp16-leaderboard/data/msa_cache/store/c4/c49d32457da096a73fde5043693ca960def7c03e83f1e749a35e90b78fba1de9/paired.9f5c3e2ca3ef9ad14d3a29ecc05f1bc792cdf7eb007fd35c6cdfd6ac9c1009e2.a3m	true	320228	/scratch/10992/liaorunlong93/casp16-leaderboard/data/msa_cache/store/c4/c49d32457da096a73fde5043693ca960def7c03e83f1e749a35e90b78fba1de9/unpaired.d680b5c515a76ece8ebb618bfef81c058642daf6f7c63865769e190a455acb1f.a3m	true	62906	exact_sequence_match
H1272	1	594d664fdbdb4440f603feed41ee6c5456c1da34e90f529623fdf53dafb8049c	318	reused	server_v2_protenix_yang_oligo_sequence_stoich_low_complexity_large_fallback_seed101	H0272	/scratch/10992/liaorunlong93/casp16-leaderboard/runs/server_v2_protenix_yang_oligo_sequence_stoich_low_complexity_large_fallback_seed101/inputs/inputs-update-msa.json	/scratch/10992/liaorunlong93/casp16-leaderboard/data/msa_cache/store/59/594d664fdbdb4440f603feed41ee6c5456c1da34e90f529623fdf53dafb8049c/paired.5ce17f1a1c8f505e80ac69dab558cb1d37a75d114af21379f8bf70a4ee639211.a3m	true	143037	/scratch/10992/liaorunlong93/casp16-leaderboard/data/msa_cache/store/59/594d664fdbdb4440f603feed41ee6c5456c1da34e90f529623fdf53dafb8049c/unpaired.9aa874ffb62e3e7308bac5efbeaee71df045730393436e30791e795d3730a535.a3m	true	77044	exact_sequence_match
H1272	2	a50dfbae3f7c9e8d0f19a4a0684e7652bcb198bb71494c2077243cbbd55d8774	289	reused	server_v2_protenix_yang_oligo_sequence_stoich_low_complexity_large_fallback_seed101	H0272	/scratch/10992/liaorunlong93/casp16-leaderboard/runs/server_v2_protenix_yang_oligo_sequence_stoich_low_complexity_large_fallback_seed101/inputs/inputs-update-msa.json	/scratch/10992/liaorunlong93/casp16-leaderboard/data/msa_cache/store/a5/a50dfbae3f7c9e8d0f19a4a0684e7652bcb198bb71494c2077243cbbd55d8774/paired.b13dfe730b1d387c01917394dd9575833d2f36c77224d0fc2c3928060db76748.a3m	true	411870	/scratch/10992/liaorunlong93/casp16-leaderboard/data/msa_cache/store/a5/a50dfbae3f7c9e8d0f19a4a0684e7652bcb198bb71494c2077243cbbd55d8774/unpaired.91fc3d60bd18df80909d6951dafa12cce4b506efaa59cd79581c2ebccff06c2a.a3m	true	129317	exact_sequence_match
H1272	3	53a06b91c7f77a9d41761b633b714405cdcd324afdc601cde8434f9506a25b07	291	reused	server_v2_protenix_yang_oligo_sequence_stoich_low_complexity_large_fallback_seed101	H0272	/scratch/10992/liaorunlong93/casp16-leaderboard/runs/server_v2_protenix_yang_oligo_sequence_stoich_low_complexity_large_fallback_seed101/inputs/inputs-update-msa.json	/scratch/10992/liaorunlong93/casp16-leaderboard/data/msa_cache/store/53/53a06b91c7f77a9d41761b633b714405cdcd324afdc601cde8434f9506a25b07/paired.a02388b1bbe3d3c7389fe299d672e2c246c313fcef198424ea1ac1b972545b16.a3m	true	415778	/scratch/10992/liaorunlong93/casp16-leaderboard/data/msa_cache/store/53/53a06b91c7f77a9d41761b633b714405cdcd324afdc601cde8434f9506a25b07/unpaired.46a73ca1ea0292f55095bcfa9035af9b67ad1e0437291eda69e60c6ad7177f06.a3m	true	134313	exact_sequence_match
H1272	4	14b8ea863c0aba246ae40b8b5b4c025d2f86c78f451226793f205886d02c3d8b	624	reused	server_v2_protenix_yang_oligo_sequence_stoich_low_complexity_large_fallback_seed101	H0272	/scratch/10992/liaorunlong93/casp16-leaderboard/runs/server_v2_protenix_yang_oligo_sequence_stoich_low_complexity_large_fallback_seed101/inputs/inputs-update-msa.json	/scratch/10992/liaorunlong93/casp16-leaderboard/data/msa_cache/store/14/14b8ea863c0aba246ae40b8b5b4c025d2f86c78f451226793f205886d02c3d8b/paired.8cf940f46dfd587d904dcff593bc470fad3c7f20b05a38b88dcce0adb2042ecd.a3m	true	697826	/scratch/10992/liaorunlong93/casp16-leaderboard/data/msa_cache/store/14/14b8ea863c0aba246ae40b8b5b4c025d2f86c78f451226793f205886d02c3d8b/unpaired.920cbed3330d7d0585229963e0591f4acd0d92d1d350578dd2a1e6ea4eb00e42.a3m	true	620646	exact_sequence_match
H1272	5	3e872160278b1f1be39d45cded20127e8285a432cfdb92a2077ea1e2c89eaab1	202	reused	server_v2_protenix_yang_oligo_sequence_stoich_low_complexity_large_fallback_seed101	H0272	/scratch/10992/liaorunlong93/casp16-leaderboard/runs/server_v2_protenix_yang_oligo_sequence_stoich_low_complexity_large_fallback_seed101/inputs/inputs-update-msa.json	/scratch/10992/liaorunlong93/casp16-leaderboard/data/msa_cache/store/3e/3e872160278b1f1be39d45cded20127e8285a432cfdb92a2077ea1e2c89eaab1/paired.384f07e6e3c3474f345b17794210eb6ef53cbe4021f048de20faf101fa19e218.a3m	true	312321	/scratch/10992/liaorunlong93/casp16-leaderboard/data/msa_cache/store/3e/3e872160278b1f1be39d45cded20127e8285a432cfdb92a2077ea1e2c89eaab1/unpaired.3b662685c1100b59afd289ca25473afc6160c057a4c80aad21d8ec081e2cd27b.a3m	true	112658	exact_sequence_match
H1272	6	b704bdc4d3b799ff5c0af5f22d19fc734bf7123aec2cdddb6eb696b0f7030a09	198	reused	server_v2_protenix_yang_oligo_sequence_stoich_low_complexity_large_fallback_seed101	H0272	/scratch/10992/liaorunlong93/casp16-leaderboard/runs/server_v2_protenix_yang_oligo_sequence_stoich_low_complexity_large_fallback_seed101/inputs/inputs-update-msa.json	/scratch/10992/liaorunlong93/casp16-leaderboard/data/msa_cache/store/b7/b704bdc4d3b799ff5c0af5f22d19fc734bf7123aec2cdddb6eb696b0f7030a09/paired.27afe716f2f01816fbed65f55f6413379b7d954ec431c412b8644119f5fcce09.a3m	true	160833	/scratch/10992/liaorunlong93/casp16-leaderboard/data/msa_cache/store/b7/b704bdc4d3b799ff5c0af5f22d19fc734bf7123aec2cdddb6eb696b0f7030a09/unpaired.73eddacc058ac357f21ff1a8914f03e290c03c6d66bb1622fea6a71e99858033.a3m	true	21279	exact_sequence_match
H2272	0	c49d32457da096a73fde5043693ca960def7c03e83f1e749a35e90b78fba1de9	363	reused	server_v2_protenix_yang_oligo_sequence_stoich_low_complexity_large_fallback_seed101	H0272	/scratch/10992/liaorunlong93/casp16-leaderboard/runs/server_v2_protenix_yang_oligo_sequence_stoich_low_complexity_large_fallback_seed101/inputs/inputs-update-msa.json	/scratch/10992/liaorunlong93/casp16-leaderboard/data/msa_cache/store/c4/c49d32457da096a73fde5043693ca960def7c03e83f1e749a35e90b78fba1de9/paired.9f5c3e2ca3ef9ad14d3a29ecc05f1bc792cdf7eb007fd35c6cdfd6ac9c1009e2.a3m	true	320228	/scratch/10992/liaorunlong93/casp16-leaderboard/data/msa_cache/store/c4/c49d32457da096a73fde5043693ca960def7c03e83f1e749a35e90b78fba1de9/unpaired.d680b5c515a76ece8ebb618bfef81c058642daf6f7c63865769e190a455acb1f.a3m	true	62906	exact_sequence_match
H2272	1	594d664fdbdb4440f603feed41ee6c5456c1da34e90f529623fdf53dafb8049c	318	reused	server_v2_protenix_yang_oligo_sequence_stoich_low_complexity_large_fallback_seed101	H0272	/scratch/10992/liaorunlong93/casp16-leaderboard/runs/server_v2_protenix_yang_oligo_sequence_stoich_low_complexity_large_fallback_seed101/inputs/inputs-update-msa.json	/scratch/10992/liaorunlong93/casp16-leaderboard/data/msa_cache/store/59/594d664fdbdb4440f603feed41ee6c5456c1da34e90f529623fdf53dafb8049c/paired.5ce17f1a1c8f505e80ac69dab558cb1d37a75d114af21379f8bf70a4ee639211.a3m	true	143037	/scratch/10992/liaorunlong93/casp16-leaderboard/data/msa_cache/store/59/594d664fdbdb4440f603feed41ee6c5456c1da34e90f529623fdf53dafb8049c/unpaired.9aa874ffb62e3e7308bac5efbeaee71df045730393436e30791e795d3730a535.a3m	true	77044	exact_sequence_match
H2272	2	a50dfbae3f7c9e8d0f19a4a0684e7652bcb198bb71494c2077243cbbd55d8774	289	reused	server_v2_protenix_yang_oligo_sequence_stoich_low_complexity_large_fallback_seed101	H0272	/scratch/10992/liaorunlong93/casp16-leaderboard/runs/server_v2_protenix_yang_oligo_sequence_stoich_low_complexity_large_fallback_seed101/inputs/inputs-update-msa.json	/scratch/10992/liaorunlong93/casp16-leaderboard/data/msa_cache/store/a5/a50dfbae3f7c9e8d0f19a4a0684e7652bcb198bb71494c2077243cbbd55d8774/paired.b13dfe730b1d387c01917394dd9575833d2f36c77224d0fc2c3928060db76748.a3m	true	411870	/scratch/10992/liaorunlong93/casp16-leaderboard/data/msa_cache/store/a5/a50dfbae3f7c9e8d0f19a4a0684e7652bcb198bb71494c2077243cbbd55d8774/unpaired.91fc3d60bd18df80909d6951dafa12cce4b506efaa59cd79581c2ebccff06c2a.a3m	true	129317	exact_sequence_match
H2272	3	53a06b91c7f77a9d41761b633b714405cdcd324afdc601cde8434f9506a25b07	291	reused	server_v2_protenix_yang_oligo_sequence_stoich_low_complexity_large_fallback_seed101	H0272	/scratch/10992/liaorunlong93/casp16-leaderboard/runs/server_v2_protenix_yang_oligo_sequence_stoich_low_complexity_large_fallback_seed101/inputs/inputs-update-msa.json	/scratch/10992/liaorunlong93/casp16-leaderboard/data/msa_cache/store/53/53a06b91c7f77a9d41761b633b714405cdcd324afdc601cde8434f9506a25b07/paired.a02388b1bbe3d3c7389fe299d672e2c246c313fcef198424ea1ac1b972545b16.a3m	true	415778	/scratch/10992/liaorunlong93/casp16-leaderboard/data/msa_cache/store/53/53a06b91c7f77a9d41761b633b714405cdcd324afdc601cde8434f9506a25b07/unpaired.46a73ca1ea0292f55095bcfa9035af9b67ad1e0437291eda69e60c6ad7177f06.a3m	true	134313	exact_sequence_match
H2272	4	14b8ea863c0aba246ae40b8b5b4c025d2f86c78f451226793f205886d02c3d8b	624	reused	server_v2_protenix_yang_oligo_sequence_stoich_low_complexity_large_fallback_seed101	H0272	/scratch/10992/liaorunlong93/casp16-leaderboard/runs/server_v2_protenix_yang_oligo_sequence_stoich_low_complexity_large_fallback_seed101/inputs/inputs-update-msa.json	/scratch/10992/liaorunlong93/casp16-leaderboard/data/msa_cache/store/14/14b8ea863c0aba246ae40b8b5b4c025d2f86c78f451226793f205886d02c3d8b/paired.8cf940f46dfd587d904dcff593bc470fad3c7f20b05a38b88dcce0adb2042ecd.a3m	true	697826	/scratch/10992/liaorunlong93/casp16-leaderboard/data/msa_cache/store/14/14b8ea863c0aba246ae40b8b5b4c025d2f86c78f451226793f205886d02c3d8b/unpaired.920cbed3330d7d0585229963e0591f4acd0d92d1d350578dd2a1e6ea4eb00e42.a3m	true	620646	exact_sequence_match
H2272	5	3e872160278b1f1be39d45cded20127e8285a432cfdb92a2077ea1e2c89eaab1	202	reused	server_v2_protenix_yang_oligo_sequence_stoich_low_complexity_large_fallback_seed101	H0272	/scratch/10992/liaorunlong93/casp16-leaderboard/runs/server_v2_protenix_yang_oligo_sequence_stoich_low_complexity_large_fallback_seed101/inputs/inputs-update-msa.json	/scratch/10992/liaorunlong93/casp16-leaderboard/data/msa_cache/store/3e/3e872160278b1f1be39d45cded20127e8285a432cfdb92a2077ea1e2c89eaab1/paired.384f07e6e3c3474f345b17794210eb6ef53cbe4021f048de20faf101fa19e218.a3m	true	312321	/scratch/10992/liaorunlong93/casp16-leaderboard/data/msa_cache/store/3e/3e872160278b1f1be39d45cded20127e8285a432cfdb92a2077ea1e2c89eaab1/unpaired.3b662685c1100b59afd289ca25473afc6160c057a4c80aad21d8ec081e2cd27b.a3m	true	112658	exact_sequence_match
H2272	6	b704bdc4d3b799ff5c0af5f22d19fc734bf7123aec2cdddb6eb696b0f7030a09	198	reused	server_v2_protenix_yang_oligo_sequence_stoich_low_complexity_large_fallback_seed101	H0272	/scratch/10992/liaorunlong93/casp16-leaderboard/runs/server_v2_protenix_yang_oligo_sequence_stoich_low_complexity_large_fallback_seed101/inputs/inputs-update-msa.json	/scratch/10992/liaorunlong93/casp16-leaderboard/data/msa_cache/store/b7/b704bdc4d3b799ff5c0af5f22d19fc734bf7123aec2cdddb6eb696b0f7030a09/paired.27afe716f2f01816fbed65f55f6413379b7d954ec431c412b8644119f5fcce09.a3m	true	160833	/scratch/10992/liaorunlong93/casp16-leaderboard/data/msa_cache/store/b7/b704bdc4d3b799ff5c0af5f22d19fc734bf7123aec2cdddb6eb696b0f7030a09/unpaired.73eddacc058ac357f21ff1a8914f03e290c03c6d66bb1622fea6a71e99858033.a3m	true	21279	exact_sequence_match
H0220	0	59a239546373319bc924d972c6279be91b01ece6ee5ccdf8f760bb4874bd9ee9	1711	reused	server_v2_protenix_yang_oligo_sequence_stoich_low_complexity_large_fallback_seed101	H0220	/scratch/10992/liaorunlong93/casp16-leaderboard/runs/server_v2_protenix_yang_oligo_sequence_stoich_low_complexity_large_fallback_seed101/inputs/inputs-update-msa.json	/scratch/10992/liaorunlong93/casp16-leaderboard/data/msa_cache/store/59/59a239546373319bc924d972c6279be91b01ece6ee5ccdf8f760bb4874bd9ee9/paired.baf966e8dc0f013a00544f69b7928d7493ee07d3ea0a46a9c619b60641193978.a3m	true	155803	/scratch/10992/liaorunlong93/casp16-leaderboard/data/msa_cache/store/59/59a239546373319bc924d972c6279be91b01ece6ee5ccdf8f760bb4874bd9ee9/unpaired.b06a3518cc2d290d82b4ee897642ced087bbacff3fd7e7a872dceb903468e1f9.a3m	true	33796	exact_sequence_match
H0220	1	83dbd06877dc56689f7a06217b8d57ca8976659e0715bc05ffd5638f3d79d2f1	201	reused	server_v2_protenix_yang_oligo_sequence_stoich_low_complexity_large_fallback_seed101	H0220	/scratch/10992/liaorunlong93/casp16-leaderboard/runs/server_v2_protenix_yang_oligo_sequence_stoich_low_complexity_large_fallback_seed101/inputs/inputs-update-msa.json	/scratch/10992/liaorunlong93/casp16-leaderboard/data/msa_cache/store/83/83dbd06877dc56689f7a06217b8d57ca8976659e0715bc05ffd5638f3d79d2f1/paired.6cebb06c1a4f8e8207f9f590b6c193ab96fdafa9c47377dd5c46895c8be94d59.a3m	true	8067	/scratch/10992/liaorunlong93/casp16-leaderboard/data/msa_cache/store/83/83dbd06877dc56689f7a06217b8d57ca8976659e0715bc05ffd5638f3d79d2f1/unpaired.29355a05191ffc3b5cd12c3646c182c80b1e943bb2b42b9ca7197478f9442fc8.a3m	true	3261	exact_sequence_match
H1220	0	59a239546373319bc924d972c6279be91b01ece6ee5ccdf8f760bb4874bd9ee9	1711	reused	server_v2_protenix_yang_oligo_sequence_stoich_low_complexity_large_fallback_seed101	H0220	/scratch/10992/liaorunlong93/casp16-leaderboard/runs/server_v2_protenix_yang_oligo_sequence_stoich_low_complexity_large_fallback_seed101/inputs/inputs-update-msa.json	/scratch/10992/liaorunlong93/casp16-leaderboard/data/msa_cache/store/59/59a239546373319bc924d972c6279be91b01ece6ee5ccdf8f760bb4874bd9ee9/paired.baf966e8dc0f013a00544f69b7928d7493ee07d3ea0a46a9c619b60641193978.a3m	true	155803	/scratch/10992/liaorunlong93/casp16-leaderboard/data/msa_cache/store/59/59a239546373319bc924d972c6279be91b01ece6ee5ccdf8f760bb4874bd9ee9/unpaired.b06a3518cc2d290d82b4ee897642ced087bbacff3fd7e7a872dceb903468e1f9.a3m	true	33796	exact_sequence_match
H1220	1	83dbd06877dc56689f7a06217b8d57ca8976659e0715bc05ffd5638f3d79d2f1	201	reused	server_v2_protenix_yang_oligo_sequence_stoich_low_complexity_large_fallback_seed101	H0220	/scratch/10992/liaorunlong93/casp16-leaderboard/runs/server_v2_protenix_yang_oligo_sequence_stoich_low_complexity_large_fallback_seed101/inputs/inputs-update-msa.json	/scratch/10992/liaorunlong93/casp16-leaderboard/data/msa_cache/store/83/83dbd06877dc56689f7a06217b8d57ca8976659e0715bc05ffd5638f3d79d2f1/paired.6cebb06c1a4f8e8207f9f590b6c193ab96fdafa9c47377dd5c46895c8be94d59.a3m	true	8067	/scratch/10992/liaorunlong93/casp16-leaderboard/data/msa_cache/store/83/83dbd06877dc56689f7a06217b8d57ca8976659e0715bc05ffd5638f3d79d2f1/unpaired.29355a05191ffc3b5cd12c3646c182c80b1e943bb2b42b9ca7197478f9442fc8.a3m	true	3261	exact_sequence_match
H2220	0	59a239546373319bc924d972c6279be91b01ece6ee5ccdf8f760bb4874bd9ee9	1711	reused	server_v2_protenix_yang_oligo_sequence_stoich_low_complexity_large_fallback_seed101	H0220	/scratch/10992/liaorunlong93/casp16-leaderboard/runs/server_v2_protenix_yang_oligo_sequence_stoich_low_complexity_large_fallback_seed101/inputs/inputs-update-msa.json	/scratch/10992/liaorunlong93/casp16-leaderboard/data/msa_cache/store/59/59a239546373319bc924d972c6279be91b01ece6ee5ccdf8f760bb4874bd9ee9/paired.baf966e8dc0f013a00544f69b7928d7493ee07d3ea0a46a9c619b60641193978.a3m	true	155803	/scratch/10992/liaorunlong93/casp16-leaderboard/data/msa_cache/store/59/59a239546373319bc924d972c6279be91b01ece6ee5ccdf8f760bb4874bd9ee9/unpaired.b06a3518cc2d290d82b4ee897642ced087bbacff3fd7e7a872dceb903468e1f9.a3m	true	33796	exact_sequence_match
H2220	1	83dbd06877dc56689f7a06217b8d57ca8976659e0715bc05ffd5638f3d79d2f1	201	reused	server_v2_protenix_yang_oligo_sequence_stoich_low_complexity_large_fallback_seed101	H0220	/scratch/10992/liaorunlong93/casp16-leaderboard/runs/server_v2_protenix_yang_oligo_sequence_stoich_low_complexity_large_fallback_seed101/inputs/inputs-update-msa.json	/scratch/10992/liaorunlong93/casp16-leaderboard/data/msa_cache/store/83/83dbd06877dc56689f7a06217b8d57ca8976659e0715bc05ffd5638f3d79d2f1/paired.6cebb06c1a4f8e8207f9f590b6c193ab96fdafa9c47377dd5c46895c8be94d59.a3m	true	8067	/scratch/10992/liaorunlong93/casp16-leaderboard/data/msa_cache/store/83/83dbd06877dc56689f7a06217b8d57ca8976659e0715bc05ffd5638f3d79d2f1/unpaired.29355a05191ffc3b5cd12c3646c182c80b1e943bb2b42b9ca7197478f9442fc8.a3m	true	3261	exact_sequence_match
H0258	0	f1dd6dfa4634f6c87ed6456d63764c893d6169525d978b7a78dbc1f4c8575483	2535	reused	server_v2_protenix_yang_oligo_sequence_stoich_low_complexity_large_fallback_seed101	H0258	/scratch/10992/liaorunlong93/casp16-leaderboard/runs/server_v2_protenix_yang_oligo_sequence_stoich_low_complexity_large_fallback_seed101/inputs/inputs-update-msa.json	/scratch/10992/liaorunlong93/casp16-leaderboard/data/msa_cache/store/f1/f1dd6dfa4634f6c87ed6456d63764c893d6169525d978b7a78dbc1f4c8575483/paired.4962b208694b3ac32d83abb83f77da0ffc977488bfcff93d1dcaf1f63f34aaf9.a3m	true	13579372	/scratch/10992/liaorunlong93/casp16-leaderboard/data/msa_cache/store/f1/f1dd6dfa4634f6c87ed6456d63764c893d6169525d978b7a78dbc1f4c8575483/unpaired.7ec81cdd48a95814fe2e231d2508c45dd9b1a8a34bbf1353f7f82b04ccb6a992.a3m	true	10681136	exact_sequence_match
H1258	0	f1dd6dfa4634f6c87ed6456d63764c893d6169525d978b7a78dbc1f4c8575483	2535	reused	server_v2_protenix_yang_oligo_sequence_stoich_low_complexity_large_fallback_seed101	H0258	/scratch/10992/liaorunlong93/casp16-leaderboard/runs/server_v2_protenix_yang_oligo_sequence_stoich_low_complexity_large_fallback_seed101/inputs/inputs-update-msa.json	/scratch/10992/liaorunlong93/casp16-leaderboard/data/msa_cache/store/f1/f1dd6dfa4634f6c87ed6456d63764c893d6169525d978b7a78dbc1f4c8575483/paired.4962b208694b3ac32d83abb83f77da0ffc977488bfcff93d1dcaf1f63f34aaf9.a3m	true	13579372	/scratch/10992/liaorunlong93/casp16-leaderboard/data/msa_cache/store/f1/f1dd6dfa4634f6c87ed6456d63764c893d6169525d978b7a78dbc1f4c8575483/unpaired.7ec81cdd48a95814fe2e231d2508c45dd9b1a8a34bbf1353f7f82b04ccb6a992.a3m	true	10681136	exact_sequence_match
H2258	0	f1dd6dfa4634f6c87ed6456d63764c893d6169525d978b7a78dbc1f4c8575483	2535	reused	server_v2_protenix_yang_oligo_sequence_stoich_low_complexity_large_fallback_seed101	H0258	/scratch/10992/liaorunlong93/casp16-leaderboard/runs/server_v2_protenix_yang_oligo_sequence_stoich_low_complexity_large_fallback_seed101/inputs/inputs-update-msa.json	/scratch/10992/liaorunlong93/casp16-leaderboard/data/msa_cache/store/f1/f1dd6dfa4634f6c87ed6456d63764c893d6169525d978b7a78dbc1f4c8575483/paired.4962b208694b3ac32d83abb83f77da0ffc977488bfcff93d1dcaf1f63f34aaf9.a3m	true	13579372	/scratch/10992/liaorunlong93/casp16-leaderboard/data/msa_cache/store/f1/f1dd6dfa4634f6c87ed6456d63764c893d6169525d978b7a78dbc1f4c8575483/unpaired.7ec81cdd48a95814fe2e231d2508c45dd9b1a8a34bbf1353f7f82b04ccb6a992.a3m	true	10681136	exact_sequence_match
T0206	0	f88188b8caba776501637651f3c41ab3b08bbc237761c098d25da0490332318a	237	reused	server_v2_protenix_yang_oligo_sequence_stoich_low_complexity_large_fallback_seed101	T0206	/scratch/10992/liaorunlong93/casp16-leaderboard/runs/server_v2_protenix_yang_oligo_sequence_stoich_low_complexity_large_fallback_seed101/inputs/inputs-update-msa.json	/scratch/10992/liaorunlong93/casp16-leaderboard/data/msa_cache/store/f8/f88188b8caba776501637651f3c41ab3b08bbc237761c098d25da0490332318a/paired.383974df59ba251679051b4eb019b7e08b3dbd13c2dd127def99037158e58d93.a3m	true	15063	/scratch/10992/liaorunlong93/casp16-leaderboard/data/msa_cache/store/f8/f88188b8caba776501637651f3c41ab3b08bbc237761c098d25da0490332318a/unpaired.3298e8f46eb3600e5e199738bbbdfd2f97a97ab14d5defb4c615df7ecefeeae0.a3m	true	2912	exact_sequence_match
T0234	0	92e0ae5ec6bea77badf08dafbd68178a36fa7245a33b543b0ae70828eb29699e	413	reused	server_v2_protenix_yang_oligo_sequence_stoich_low_complexity_large_fallback_seed101	T0234	/scratch/10992/liaorunlong93/casp16-leaderboard/runs/server_v2_protenix_yang_oligo_sequence_stoich_low_complexity_large_fallback_seed101/inputs/inputs-update-msa.json	/scratch/10992/liaorunlong93/casp16-leaderboard/data/msa_cache/store/92/92e0ae5ec6bea77badf08dafbd68178a36fa7245a33b543b0ae70828eb29699e/paired.15314eead58e4c97d60bd4f95d3ec7dd0853319910faa090274c6fc62960f0ed.a3m	true	5383	/scratch/10992/liaorunlong93/casp16-leaderboard/data/msa_cache/store/92/92e0ae5ec6bea77badf08dafbd68178a36fa7245a33b543b0ae70828eb29699e/unpaired.e4215bceb45b774c457385f90559faf2576275875ae0d30e8e5ed3c5f3dc27dd.a3m	true	16680	exact_sequence_match
T0235	0	60828aeb55d92f67cd0a5163963debca946a1960214b919cc0de99bcd0c0ba13	115	reused	server_v2_protenix_yang_oligo_sequence_stoich_low_complexity_large_fallback_seed101	T0235	/scratch/10992/liaorunlong93/casp16-leaderboard/runs/server_v2_protenix_yang_oligo_sequence_stoich_low_complexity_large_fallback_seed101/inputs/inputs-update-msa.json	/scratch/10992/liaorunlong93/casp16-leaderboard/data/msa_cache/store/60/60828aeb55d92f67cd0a5163963debca946a1960214b919cc0de99bcd0c0ba13/paired.916ec02d85caa54aa5d2b22859c5a9df570a75a8e56278eee3f3d22e568ee004.a3m	true	308	/scratch/10992/liaorunlong93/casp16-leaderboard/data/msa_cache/store/60/60828aeb55d92f67cd0a5163963debca946a1960214b919cc0de99bcd0c0ba13/unpaired.d536a2f9acc6465c577ba2060b395140e7c3c0ca0b01bf596977ecc233e769b1.a3m	true	3161	exact_sequence_match
T1201	0	a6269a72401e03d5ecbdfeee6984f548e56425fbd8de3dc18db502b5f3f099ab	204	reused	server_v2_protenix_yang_oligo_sequence_stoich_low_complexity_large_fallback_seed101	T1201	/scratch/10992/liaorunlong93/casp16-leaderboard/runs/server_v2_protenix_yang_oligo_sequence_stoich_low_complexity_large_fallback_seed101/inputs/inputs-update-msa.json	/scratch/10992/liaorunlong93/casp16-leaderboard/data/msa_cache/store/a6/a6269a72401e03d5ecbdfeee6984f548e56425fbd8de3dc18db502b5f3f099ab/paired.ff9767888d136af626b6149df7df2608222c32eb2e9628c2ccfdb45d08caa9ba.a3m	true	143439	/scratch/10992/liaorunlong93/casp16-leaderboard/data/msa_cache/store/a6/a6269a72401e03d5ecbdfeee6984f548e56425fbd8de3dc18db502b5f3f099ab/unpaired.773357926ff97645b451b04a224fe6606d459d51ba6bf316ca0ed5ffcc7b3165.a3m	true	145586	exact_sequence_match
T1206	0	f88188b8caba776501637651f3c41ab3b08bbc237761c098d25da0490332318a	237	reused	server_v2_protenix_yang_oligo_sequence_stoich_low_complexity_large_fallback_seed101	T0206	/scratch/10992/liaorunlong93/casp16-leaderboard/runs/server_v2_protenix_yang_oligo_sequence_stoich_low_complexity_large_fallback_seed101/inputs/inputs-update-msa.json	/scratch/10992/liaorunlong93/casp16-leaderboard/data/msa_cache/store/f8/f88188b8caba776501637651f3c41ab3b08bbc237761c098d25da0490332318a/paired.383974df59ba251679051b4eb019b7e08b3dbd13c2dd127def99037158e58d93.a3m	true	15063	/scratch/10992/liaorunlong93/casp16-leaderboard/data/msa_cache/store/f8/f88188b8caba776501637651f3c41ab3b08bbc237761c098d25da0490332318a/unpaired.3298e8f46eb3600e5e199738bbbdfd2f97a97ab14d5defb4c615df7ecefeeae0.a3m	true	2912	exact_sequence_match
T1210	0	b566abc20ec2e86bb1df8bad608e5d0271d85d24d46730e2977ef2b2bcfec2af	1770	reused	server_v2_protenix_yang_oligo_sequence_stoich_low_complexity_large_fallback_seed101	T1210	/scratch/10992/liaorunlong93/casp16-leaderboard/runs/server_v2_protenix_yang_oligo_sequence_stoich_low_complexity_large_fallback_seed101/inputs/inputs-update-msa.json	/scratch/10992/liaorunlong93/casp16-leaderboard/data/msa_cache/store/b5/b566abc20ec2e86bb1df8bad608e5d0271d85d24d46730e2977ef2b2bcfec2af/paired.1afecd7da3bd89d6bc765e1a72585ff575a5e63a7f0f26e7351462f8d41d5217.a3m	true	1103265	/scratch/10992/liaorunlong93/casp16-leaderboard/data/msa_cache/store/b5/b566abc20ec2e86bb1df8bad608e5d0271d85d24d46730e2977ef2b2bcfec2af/unpaired.c5fe6cc77d7d48c245dbd4c8a58dfdbffd8cc62794e501cff675da93529e773a.a3m	true	920609	exact_sequence_match
T1234	0	92e0ae5ec6bea77badf08dafbd68178a36fa7245a33b543b0ae70828eb29699e	413	reused	server_v2_protenix_yang_oligo_sequence_stoich_low_complexity_large_fallback_seed101	T0234	/scratch/10992/liaorunlong93/casp16-leaderboard/runs/server_v2_protenix_yang_oligo_sequence_stoich_low_complexity_large_fallback_seed101/inputs/inputs-update-msa.json	/scratch/10992/liaorunlong93/casp16-leaderboard/data/msa_cache/store/92/92e0ae5ec6bea77badf08dafbd68178a36fa7245a33b543b0ae70828eb29699e/paired.15314eead58e4c97d60bd4f95d3ec7dd0853319910faa090274c6fc62960f0ed.a3m	true	5383	/scratch/10992/liaorunlong93/casp16-leaderboard/data/msa_cache/store/92/92e0ae5ec6bea77badf08dafbd68178a36fa7245a33b543b0ae70828eb29699e/unpaired.e4215bceb45b774c457385f90559faf2576275875ae0d30e8e5ed3c5f3dc27dd.a3m	true	16680	exact_sequence_match
T1235	0	60828aeb55d92f67cd0a5163963debca946a1960214b919cc0de99bcd0c0ba13	115	reused	server_v2_protenix_yang_oligo_sequence_stoich_low_complexity_large_fallback_seed101	T0235	/scratch/10992/liaorunlong93/casp16-leaderboard/runs/server_v2_protenix_yang_oligo_sequence_stoich_low_complexity_large_fallback_seed101/inputs/inputs-update-msa.json	/scratch/10992/liaorunlong93/casp16-leaderboard/data/msa_cache/store/60/60828aeb55d92f67cd0a5163963debca946a1960214b919cc0de99bcd0c0ba13/paired.916ec02d85caa54aa5d2b22859c5a9df570a75a8e56278eee3f3d22e568ee004.a3m	true	308	/scratch/10992/liaorunlong93/casp16-leaderboard/data/msa_cache/store/60/60828aeb55d92f67cd0a5163963debca946a1960214b919cc0de99bcd0c0ba13/unpaired.d536a2f9acc6465c577ba2060b395140e7c3c0ca0b01bf596977ecc233e769b1.a3m	true	3161	exact_sequence_match
T1249V1	0	1784bf03d1dc24f560d1fc8d2be2ee5c06b56f0324c6b75497fa9a0fdfd9210f	488	reused	server_v2_protenix_yang_oligo_sequence_stoich_low_complexity_large_fallback_seed101	T1249V1	/scratch/10992/liaorunlong93/casp16-leaderboard/runs/server_v2_protenix_yang_oligo_sequence_stoich_low_complexity_large_fallback_seed101/inputs/inputs-update-msa.json	/scratch/10992/liaorunlong93/casp16-leaderboard/data/msa_cache/store/17/1784bf03d1dc24f560d1fc8d2be2ee5c06b56f0324c6b75497fa9a0fdfd9210f/paired.768ecae9d29dc438ccedf531f7ab0e818875dddeb0831fceed4cdbccd04f731c.a3m	true	141671	/scratch/10992/liaorunlong93/casp16-leaderboard/data/msa_cache/store/17/1784bf03d1dc24f560d1fc8d2be2ee5c06b56f0324c6b75497fa9a0fdfd9210f/unpaired.6a15684d5019bd94fdc68f7a7cad8cbf032180ee9416af2fc3d4fbef9f356cfb.a3m	true	11174	exact_sequence_match
T1266	0	746b2667bf6defc9d729eaa400f5b3642d0433faae82a9c0bbfae5649401438c	316	reused	server_v2_protenix_yang_oligo_sequence_stoich_low_complexity_large_fallback_seed101	T1266	/scratch/10992/liaorunlong93/casp16-leaderboard/runs/server_v2_protenix_yang_oligo_sequence_stoich_low_complexity_large_fallback_seed101/inputs/inputs-update-msa.json	/scratch/10992/liaorunlong93/casp16-leaderboard/data/msa_cache/store/74/746b2667bf6defc9d729eaa400f5b3642d0433faae82a9c0bbfae5649401438c/paired.8a8659744449e0b40ebe8fffb7521f17db9413507557817571b7e4237f5bc143.a3m	true	651858	/scratch/10992/liaorunlong93/casp16-leaderboard/data/msa_cache/store/74/746b2667bf6defc9d729eaa400f5b3642d0433faae82a9c0bbfae5649401438c/unpaired.3d35a748c849a9982f2981da436d1fa290cd0bac1eff4a917fe697c95c1c67bd.a3m	true	574705	exact_sequence_match
T1269	0	64f2f8c89ef65bc17dc8ae25e044770585de4ff3d34f6c2b06398e802bd4bb77	1410	reused	server_v2_protenix_yang_oligo_sequence_stoich_low_complexity_large_fallback_seed101	T1269	/scratch/10992/liaorunlong93/casp16-leaderboard/runs/server_v2_protenix_yang_oligo_sequence_stoich_low_complexity_large_fallback_seed101/inputs/inputs-update-msa.json	/scratch/10992/liaorunlong93/casp16-leaderboard/data/msa_cache/store/64/64f2f8c89ef65bc17dc8ae25e044770585de4ff3d34f6c2b06398e802bd4bb77/paired.8a7bd2eb2f362ceba1547add9b4f908657ef717dbb67f5eeb59fbcd3fb273e36.a3m	true	13758397	/scratch/10992/liaorunlong93/casp16-leaderboard/data/msa_cache/store/64/64f2f8c89ef65bc17dc8ae25e044770585de4ff3d34f6c2b06398e802bd4bb77/unpaired.1db2febb6e58d7fe54730864d25686f50fb614cd3b4d2105c1748a4483f60dc7.a3m	true	7232654	exact_sequence_match
T1280	0	fed44728d308435eef3f5fc607ac68f6b37a275bdd2ed802955b75d27e4f8336	237	reused	server_v2_protenix_yang_oligo_sequence_stoich_low_complexity_large_fallback_seed101	T1280	/scratch/10992/liaorunlong93/casp16-leaderboard/runs/server_v2_protenix_yang_oligo_sequence_stoich_low_complexity_large_fallback_seed101/inputs/inputs-update-msa.json	/scratch/10992/liaorunlong93/casp16-leaderboard/data/msa_cache/store/fe/fed44728d308435eef3f5fc607ac68f6b37a275bdd2ed802955b75d27e4f8336/paired.1bac61954e8785e451e0364ee881ece18ccf828a05b50cc71c21957ec766e0f0.a3m	true	1292564	/scratch/10992/liaorunlong93/casp16-leaderboard/data/msa_cache/store/fe/fed44728d308435eef3f5fc607ac68f6b37a275bdd2ed802955b75d27e4f8336/unpaired.9230725c63b1970dab90aa5bce7cf83ab9eb157258e2dd1943732c2e5941f9ba.a3m	true	1902768	exact_sequence_match
T1298	0	b1d8e2a75cdddf89399c3b089e7c4dc9954162ea4d00e4193dc6b0df67641053	342	reused	server_v2_protenix_yang_oligo_sequence_stoich_low_complexity_large_fallback_seed101	T1298	/scratch/10992/liaorunlong93/casp16-leaderboard/runs/server_v2_protenix_yang_oligo_sequence_stoich_low_complexity_large_fallback_seed101/inputs/inputs-update-msa.json	/scratch/10992/liaorunlong93/casp16-leaderboard/data/msa_cache/store/b1/b1d8e2a75cdddf89399c3b089e7c4dc9954162ea4d00e4193dc6b0df67641053/paired.f120294309eea5e5a52944a030e8d94373a1ed980d6a9b1d07ec5184c602e8d7.a3m	true	129190	/scratch/10992/liaorunlong93/casp16-leaderboard/data/msa_cache/store/b1/b1d8e2a75cdddf89399c3b089e7c4dc9954162ea4d00e4193dc6b0df67641053/unpaired.0f4dac7de0493683e33bcb50925eaa1e9fbd758935cef4d376b6f1090249c271.a3m	true	517613	exact_sequence_match
T1299	0	3810219a4d1679aa518a671b2cf10fa71779642b30868ec0c9d7db9d9cd09db8	168	reused	server_v2_protenix_yang_oligo_sequence_stoich_low_complexity_large_fallback_seed101	T1299	/scratch/10992/liaorunlong93/casp16-leaderboard/runs/server_v2_protenix_yang_oligo_sequence_stoich_low_complexity_large_fallback_seed101/inputs/inputs-update-msa.json	/scratch/10992/liaorunlong93/casp16-leaderboard/data/msa_cache/store/38/3810219a4d1679aa518a671b2cf10fa71779642b30868ec0c9d7db9d9cd09db8/paired.2e6f88deac875fbe0640772f6983f41562d58589a366d08b8db37f5b5117342d.a3m	true	119494	/scratch/10992/liaorunlong93/casp16-leaderboard/data/msa_cache/store/38/3810219a4d1679aa518a671b2cf10fa71779642b30868ec0c9d7db9d9cd09db8/unpaired.d8f48a3a191e7a806110a11e74ab133050a1e3df4ec8f89d97585fe16373b530.a3m	true	78725	exact_sequence_match
T2201	0	a6269a72401e03d5ecbdfeee6984f548e56425fbd8de3dc18db502b5f3f099ab	204	reused	server_v2_protenix_yang_oligo_sequence_stoich_low_complexity_large_fallback_seed101	T1201	/scratch/10992/liaorunlong93/casp16-leaderboard/runs/server_v2_protenix_yang_oligo_sequence_stoich_low_complexity_large_fallback_seed101/inputs/inputs-update-msa.json	/scratch/10992/liaorunlong93/casp16-leaderboard/data/msa_cache/store/a6/a6269a72401e03d5ecbdfeee6984f548e56425fbd8de3dc18db502b5f3f099ab/paired.ff9767888d136af626b6149df7df2608222c32eb2e9628c2ccfdb45d08caa9ba.a3m	true	143439	/scratch/10992/liaorunlong93/casp16-leaderboard/data/msa_cache/store/a6/a6269a72401e03d5ecbdfeee6984f548e56425fbd8de3dc18db502b5f3f099ab/unpaired.773357926ff97645b451b04a224fe6606d459d51ba6bf316ca0ed5ffcc7b3165.a3m	true	145586	exact_sequence_match
T2206	0	f88188b8caba776501637651f3c41ab3b08bbc237761c098d25da0490332318a	237	reused	server_v2_protenix_yang_oligo_sequence_stoich_low_complexity_large_fallback_seed101	T0206	/scratch/10992/liaorunlong93/casp16-leaderboard/runs/server_v2_protenix_yang_oligo_sequence_stoich_low_complexity_large_fallback_seed101/inputs/inputs-update-msa.json	/scratch/10992/liaorunlong93/casp16-leaderboard/data/msa_cache/store/f8/f88188b8caba776501637651f3c41ab3b08bbc237761c098d25da0490332318a/paired.383974df59ba251679051b4eb019b7e08b3dbd13c2dd127def99037158e58d93.a3m	true	15063	/scratch/10992/liaorunlong93/casp16-leaderboard/data/msa_cache/store/f8/f88188b8caba776501637651f3c41ab3b08bbc237761c098d25da0490332318a/unpaired.3298e8f46eb3600e5e199738bbbdfd2f97a97ab14d5defb4c615df7ecefeeae0.a3m	true	2912	exact_sequence_match
T2210	0	b566abc20ec2e86bb1df8bad608e5d0271d85d24d46730e2977ef2b2bcfec2af	1770	reused	server_v2_protenix_yang_oligo_sequence_stoich_low_complexity_large_fallback_seed101	T1210	/scratch/10992/liaorunlong93/casp16-leaderboard/runs/server_v2_protenix_yang_oligo_sequence_stoich_low_complexity_large_fallback_seed101/inputs/inputs-update-msa.json	/scratch/10992/liaorunlong93/casp16-leaderboard/data/msa_cache/store/b5/b566abc20ec2e86bb1df8bad608e5d0271d85d24d46730e2977ef2b2bcfec2af/paired.1afecd7da3bd89d6bc765e1a72585ff575a5e63a7f0f26e7351462f8d41d5217.a3m	true	1103265	/scratch/10992/liaorunlong93/casp16-leaderboard/data/msa_cache/store/b5/b566abc20ec2e86bb1df8bad608e5d0271d85d24d46730e2977ef2b2bcfec2af/unpaired.c5fe6cc77d7d48c245dbd4c8a58dfdbffd8cc62794e501cff675da93529e773a.a3m	true	920609	exact_sequence_match
T2234	0	92e0ae5ec6bea77badf08dafbd68178a36fa7245a33b543b0ae70828eb29699e	413	reused	server_v2_protenix_yang_oligo_sequence_stoich_low_complexity_large_fallback_seed101	T0234	/scratch/10992/liaorunlong93/casp16-leaderboard/runs/server_v2_protenix_yang_oligo_sequence_stoich_low_complexity_large_fallback_seed101/inputs/inputs-update-msa.json	/scratch/10992/liaorunlong93/casp16-leaderboard/data/msa_cache/store/92/92e0ae5ec6bea77badf08dafbd68178a36fa7245a33b543b0ae70828eb29699e/paired.15314eead58e4c97d60bd4f95d3ec7dd0853319910faa090274c6fc62960f0ed.a3m	true	5383	/scratch/10992/liaorunlong93/casp16-leaderboard/data/msa_cache/store/92/92e0ae5ec6bea77badf08dafbd68178a36fa7245a33b543b0ae70828eb29699e/unpaired.e4215bceb45b774c457385f90559faf2576275875ae0d30e8e5ed3c5f3dc27dd.a3m	true	16680	exact_sequence_match
T2235	0	60828aeb55d92f67cd0a5163963debca946a1960214b919cc0de99bcd0c0ba13	115	reused	server_v2_protenix_yang_oligo_sequence_stoich_low_complexity_large_fallback_seed101	T0235	/scratch/10992/liaorunlong93/casp16-leaderboard/runs/server_v2_protenix_yang_oligo_sequence_stoich_low_complexity_large_fallback_seed101/inputs/inputs-update-msa.json	/scratch/10992/liaorunlong93/casp16-leaderboard/data/msa_cache/store/60/60828aeb55d92f67cd0a5163963debca946a1960214b919cc0de99bcd0c0ba13/paired.916ec02d85caa54aa5d2b22859c5a9df570a75a8e56278eee3f3d22e568ee004.a3m	true	308	/scratch/10992/liaorunlong93/casp16-leaderboard/data/msa_cache/store/60/60828aeb55d92f67cd0a5163963debca946a1960214b919cc0de99bcd0c0ba13/unpaired.d536a2f9acc6465c577ba2060b395140e7c3c0ca0b01bf596977ecc233e769b1.a3m	true	3161	exact_sequence_match
T2249V1	0	1784bf03d1dc24f560d1fc8d2be2ee5c06b56f0324c6b75497fa9a0fdfd9210f	488	reused	server_v2_protenix_yang_oligo_sequence_stoich_low_complexity_large_fallback_seed101	T1249V1	/scratch/10992/liaorunlong93/casp16-leaderboard/runs/server_v2_protenix_yang_oligo_sequence_stoich_low_complexity_large_fallback_seed101/inputs/inputs-update-msa.json	/scratch/10992/liaorunlong93/casp16-leaderboard/data/msa_cache/store/17/1784bf03d1dc24f560d1fc8d2be2ee5c06b56f0324c6b75497fa9a0fdfd9210f/paired.768ecae9d29dc438ccedf531f7ab0e818875dddeb0831fceed4cdbccd04f731c.a3m	true	141671	/scratch/10992/liaorunlong93/casp16-leaderboard/data/msa_cache/store/17/1784bf03d1dc24f560d1fc8d2be2ee5c06b56f0324c6b75497fa9a0fdfd9210f/unpaired.6a15684d5019bd94fdc68f7a7cad8cbf032180ee9416af2fc3d4fbef9f356cfb.a3m	true	11174	exact_sequence_match
T2266	0	746b2667bf6defc9d729eaa400f5b3642d0433faae82a9c0bbfae5649401438c	316	reused	server_v2_protenix_yang_oligo_sequence_stoich_low_complexity_large_fallback_seed101	T1266	/scratch/10992/liaorunlong93/casp16-leaderboard/runs/server_v2_protenix_yang_oligo_sequence_stoich_low_complexity_large_fallback_seed101/inputs/inputs-update-msa.json	/scratch/10992/liaorunlong93/casp16-leaderboard/data/msa_cache/store/74/746b2667bf6defc9d729eaa400f5b3642d0433faae82a9c0bbfae5649401438c/paired.8a8659744449e0b40ebe8fffb7521f17db9413507557817571b7e4237f5bc143.a3m	true	651858	/scratch/10992/liaorunlong93/casp16-leaderboard/data/msa_cache/store/74/746b2667bf6defc9d729eaa400f5b3642d0433faae82a9c0bbfae5649401438c/unpaired.3d35a748c849a9982f2981da436d1fa290cd0bac1eff4a917fe697c95c1c67bd.a3m	true	574705	exact_sequence_match
T2269	0	64f2f8c89ef65bc17dc8ae25e044770585de4ff3d34f6c2b06398e802bd4bb77	1410	reused	server_v2_protenix_yang_oligo_sequence_stoich_low_complexity_large_fallback_seed101	T1269	/scratch/10992/liaorunlong93/casp16-leaderboard/runs/server_v2_protenix_yang_oligo_sequence_stoich_low_complexity_large_fallback_seed101/inputs/inputs-update-msa.json	/scratch/10992/liaorunlong93/casp16-leaderboard/data/msa_cache/store/64/64f2f8c89ef65bc17dc8ae25e044770585de4ff3d34f6c2b06398e802bd4bb77/paired.8a7bd2eb2f362ceba1547add9b4f908657ef717dbb67f5eeb59fbcd3fb273e36.a3m	true	13758397	/scratch/10992/liaorunlong93/casp16-leaderboard/data/msa_cache/store/64/64f2f8c89ef65bc17dc8ae25e044770585de4ff3d34f6c2b06398e802bd4bb77/unpaired.1db2febb6e58d7fe54730864d25686f50fb614cd3b4d2105c1748a4483f60dc7.a3m	true	7232654	exact_sequence_match
T2280	0	fed44728d308435eef3f5fc607ac68f6b37a275bdd2ed802955b75d27e4f8336	237	reused	server_v2_protenix_yang_oligo_sequence_stoich_low_complexity_large_fallback_seed101	T1280	/scratch/10992/liaorunlong93/casp16-leaderboard/runs/server_v2_protenix_yang_oligo_sequence_stoich_low_complexity_large_fallback_seed101/inputs/inputs-update-msa.json	/scratch/10992/liaorunlong93/casp16-leaderboard/data/msa_cache/store/fe/fed44728d308435eef3f5fc607ac68f6b37a275bdd2ed802955b75d27e4f8336/paired.1bac61954e8785e451e0364ee881ece18ccf828a05b50cc71c21957ec766e0f0.a3m	true	1292564	/scratch/10992/liaorunlong93/casp16-leaderboard/data/msa_cache/store/fe/fed44728d308435eef3f5fc607ac68f6b37a275bdd2ed802955b75d27e4f8336/unpaired.9230725c63b1970dab90aa5bce7cf83ab9eb157258e2dd1943732c2e5941f9ba.a3m	true	1902768	exact_sequence_match
