target_id,prediction_path,confidence_path,selection_qa_path,candidate_count,pairwise_ok_count,consensus_score,cluster_support,min_cluster_score,status,message
T0235O,/scratch/10992/liaorunlong93/casp16-leaderboard/runs/server_v2_attack_scoreable_input_repair_overlay_msa_reuse_protenix5_seed101_105/predictions/protenix-v2/T0235O/seed_101/predictions/T0235O_sample_0.cif,/scratch/10992/liaorunlong93/casp16-leaderboard/runs/server_v2_attack_scoreable_input_repair_overlay_msa_reuse_protenix5_seed101_105/predictions/protenix-v2/T0235O/seed_101/predictions/T0235O_summary_confidence_sample_0.json,/scratch/10992/liaorunlong93/casp16-leaderboard/runs/server_v2_attack_scoreable_input_repair_overlay_msa_reuse_protenix5_seed101_105/predictions/protenix-v2/T0235O/seed_101/predictions/T0235O_summary_confidence_sample_0.selection_qa.json,5,4,0.910150,1.000000,0.500000,ok,
T0235O,/scratch/10992/liaorunlong93/casp16-leaderboard/runs/server_v2_attack_scoreable_input_repair_overlay_msa_reuse_protenix5_seed101_105/predictions/protenix-v2/T0235O/seed_102/predictions/T0235O_sample_0.cif,/scratch/10992/liaorunlong93/casp16-leaderboard/runs/server_v2_attack_scoreable_input_repair_overlay_msa_reuse_protenix5_seed101_105/predictions/protenix-v2/T0235O/seed_102/predictions/T0235O_summary_confidence_sample_0.json,/scratch/10992/liaorunlong93/casp16-leaderboard/runs/server_v2_attack_scoreable_input_repair_overlay_msa_reuse_protenix5_seed101_105/predictions/protenix-v2/T0235O/seed_102/predictions/T0235O_summary_confidence_sample_0.selection_qa.json,5,4,0.939975,1.000000,0.500000,ok,
T0235O,/scratch/10992/liaorunlong93/casp16-leaderboard/runs/server_v2_attack_scoreable_input_repair_overlay_msa_reuse_protenix5_seed101_105/predictions/protenix-v2/T0235O/seed_103/predictions/T0235O_sample_0.cif,/scratch/10992/liaorunlong93/casp16-leaderboard/runs/server_v2_attack_scoreable_input_repair_overlay_msa_reuse_protenix5_seed101_105/predictions/protenix-v2/T0235O/seed_103/predictions/T0235O_summary_confidence_sample_0.json,/scratch/10992/liaorunlong93/casp16-leaderboard/runs/server_v2_attack_scoreable_input_repair_overlay_msa_reuse_protenix5_seed101_105/predictions/protenix-v2/T0235O/seed_103/predictions/T0235O_summary_confidence_sample_0.selection_qa.json,5,4,0.942500,1.000000,0.500000,ok,
T0235O,/scratch/10992/liaorunlong93/casp16-leaderboard/runs/server_v2_attack_scoreable_input_repair_overlay_msa_reuse_protenix5_seed101_105/predictions/protenix-v2/T0235O/seed_104/predictions/T0235O_sample_0.cif,/scratch/10992/liaorunlong93/casp16-leaderboard/runs/server_v2_attack_scoreable_input_repair_overlay_msa_reuse_protenix5_seed101_105/predictions/protenix-v2/T0235O/seed_104/predictions/T0235O_summary_confidence_sample_0.json,/scratch/10992/liaorunlong93/casp16-leaderboard/runs/server_v2_attack_scoreable_input_repair_overlay_msa_reuse_protenix5_seed101_105/predictions/protenix-v2/T0235O/seed_104/predictions/T0235O_summary_confidence_sample_0.selection_qa.json,5,4,0.937525,1.000000,0.500000,ok,
T0235O,/scratch/10992/liaorunlong93/casp16-leaderboard/runs/server_v2_attack_scoreable_input_repair_overlay_msa_reuse_protenix5_seed101_105/predictions/protenix-v2/T0235O/seed_105/predictions/T0235O_sample_0.cif,/scratch/10992/liaorunlong93/casp16-leaderboard/runs/server_v2_attack_scoreable_input_repair_overlay_msa_reuse_protenix5_seed101_105/predictions/protenix-v2/T0235O/seed_105/predictions/T0235O_summary_confidence_sample_0.json,/scratch/10992/liaorunlong93/casp16-leaderboard/runs/server_v2_attack_scoreable_input_repair_overlay_msa_reuse_protenix5_seed101_105/predictions/protenix-v2/T0235O/seed_105/predictions/T0235O_summary_confidence_sample_0.selection_qa.json,5,4,0.891550,1.000000,0.500000,ok,
T1235O,/scratch/10992/liaorunlong93/casp16-leaderboard/runs/server_v2_attack_scoreable_input_repair_overlay_msa_reuse_protenix5_seed101_105/predictions/protenix-v2/T1235O/seed_101/predictions/T1235O_sample_0.cif,/scratch/10992/liaorunlong93/casp16-leaderboard/runs/server_v2_attack_scoreable_input_repair_overlay_msa_reuse_protenix5_seed101_105/predictions/protenix-v2/T1235O/seed_101/predictions/T1235O_summary_confidence_sample_0.json,/scratch/10992/liaorunlong93/casp16-leaderboard/runs/server_v2_attack_scoreable_input_repair_overlay_msa_reuse_protenix5_seed101_105/predictions/protenix-v2/T1235O/seed_101/predictions/T1235O_summary_confidence_sample_0.selection_qa.json,5,4,0.903875,1.000000,0.500000,ok,
T1235O,/scratch/10992/liaorunlong93/casp16-leaderboard/runs/server_v2_attack_scoreable_input_repair_overlay_msa_reuse_protenix5_seed101_105/predictions/protenix-v2/T1235O/seed_102/predictions/T1235O_sample_0.cif,/scratch/10992/liaorunlong93/casp16-leaderboard/runs/server_v2_attack_scoreable_input_repair_overlay_msa_reuse_protenix5_seed101_105/predictions/protenix-v2/T1235O/seed_102/predictions/T1235O_summary_confidence_sample_0.json,/scratch/10992/liaorunlong93/casp16-leaderboard/runs/server_v2_attack_scoreable_input_repair_overlay_msa_reuse_protenix5_seed101_105/predictions/protenix-v2/T1235O/seed_102/predictions/T1235O_summary_confidence_sample_0.selection_qa.json,5,4,0.932825,1.000000,0.500000,ok,
T1235O,/scratch/10992/liaorunlong93/casp16-leaderboard/runs/server_v2_attack_scoreable_input_repair_overlay_msa_reuse_protenix5_seed101_105/predictions/protenix-v2/T1235O/seed_103/predictions/T1235O_sample_0.cif,/scratch/10992/liaorunlong93/casp16-leaderboard/runs/server_v2_attack_scoreable_input_repair_overlay_msa_reuse_protenix5_seed101_105/predictions/protenix-v2/T1235O/seed_103/predictions/T1235O_summary_confidence_sample_0.json,/scratch/10992/liaorunlong93/casp16-leaderboard/runs/server_v2_attack_scoreable_input_repair_overlay_msa_reuse_protenix5_seed101_105/predictions/protenix-v2/T1235O/seed_103/predictions/T1235O_summary_confidence_sample_0.selection_qa.json,5,4,0.929000,1.000000,0.500000,ok,
T1235O,/scratch/10992/liaorunlong93/casp16-leaderboard/runs/server_v2_attack_scoreable_input_repair_overlay_msa_reuse_protenix5_seed101_105/predictions/protenix-v2/T1235O/seed_104/predictions/T1235O_sample_0.cif,/scratch/10992/liaorunlong93/casp16-leaderboard/runs/server_v2_attack_scoreable_input_repair_overlay_msa_reuse_protenix5_seed101_105/predictions/protenix-v2/T1235O/seed_104/predictions/T1235O_summary_confidence_sample_0.json,/scratch/10992/liaorunlong93/casp16-leaderboard/runs/server_v2_attack_scoreable_input_repair_overlay_msa_reuse_protenix5_seed101_105/predictions/protenix-v2/T1235O/seed_104/predictions/T1235O_summary_confidence_sample_0.selection_qa.json,5,4,0.930975,1.000000,0.500000,ok,
T1235O,/scratch/10992/liaorunlong93/casp16-leaderboard/runs/server_v2_attack_scoreable_input_repair_overlay_msa_reuse_protenix5_seed101_105/predictions/protenix-v2/T1235O/seed_105/predictions/T1235O_sample_0.cif,/scratch/10992/liaorunlong93/casp16-leaderboard/runs/server_v2_attack_scoreable_input_repair_overlay_msa_reuse_protenix5_seed101_105/predictions/protenix-v2/T1235O/seed_105/predictions/T1235O_summary_confidence_sample_0.json,/scratch/10992/liaorunlong93/casp16-leaderboard/runs/server_v2_attack_scoreable_input_repair_overlay_msa_reuse_protenix5_seed101_105/predictions/protenix-v2/T1235O/seed_105/predictions/T1235O_summary_confidence_sample_0.selection_qa.json,5,4,0.897925,1.000000,0.500000,ok,
T2235O,/scratch/10992/liaorunlong93/casp16-leaderboard/runs/server_v2_attack_scoreable_input_repair_overlay_msa_reuse_protenix5_seed101_105/predictions/protenix-v2/T2235O/seed_101/predictions/T2235O_sample_0.cif,/scratch/10992/liaorunlong93/casp16-leaderboard/runs/server_v2_attack_scoreable_input_repair_overlay_msa_reuse_protenix5_seed101_105/predictions/protenix-v2/T2235O/seed_101/predictions/T2235O_summary_confidence_sample_0.json,/scratch/10992/liaorunlong93/casp16-leaderboard/runs/server_v2_attack_scoreable_input_repair_overlay_msa_reuse_protenix5_seed101_105/predictions/protenix-v2/T2235O/seed_101/predictions/T2235O_summary_confidence_sample_0.selection_qa.json,5,4,0.920375,1.000000,0.500000,ok,
T2235O,/scratch/10992/liaorunlong93/casp16-leaderboard/runs/server_v2_attack_scoreable_input_repair_overlay_msa_reuse_protenix5_seed101_105/predictions/protenix-v2/T2235O/seed_102/predictions/T2235O_sample_0.cif,/scratch/10992/liaorunlong93/casp16-leaderboard/runs/server_v2_attack_scoreable_input_repair_overlay_msa_reuse_protenix5_seed101_105/predictions/protenix-v2/T2235O/seed_102/predictions/T2235O_summary_confidence_sample_0.json,/scratch/10992/liaorunlong93/casp16-leaderboard/runs/server_v2_attack_scoreable_input_repair_overlay_msa_reuse_protenix5_seed101_105/predictions/protenix-v2/T2235O/seed_102/predictions/T2235O_summary_confidence_sample_0.selection_qa.json,5,4,0.945525,1.000000,0.500000,ok,
T2235O,/scratch/10992/liaorunlong93/casp16-leaderboard/runs/server_v2_attack_scoreable_input_repair_overlay_msa_reuse_protenix5_seed101_105/predictions/protenix-v2/T2235O/seed_103/predictions/T2235O_sample_0.cif,/scratch/10992/liaorunlong93/casp16-leaderboard/runs/server_v2_attack_scoreable_input_repair_overlay_msa_reuse_protenix5_seed101_105/predictions/protenix-v2/T2235O/seed_103/predictions/T2235O_summary_confidence_sample_0.json,/scratch/10992/liaorunlong93/casp16-leaderboard/runs/server_v2_attack_scoreable_input_repair_overlay_msa_reuse_protenix5_seed101_105/predictions/protenix-v2/T2235O/seed_103/predictions/T2235O_summary_confidence_sample_0.selection_qa.json,5,4,0.948125,1.000000,0.500000,ok,
T2235O,/scratch/10992/liaorunlong93/casp16-leaderboard/runs/server_v2_attack_scoreable_input_repair_overlay_msa_reuse_protenix5_seed101_105/predictions/protenix-v2/T2235O/seed_104/predictions/T2235O_sample_0.cif,/scratch/10992/liaorunlong93/casp16-leaderboard/runs/server_v2_attack_scoreable_input_repair_overlay_msa_reuse_protenix5_seed101_105/predictions/protenix-v2/T2235O/seed_104/predictions/T2235O_summary_confidence_sample_0.json,/scratch/10992/liaorunlong93/casp16-leaderboard/runs/server_v2_attack_scoreable_input_repair_overlay_msa_reuse_protenix5_seed101_105/predictions/protenix-v2/T2235O/seed_104/predictions/T2235O_summary_confidence_sample_0.selection_qa.json,5,4,0.943775,1.000000,0.500000,ok,
T2235O,/scratch/10992/liaorunlong93/casp16-leaderboard/runs/server_v2_attack_scoreable_input_repair_overlay_msa_reuse_protenix5_seed101_105/predictions/protenix-v2/T2235O/seed_105/predictions/T2235O_sample_0.cif,/scratch/10992/liaorunlong93/casp16-leaderboard/runs/server_v2_attack_scoreable_input_repair_overlay_msa_reuse_protenix5_seed101_105/predictions/protenix-v2/T2235O/seed_105/predictions/T2235O_summary_confidence_sample_0.json,/scratch/10992/liaorunlong93/casp16-leaderboard/runs/server_v2_attack_scoreable_input_repair_overlay_msa_reuse_protenix5_seed101_105/predictions/protenix-v2/T2235O/seed_105/predictions/T2235O_summary_confidence_sample_0.selection_qa.json,5,4,0.921350,1.000000,0.500000,ok,
T0206O,/scratch/10992/liaorunlong93/casp16-leaderboard/runs/server_v2_attack_scoreable_input_repair_overlay_msa_reuse_protenix5_seed101_105/predictions/protenix-v2/T0206O/seed_101/predictions/T0206O_sample_0.cif,/scratch/10992/liaorunlong93/casp16-leaderboard/runs/server_v2_attack_scoreable_input_repair_overlay_msa_reuse_protenix5_seed101_105/predictions/protenix-v2/T0206O/seed_101/predictions/T0206O_summary_confidence_sample_0.json,/scratch/10992/liaorunlong93/casp16-leaderboard/runs/server_v2_attack_scoreable_input_repair_overlay_msa_reuse_protenix5_seed101_105/predictions/protenix-v2/T0206O/seed_101/predictions/T0206O_summary_confidence_sample_0.selection_qa.json,5,4,0.976975,1.000000,0.500000,ok,
T0206O,/scratch/10992/liaorunlong93/casp16-leaderboard/runs/server_v2_attack_scoreable_input_repair_overlay_msa_reuse_protenix5_seed101_105/predictions/protenix-v2/T0206O/seed_102/predictions/T0206O_sample_0.cif,/scratch/10992/liaorunlong93/casp16-leaderboard/runs/server_v2_attack_scoreable_input_repair_overlay_msa_reuse_protenix5_seed101_105/predictions/protenix-v2/T0206O/seed_102/predictions/T0206O_summary_confidence_sample_0.json,/scratch/10992/liaorunlong93/casp16-leaderboard/runs/server_v2_attack_scoreable_input_repair_overlay_msa_reuse_protenix5_seed101_105/predictions/protenix-v2/T0206O/seed_102/predictions/T0206O_summary_confidence_sample_0.selection_qa.json,5,4,0.977225,1.000000,0.500000,ok,
T0206O,/scratch/10992/liaorunlong93/casp16-leaderboard/runs/server_v2_attack_scoreable_input_repair_overlay_msa_reuse_protenix5_seed101_105/predictions/protenix-v2/T0206O/seed_103/predictions/T0206O_sample_0.cif,/scratch/10992/liaorunlong93/casp16-leaderboard/runs/server_v2_attack_scoreable_input_repair_overlay_msa_reuse_protenix5_seed101_105/predictions/protenix-v2/T0206O/seed_103/predictions/T0206O_summary_confidence_sample_0.json,/scratch/10992/liaorunlong93/casp16-leaderboard/runs/server_v2_attack_scoreable_input_repair_overlay_msa_reuse_protenix5_seed101_105/predictions/protenix-v2/T0206O/seed_103/predictions/T0206O_summary_confidence_sample_0.selection_qa.json,5,4,0.975100,1.000000,0.500000,ok,
T0206O,/scratch/10992/liaorunlong93/casp16-leaderboard/runs/server_v2_attack_scoreable_input_repair_overlay_msa_reuse_protenix5_seed101_105/predictions/protenix-v2/T0206O/seed_104/predictions/T0206O_sample_0.cif,/scratch/10992/liaorunlong93/casp16-leaderboard/runs/server_v2_attack_scoreable_input_repair_overlay_msa_reuse_protenix5_seed101_105/predictions/protenix-v2/T0206O/seed_104/predictions/T0206O_summary_confidence_sample_0.json,/scratch/10992/liaorunlong93/casp16-leaderboard/runs/server_v2_attack_scoreable_input_repair_overlay_msa_reuse_protenix5_seed101_105/predictions/protenix-v2/T0206O/seed_104/predictions/T0206O_summary_confidence_sample_0.selection_qa.json,5,4,0.964175,1.000000,0.500000,ok,
T0206O,/scratch/10992/liaorunlong93/casp16-leaderboard/runs/server_v2_attack_scoreable_input_repair_overlay_msa_reuse_protenix5_seed101_105/predictions/protenix-v2/T0206O/seed_105/predictions/T0206O_sample_0.cif,/scratch/10992/liaorunlong93/casp16-leaderboard/runs/server_v2_attack_scoreable_input_repair_overlay_msa_reuse_protenix5_seed101_105/predictions/protenix-v2/T0206O/seed_105/predictions/T0206O_summary_confidence_sample_0.json,/scratch/10992/liaorunlong93/casp16-leaderboard/runs/server_v2_attack_scoreable_input_repair_overlay_msa_reuse_protenix5_seed101_105/predictions/protenix-v2/T0206O/seed_105/predictions/T0206O_summary_confidence_sample_0.selection_qa.json,5,4,0.978675,1.000000,0.500000,ok,
T1206O,/scratch/10992/liaorunlong93/casp16-leaderboard/runs/server_v2_attack_scoreable_input_repair_overlay_msa_reuse_protenix5_seed101_105/predictions/protenix-v2/T1206O/seed_101/predictions/T1206O_sample_0.cif,/scratch/10992/liaorunlong93/casp16-leaderboard/runs/server_v2_attack_scoreable_input_repair_overlay_msa_reuse_protenix5_seed101_105/predictions/protenix-v2/T1206O/seed_101/predictions/T1206O_summary_confidence_sample_0.json,/scratch/10992/liaorunlong93/casp16-leaderboard/runs/server_v2_attack_scoreable_input_repair_overlay_msa_reuse_protenix5_seed101_105/predictions/protenix-v2/T1206O/seed_101/predictions/T1206O_summary_confidence_sample_0.selection_qa.json,5,4,0.977050,1.000000,0.500000,ok,
T1206O,/scratch/10992/liaorunlong93/casp16-leaderboard/runs/server_v2_attack_scoreable_input_repair_overlay_msa_reuse_protenix5_seed101_105/predictions/protenix-v2/T1206O/seed_102/predictions/T1206O_sample_0.cif,/scratch/10992/liaorunlong93/casp16-leaderboard/runs/server_v2_attack_scoreable_input_repair_overlay_msa_reuse_protenix5_seed101_105/predictions/protenix-v2/T1206O/seed_102/predictions/T1206O_summary_confidence_sample_0.json,/scratch/10992/liaorunlong93/casp16-leaderboard/runs/server_v2_attack_scoreable_input_repair_overlay_msa_reuse_protenix5_seed101_105/predictions/protenix-v2/T1206O/seed_102/predictions/T1206O_summary_confidence_sample_0.selection_qa.json,5,4,0.978725,1.000000,0.500000,ok,
T1206O,/scratch/10992/liaorunlong93/casp16-leaderboard/runs/server_v2_attack_scoreable_input_repair_overlay_msa_reuse_protenix5_seed101_105/predictions/protenix-v2/T1206O/seed_103/predictions/T1206O_sample_0.cif,/scratch/10992/liaorunlong93/casp16-leaderboard/runs/server_v2_attack_scoreable_input_repair_overlay_msa_reuse_protenix5_seed101_105/predictions/protenix-v2/T1206O/seed_103/predictions/T1206O_summary_confidence_sample_0.json,/scratch/10992/liaorunlong93/casp16-leaderboard/runs/server_v2_attack_scoreable_input_repair_overlay_msa_reuse_protenix5_seed101_105/predictions/protenix-v2/T1206O/seed_103/predictions/T1206O_summary_confidence_sample_0.selection_qa.json,5,4,0.975875,1.000000,0.500000,ok,
T1206O,/scratch/10992/liaorunlong93/casp16-leaderboard/runs/server_v2_attack_scoreable_input_repair_overlay_msa_reuse_protenix5_seed101_105/predictions/protenix-v2/T1206O/seed_104/predictions/T1206O_sample_0.cif,/scratch/10992/liaorunlong93/casp16-leaderboard/runs/server_v2_attack_scoreable_input_repair_overlay_msa_reuse_protenix5_seed101_105/predictions/protenix-v2/T1206O/seed_104/predictions/T1206O_summary_confidence_sample_0.json,/scratch/10992/liaorunlong93/casp16-leaderboard/runs/server_v2_attack_scoreable_input_repair_overlay_msa_reuse_protenix5_seed101_105/predictions/protenix-v2/T1206O/seed_104/predictions/T1206O_summary_confidence_sample_0.selection_qa.json,5,4,0.969750,1.000000,0.500000,ok,
T1206O,/scratch/10992/liaorunlong93/casp16-leaderboard/runs/server_v2_attack_scoreable_input_repair_overlay_msa_reuse_protenix5_seed101_105/predictions/protenix-v2/T1206O/seed_105/predictions/T1206O_sample_0.cif,/scratch/10992/liaorunlong93/casp16-leaderboard/runs/server_v2_attack_scoreable_input_repair_overlay_msa_reuse_protenix5_seed101_105/predictions/protenix-v2/T1206O/seed_105/predictions/T1206O_summary_confidence_sample_0.json,/scratch/10992/liaorunlong93/casp16-leaderboard/runs/server_v2_attack_scoreable_input_repair_overlay_msa_reuse_protenix5_seed101_105/predictions/protenix-v2/T1206O/seed_105/predictions/T1206O_summary_confidence_sample_0.selection_qa.json,5,4,0.980400,1.000000,0.500000,ok,
T2206O,/scratch/10992/liaorunlong93/casp16-leaderboard/runs/server_v2_attack_scoreable_input_repair_overlay_msa_reuse_protenix5_seed101_105/predictions/protenix-v2/T2206O/seed_101/predictions/T2206O_sample_0.cif,/scratch/10992/liaorunlong93/casp16-leaderboard/runs/server_v2_attack_scoreable_input_repair_overlay_msa_reuse_protenix5_seed101_105/predictions/protenix-v2/T2206O/seed_101/predictions/T2206O_summary_confidence_sample_0.json,/scratch/10992/liaorunlong93/casp16-leaderboard/runs/server_v2_attack_scoreable_input_repair_overlay_msa_reuse_protenix5_seed101_105/predictions/protenix-v2/T2206O/seed_101/predictions/T2206O_summary_confidence_sample_0.selection_qa.json,5,4,0.974400,1.000000,0.500000,ok,
T2206O,/scratch/10992/liaorunlong93/casp16-leaderboard/runs/server_v2_attack_scoreable_input_repair_overlay_msa_reuse_protenix5_seed101_105/predictions/protenix-v2/T2206O/seed_102/predictions/T2206O_sample_0.cif,/scratch/10992/liaorunlong93/casp16-leaderboard/runs/server_v2_attack_scoreable_input_repair_overlay_msa_reuse_protenix5_seed101_105/predictions/protenix-v2/T2206O/seed_102/predictions/T2206O_summary_confidence_sample_0.json,/scratch/10992/liaorunlong93/casp16-leaderboard/runs/server_v2_attack_scoreable_input_repair_overlay_msa_reuse_protenix5_seed101_105/predictions/protenix-v2/T2206O/seed_102/predictions/T2206O_summary_confidence_sample_0.selection_qa.json,5,4,0.976725,1.000000,0.500000,ok,
T2206O,/scratch/10992/liaorunlong93/casp16-leaderboard/runs/server_v2_attack_scoreable_input_repair_overlay_msa_reuse_protenix5_seed101_105/predictions/protenix-v2/T2206O/seed_103/predictions/T2206O_sample_0.cif,/scratch/10992/liaorunlong93/casp16-leaderboard/runs/server_v2_attack_scoreable_input_repair_overlay_msa_reuse_protenix5_seed101_105/predictions/protenix-v2/T2206O/seed_103/predictions/T2206O_summary_confidence_sample_0.json,/scratch/10992/liaorunlong93/casp16-leaderboard/runs/server_v2_attack_scoreable_input_repair_overlay_msa_reuse_protenix5_seed101_105/predictions/protenix-v2/T2206O/seed_103/predictions/T2206O_summary_confidence_sample_0.selection_qa.json,5,4,0.974525,1.000000,0.500000,ok,
T2206O,/scratch/10992/liaorunlong93/casp16-leaderboard/runs/server_v2_attack_scoreable_input_repair_overlay_msa_reuse_protenix5_seed101_105/predictions/protenix-v2/T2206O/seed_104/predictions/T2206O_sample_0.cif,/scratch/10992/liaorunlong93/casp16-leaderboard/runs/server_v2_attack_scoreable_input_repair_overlay_msa_reuse_protenix5_seed101_105/predictions/protenix-v2/T2206O/seed_104/predictions/T2206O_summary_confidence_sample_0.json,/scratch/10992/liaorunlong93/casp16-leaderboard/runs/server_v2_attack_scoreable_input_repair_overlay_msa_reuse_protenix5_seed101_105/predictions/protenix-v2/T2206O/seed_104/predictions/T2206O_summary_confidence_sample_0.selection_qa.json,5,4,0.965225,1.000000,0.500000,ok,
T2206O,/scratch/10992/liaorunlong93/casp16-leaderboard/runs/server_v2_attack_scoreable_input_repair_overlay_msa_reuse_protenix5_seed101_105/predictions/protenix-v2/T2206O/seed_105/predictions/T2206O_sample_0.cif,/scratch/10992/liaorunlong93/casp16-leaderboard/runs/server_v2_attack_scoreable_input_repair_overlay_msa_reuse_protenix5_seed101_105/predictions/protenix-v2/T2206O/seed_105/predictions/T2206O_summary_confidence_sample_0.json,/scratch/10992/liaorunlong93/casp16-leaderboard/runs/server_v2_attack_scoreable_input_repair_overlay_msa_reuse_protenix5_seed101_105/predictions/protenix-v2/T2206O/seed_105/predictions/T2206O_summary_confidence_sample_0.selection_qa.json,5,4,0.977675,1.000000,0.500000,ok,
H1202,/scratch/10992/liaorunlong93/casp16-leaderboard/runs/server_v2_attack_scoreable_input_repair_overlay_msa_reuse_protenix5_seed101_105/predictions/protenix-v2/H1202/seed_101/predictions/H1202_sample_0.cif,/scratch/10992/liaorunlong93/casp16-leaderboard/runs/server_v2_attack_scoreable_input_repair_overlay_msa_reuse_protenix5_seed101_105/predictions/protenix-v2/H1202/seed_101/predictions/H1202_summary_confidence_sample_0.json,/scratch/10992/liaorunlong93/casp16-leaderboard/runs/server_v2_attack_scoreable_input_repair_overlay_msa_reuse_protenix5_seed101_105/predictions/protenix-v2/H1202/seed_101/predictions/H1202_summary_confidence_sample_0.selection_qa.json,5,4,0.881600,1.000000,0.500000,ok,
H1202,/scratch/10992/liaorunlong93/casp16-leaderboard/runs/server_v2_attack_scoreable_input_repair_overlay_msa_reuse_protenix5_seed101_105/predictions/protenix-v2/H1202/seed_102/predictions/H1202_sample_0.cif,/scratch/10992/liaorunlong93/casp16-leaderboard/runs/server_v2_attack_scoreable_input_repair_overlay_msa_reuse_protenix5_seed101_105/predictions/protenix-v2/H1202/seed_102/predictions/H1202_summary_confidence_sample_0.json,/scratch/10992/liaorunlong93/casp16-leaderboard/runs/server_v2_attack_scoreable_input_repair_overlay_msa_reuse_protenix5_seed101_105/predictions/protenix-v2/H1202/seed_102/predictions/H1202_summary_confidence_sample_0.selection_qa.json,5,4,0.907625,1.000000,0.500000,ok,
H1202,/scratch/10992/liaorunlong93/casp16-leaderboard/runs/server_v2_attack_scoreable_input_repair_overlay_msa_reuse_protenix5_seed101_105/predictions/protenix-v2/H1202/seed_103/predictions/H1202_sample_0.cif,/scratch/10992/liaorunlong93/casp16-leaderboard/runs/server_v2_attack_scoreable_input_repair_overlay_msa_reuse_protenix5_seed101_105/predictions/protenix-v2/H1202/seed_103/predictions/H1202_summary_confidence_sample_0.json,/scratch/10992/liaorunlong93/casp16-leaderboard/runs/server_v2_attack_scoreable_input_repair_overlay_msa_reuse_protenix5_seed101_105/predictions/protenix-v2/H1202/seed_103/predictions/H1202_summary_confidence_sample_0.selection_qa.json,5,4,0.862350,1.000000,0.500000,ok,
H1202,/scratch/10992/liaorunlong93/casp16-leaderboard/runs/server_v2_attack_scoreable_input_repair_overlay_msa_reuse_protenix5_seed101_105/predictions/protenix-v2/H1202/seed_104/predictions/H1202_sample_0.cif,/scratch/10992/liaorunlong93/casp16-leaderboard/runs/server_v2_attack_scoreable_input_repair_overlay_msa_reuse_protenix5_seed101_105/predictions/protenix-v2/H1202/seed_104/predictions/H1202_summary_confidence_sample_0.json,/scratch/10992/liaorunlong93/casp16-leaderboard/runs/server_v2_attack_scoreable_input_repair_overlay_msa_reuse_protenix5_seed101_105/predictions/protenix-v2/H1202/seed_104/predictions/H1202_summary_confidence_sample_0.selection_qa.json,5,4,0.911175,1.000000,0.500000,ok,
H1202,/scratch/10992/liaorunlong93/casp16-leaderboard/runs/server_v2_attack_scoreable_input_repair_overlay_msa_reuse_protenix5_seed101_105/predictions/protenix-v2/H1202/seed_105/predictions/H1202_sample_0.cif,/scratch/10992/liaorunlong93/casp16-leaderboard/runs/server_v2_attack_scoreable_input_repair_overlay_msa_reuse_protenix5_seed101_105/predictions/protenix-v2/H1202/seed_105/predictions/H1202_summary_confidence_sample_0.json,/scratch/10992/liaorunlong93/casp16-leaderboard/runs/server_v2_attack_scoreable_input_repair_overlay_msa_reuse_protenix5_seed101_105/predictions/protenix-v2/H1202/seed_105/predictions/H1202_summary_confidence_sample_0.selection_qa.json,5,4,0.911850,1.000000,0.500000,ok,
H2202,/scratch/10992/liaorunlong93/casp16-leaderboard/runs/server_v2_attack_scoreable_input_repair_overlay_msa_reuse_protenix5_seed101_105/predictions/protenix-v2/H2202/seed_101/predictions/H2202_sample_0.cif,/scratch/10992/liaorunlong93/casp16-leaderboard/runs/server_v2_attack_scoreable_input_repair_overlay_msa_reuse_protenix5_seed101_105/predictions/protenix-v2/H2202/seed_101/predictions/H2202_summary_confidence_sample_0.json,/scratch/10992/liaorunlong93/casp16-leaderboard/runs/server_v2_attack_scoreable_input_repair_overlay_msa_reuse_protenix5_seed101_105/predictions/protenix-v2/H2202/seed_101/predictions/H2202_summary_confidence_sample_0.selection_qa.json,5,4,0.814400,1.000000,0.500000,ok,
H2202,/scratch/10992/liaorunlong93/casp16-leaderboard/runs/server_v2_attack_scoreable_input_repair_overlay_msa_reuse_protenix5_seed101_105/predictions/protenix-v2/H2202/seed_102/predictions/H2202_sample_0.cif,/scratch/10992/liaorunlong93/casp16-leaderboard/runs/server_v2_attack_scoreable_input_repair_overlay_msa_reuse_protenix5_seed101_105/predictions/protenix-v2/H2202/seed_102/predictions/H2202_summary_confidence_sample_0.json,/scratch/10992/liaorunlong93/casp16-leaderboard/runs/server_v2_attack_scoreable_input_repair_overlay_msa_reuse_protenix5_seed101_105/predictions/protenix-v2/H2202/seed_102/predictions/H2202_summary_confidence_sample_0.selection_qa.json,5,4,0.841175,1.000000,0.500000,ok,
H2202,/scratch/10992/liaorunlong93/casp16-leaderboard/runs/server_v2_attack_scoreable_input_repair_overlay_msa_reuse_protenix5_seed101_105/predictions/protenix-v2/H2202/seed_103/predictions/H2202_sample_0.cif,/scratch/10992/liaorunlong93/casp16-leaderboard/runs/server_v2_attack_scoreable_input_repair_overlay_msa_reuse_protenix5_seed101_105/predictions/protenix-v2/H2202/seed_103/predictions/H2202_summary_confidence_sample_0.json,/scratch/10992/liaorunlong93/casp16-leaderboard/runs/server_v2_attack_scoreable_input_repair_overlay_msa_reuse_protenix5_seed101_105/predictions/protenix-v2/H2202/seed_103/predictions/H2202_summary_confidence_sample_0.selection_qa.json,5,4,0.851925,1.000000,0.500000,ok,
H2202,/scratch/10992/liaorunlong93/casp16-leaderboard/runs/server_v2_attack_scoreable_input_repair_overlay_msa_reuse_protenix5_seed101_105/predictions/protenix-v2/H2202/seed_104/predictions/H2202_sample_0.cif,/scratch/10992/liaorunlong93/casp16-leaderboard/runs/server_v2_attack_scoreable_input_repair_overlay_msa_reuse_protenix5_seed101_105/predictions/protenix-v2/H2202/seed_104/predictions/H2202_summary_confidence_sample_0.json,/scratch/10992/liaorunlong93/casp16-leaderboard/runs/server_v2_attack_scoreable_input_repair_overlay_msa_reuse_protenix5_seed101_105/predictions/protenix-v2/H2202/seed_104/predictions/H2202_summary_confidence_sample_0.selection_qa.json,5,4,0.870325,1.000000,0.500000,ok,
H2202,/scratch/10992/liaorunlong93/casp16-leaderboard/runs/server_v2_attack_scoreable_input_repair_overlay_msa_reuse_protenix5_seed101_105/predictions/protenix-v2/H2202/seed_105/predictions/H2202_sample_0.cif,/scratch/10992/liaorunlong93/casp16-leaderboard/runs/server_v2_attack_scoreable_input_repair_overlay_msa_reuse_protenix5_seed101_105/predictions/protenix-v2/H2202/seed_105/predictions/H2202_summary_confidence_sample_0.json,/scratch/10992/liaorunlong93/casp16-leaderboard/runs/server_v2_attack_scoreable_input_repair_overlay_msa_reuse_protenix5_seed101_105/predictions/protenix-v2/H2202/seed_105/predictions/H2202_summary_confidence_sample_0.selection_qa.json,5,4,0.832975,1.000000,0.500000,ok,
T1201O,/scratch/10992/liaorunlong93/casp16-leaderboard/runs/server_v2_attack_scoreable_input_repair_overlay_msa_reuse_protenix5_seed101_105/predictions/protenix-v2/T1201O/seed_101/predictions/T1201O_sample_0.cif,/scratch/10992/liaorunlong93/casp16-leaderboard/runs/server_v2_attack_scoreable_input_repair_overlay_msa_reuse_protenix5_seed101_105/predictions/protenix-v2/T1201O/seed_101/predictions/T1201O_summary_confidence_sample_0.json,/scratch/10992/liaorunlong93/casp16-leaderboard/runs/server_v2_attack_scoreable_input_repair_overlay_msa_reuse_protenix5_seed101_105/predictions/protenix-v2/T1201O/seed_101/predictions/T1201O_summary_confidence_sample_0.selection_qa.json,5,4,0.949725,1.000000,0.500000,ok,
T1201O,/scratch/10992/liaorunlong93/casp16-leaderboard/runs/server_v2_attack_scoreable_input_repair_overlay_msa_reuse_protenix5_seed101_105/predictions/protenix-v2/T1201O/seed_102/predictions/T1201O_sample_0.cif,/scratch/10992/liaorunlong93/casp16-leaderboard/runs/server_v2_attack_scoreable_input_repair_overlay_msa_reuse_protenix5_seed101_105/predictions/protenix-v2/T1201O/seed_102/predictions/T1201O_summary_confidence_sample_0.json,/scratch/10992/liaorunlong93/casp16-leaderboard/runs/server_v2_attack_scoreable_input_repair_overlay_msa_reuse_protenix5_seed101_105/predictions/protenix-v2/T1201O/seed_102/predictions/T1201O_summary_confidence_sample_0.selection_qa.json,5,4,0.944750,1.000000,0.500000,ok,
T1201O,/scratch/10992/liaorunlong93/casp16-leaderboard/runs/server_v2_attack_scoreable_input_repair_overlay_msa_reuse_protenix5_seed101_105/predictions/protenix-v2/T1201O/seed_103/predictions/T1201O_sample_0.cif,/scratch/10992/liaorunlong93/casp16-leaderboard/runs/server_v2_attack_scoreable_input_repair_overlay_msa_reuse_protenix5_seed101_105/predictions/protenix-v2/T1201O/seed_103/predictions/T1201O_summary_confidence_sample_0.json,/scratch/10992/liaorunlong93/casp16-leaderboard/runs/server_v2_attack_scoreable_input_repair_overlay_msa_reuse_protenix5_seed101_105/predictions/protenix-v2/T1201O/seed_103/predictions/T1201O_summary_confidence_sample_0.selection_qa.json,5,4,0.938875,1.000000,0.500000,ok,
T1201O,/scratch/10992/liaorunlong93/casp16-leaderboard/runs/server_v2_attack_scoreable_input_repair_overlay_msa_reuse_protenix5_seed101_105/predictions/protenix-v2/T1201O/seed_104/predictions/T1201O_sample_0.cif,/scratch/10992/liaorunlong93/casp16-leaderboard/runs/server_v2_attack_scoreable_input_repair_overlay_msa_reuse_protenix5_seed101_105/predictions/protenix-v2/T1201O/seed_104/predictions/T1201O_summary_confidence_sample_0.json,/scratch/10992/liaorunlong93/casp16-leaderboard/runs/server_v2_attack_scoreable_input_repair_overlay_msa_reuse_protenix5_seed101_105/predictions/protenix-v2/T1201O/seed_104/predictions/T1201O_summary_confidence_sample_0.selection_qa.json,5,4,0.962175,1.000000,0.500000,ok,
T1201O,/scratch/10992/liaorunlong93/casp16-leaderboard/runs/server_v2_attack_scoreable_input_repair_overlay_msa_reuse_protenix5_seed101_105/predictions/protenix-v2/T1201O/seed_105/predictions/T1201O_sample_0.cif,/scratch/10992/liaorunlong93/casp16-leaderboard/runs/server_v2_attack_scoreable_input_repair_overlay_msa_reuse_protenix5_seed101_105/predictions/protenix-v2/T1201O/seed_105/predictions/T1201O_summary_confidence_sample_0.json,/scratch/10992/liaorunlong93/casp16-leaderboard/runs/server_v2_attack_scoreable_input_repair_overlay_msa_reuse_protenix5_seed101_105/predictions/protenix-v2/T1201O/seed_105/predictions/T1201O_summary_confidence_sample_0.selection_qa.json,5,4,0.957425,1.000000,0.500000,ok,
T2201O,/scratch/10992/liaorunlong93/casp16-leaderboard/runs/server_v2_attack_scoreable_input_repair_overlay_msa_reuse_protenix5_seed101_105/predictions/protenix-v2/T2201O/seed_101/predictions/T2201O_sample_0.cif,/scratch/10992/liaorunlong93/casp16-leaderboard/runs/server_v2_attack_scoreable_input_repair_overlay_msa_reuse_protenix5_seed101_105/predictions/protenix-v2/T2201O/seed_101/predictions/T2201O_summary_confidence_sample_0.json,/scratch/10992/liaorunlong93/casp16-leaderboard/runs/server_v2_attack_scoreable_input_repair_overlay_msa_reuse_protenix5_seed101_105/predictions/protenix-v2/T2201O/seed_101/predictions/T2201O_summary_confidence_sample_0.selection_qa.json,5,4,0.968250,1.000000,0.500000,ok,
T2201O,/scratch/10992/liaorunlong93/casp16-leaderboard/runs/server_v2_attack_scoreable_input_repair_overlay_msa_reuse_protenix5_seed101_105/predictions/protenix-v2/T2201O/seed_102/predictions/T2201O_sample_0.cif,/scratch/10992/liaorunlong93/casp16-leaderboard/runs/server_v2_attack_scoreable_input_repair_overlay_msa_reuse_protenix5_seed101_105/predictions/protenix-v2/T2201O/seed_102/predictions/T2201O_summary_confidence_sample_0.json,/scratch/10992/liaorunlong93/casp16-leaderboard/runs/server_v2_attack_scoreable_input_repair_overlay_msa_reuse_protenix5_seed101_105/predictions/protenix-v2/T2201O/seed_102/predictions/T2201O_summary_confidence_sample_0.selection_qa.json,5,4,0.962150,1.000000,0.500000,ok,
T2201O,/scratch/10992/liaorunlong93/casp16-leaderboard/runs/server_v2_attack_scoreable_input_repair_overlay_msa_reuse_protenix5_seed101_105/predictions/protenix-v2/T2201O/seed_103/predictions/T2201O_sample_0.cif,/scratch/10992/liaorunlong93/casp16-leaderboard/runs/server_v2_attack_scoreable_input_repair_overlay_msa_reuse_protenix5_seed101_105/predictions/protenix-v2/T2201O/seed_103/predictions/T2201O_summary_confidence_sample_0.json,/scratch/10992/liaorunlong93/casp16-leaderboard/runs/server_v2_attack_scoreable_input_repair_overlay_msa_reuse_protenix5_seed101_105/predictions/protenix-v2/T2201O/seed_103/predictions/T2201O_summary_confidence_sample_0.selection_qa.json,5,4,0.965900,1.000000,0.500000,ok,
T2201O,/scratch/10992/liaorunlong93/casp16-leaderboard/runs/server_v2_attack_scoreable_input_repair_overlay_msa_reuse_protenix5_seed101_105/predictions/protenix-v2/T2201O/seed_104/predictions/T2201O_sample_0.cif,/scratch/10992/liaorunlong93/casp16-leaderboard/runs/server_v2_attack_scoreable_input_repair_overlay_msa_reuse_protenix5_seed101_105/predictions/protenix-v2/T2201O/seed_104/predictions/T2201O_summary_confidence_sample_0.json,/scratch/10992/liaorunlong93/casp16-leaderboard/runs/server_v2_attack_scoreable_input_repair_overlay_msa_reuse_protenix5_seed101_105/predictions/protenix-v2/T2201O/seed_104/predictions/T2201O_summary_confidence_sample_0.selection_qa.json,5,4,0.943150,1.000000,0.500000,ok,
T2201O,/scratch/10992/liaorunlong93/casp16-leaderboard/runs/server_v2_attack_scoreable_input_repair_overlay_msa_reuse_protenix5_seed101_105/predictions/protenix-v2/T2201O/seed_105/predictions/T2201O_sample_0.cif,/scratch/10992/liaorunlong93/casp16-leaderboard/runs/server_v2_attack_scoreable_input_repair_overlay_msa_reuse_protenix5_seed101_105/predictions/protenix-v2/T2201O/seed_105/predictions/T2201O_summary_confidence_sample_0.json,/scratch/10992/liaorunlong93/casp16-leaderboard/runs/server_v2_attack_scoreable_input_repair_overlay_msa_reuse_protenix5_seed101_105/predictions/protenix-v2/T2201O/seed_105/predictions/T2201O_summary_confidence_sample_0.selection_qa.json,5,4,0.958200,1.000000,0.500000,ok,
T0234O,/scratch/10992/liaorunlong93/casp16-leaderboard/runs/server_v2_attack_scoreable_input_repair_overlay_msa_reuse_protenix5_seed101_105/predictions/protenix-v2/T0234O/seed_101/predictions/T0234O_sample_0.cif,/scratch/10992/liaorunlong93/casp16-leaderboard/runs/server_v2_attack_scoreable_input_repair_overlay_msa_reuse_protenix5_seed101_105/predictions/protenix-v2/T0234O/seed_101/predictions/T0234O_summary_confidence_sample_0.json,/scratch/10992/liaorunlong93/casp16-leaderboard/runs/server_v2_attack_scoreable_input_repair_overlay_msa_reuse_protenix5_seed101_105/predictions/protenix-v2/T0234O/seed_101/predictions/T0234O_summary_confidence_sample_0.selection_qa.json,5,4,0.915125,1.000000,0.500000,ok,
T0234O,/scratch/10992/liaorunlong93/casp16-leaderboard/runs/server_v2_attack_scoreable_input_repair_overlay_msa_reuse_protenix5_seed101_105/predictions/protenix-v2/T0234O/seed_102/predictions/T0234O_sample_0.cif,/scratch/10992/liaorunlong93/casp16-leaderboard/runs/server_v2_attack_scoreable_input_repair_overlay_msa_reuse_protenix5_seed101_105/predictions/protenix-v2/T0234O/seed_102/predictions/T0234O_summary_confidence_sample_0.json,/scratch/10992/liaorunlong93/casp16-leaderboard/runs/server_v2_attack_scoreable_input_repair_overlay_msa_reuse_protenix5_seed101_105/predictions/protenix-v2/T0234O/seed_102/predictions/T0234O_summary_confidence_sample_0.selection_qa.json,5,4,0.910900,1.000000,0.500000,ok,
T0234O,/scratch/10992/liaorunlong93/casp16-leaderboard/runs/server_v2_attack_scoreable_input_repair_overlay_msa_reuse_protenix5_seed101_105/predictions/protenix-v2/T0234O/seed_103/predictions/T0234O_sample_0.cif,/scratch/10992/liaorunlong93/casp16-leaderboard/runs/server_v2_attack_scoreable_input_repair_overlay_msa_reuse_protenix5_seed101_105/predictions/protenix-v2/T0234O/seed_103/predictions/T0234O_summary_confidence_sample_0.json,/scratch/10992/liaorunlong93/casp16-leaderboard/runs/server_v2_attack_scoreable_input_repair_overlay_msa_reuse_protenix5_seed101_105/predictions/protenix-v2/T0234O/seed_103/predictions/T0234O_summary_confidence_sample_0.selection_qa.json,5,4,0.898700,1.000000,0.500000,ok,
T0234O,/scratch/10992/liaorunlong93/casp16-leaderboard/runs/server_v2_attack_scoreable_input_repair_overlay_msa_reuse_protenix5_seed101_105/predictions/protenix-v2/T0234O/seed_104/predictions/T0234O_sample_0.cif,/scratch/10992/liaorunlong93/casp16-leaderboard/runs/server_v2_attack_scoreable_input_repair_overlay_msa_reuse_protenix5_seed101_105/predictions/protenix-v2/T0234O/seed_104/predictions/T0234O_summary_confidence_sample_0.json,/scratch/10992/liaorunlong93/casp16-leaderboard/runs/server_v2_attack_scoreable_input_repair_overlay_msa_reuse_protenix5_seed101_105/predictions/protenix-v2/T0234O/seed_104/predictions/T0234O_summary_confidence_sample_0.selection_qa.json,5,4,0.903625,1.000000,0.500000,ok,
T0234O,/scratch/10992/liaorunlong93/casp16-leaderboard/runs/server_v2_attack_scoreable_input_repair_overlay_msa_reuse_protenix5_seed101_105/predictions/protenix-v2/T0234O/seed_105/predictions/T0234O_sample_0.cif,/scratch/10992/liaorunlong93/casp16-leaderboard/runs/server_v2_attack_scoreable_input_repair_overlay_msa_reuse_protenix5_seed101_105/predictions/protenix-v2/T0234O/seed_105/predictions/T0234O_summary_confidence_sample_0.json,/scratch/10992/liaorunlong93/casp16-leaderboard/runs/server_v2_attack_scoreable_input_repair_overlay_msa_reuse_protenix5_seed101_105/predictions/protenix-v2/T0234O/seed_105/predictions/T0234O_summary_confidence_sample_0.selection_qa.json,5,4,0.813050,1.000000,0.500000,ok,
T1234O,/scratch/10992/liaorunlong93/casp16-leaderboard/runs/server_v2_attack_scoreable_input_repair_overlay_msa_reuse_protenix5_seed101_105/predictions/protenix-v2/T1234O/seed_101/predictions/T1234O_sample_0.cif,/scratch/10992/liaorunlong93/casp16-leaderboard/runs/server_v2_attack_scoreable_input_repair_overlay_msa_reuse_protenix5_seed101_105/predictions/protenix-v2/T1234O/seed_101/predictions/T1234O_summary_confidence_sample_0.json,/scratch/10992/liaorunlong93/casp16-leaderboard/runs/server_v2_attack_scoreable_input_repair_overlay_msa_reuse_protenix5_seed101_105/predictions/protenix-v2/T1234O/seed_101/predictions/T1234O_summary_confidence_sample_0.selection_qa.json,5,4,0.959450,1.000000,0.500000,ok,
T1234O,/scratch/10992/liaorunlong93/casp16-leaderboard/runs/server_v2_attack_scoreable_input_repair_overlay_msa_reuse_protenix5_seed101_105/predictions/protenix-v2/T1234O/seed_102/predictions/T1234O_sample_0.cif,/scratch/10992/liaorunlong93/casp16-leaderboard/runs/server_v2_attack_scoreable_input_repair_overlay_msa_reuse_protenix5_seed101_105/predictions/protenix-v2/T1234O/seed_102/predictions/T1234O_summary_confidence_sample_0.json,/scratch/10992/liaorunlong93/casp16-leaderboard/runs/server_v2_attack_scoreable_input_repair_overlay_msa_reuse_protenix5_seed101_105/predictions/protenix-v2/T1234O/seed_102/predictions/T1234O_summary_confidence_sample_0.selection_qa.json,5,4,0.956775,1.000000,0.500000,ok,
T1234O,/scratch/10992/liaorunlong93/casp16-leaderboard/runs/server_v2_attack_scoreable_input_repair_overlay_msa_reuse_protenix5_seed101_105/predictions/protenix-v2/T1234O/seed_103/predictions/T1234O_sample_0.cif,/scratch/10992/liaorunlong93/casp16-leaderboard/runs/server_v2_attack_scoreable_input_repair_overlay_msa_reuse_protenix5_seed101_105/predictions/protenix-v2/T1234O/seed_103/predictions/T1234O_summary_confidence_sample_0.json,/scratch/10992/liaorunlong93/casp16-leaderboard/runs/server_v2_attack_scoreable_input_repair_overlay_msa_reuse_protenix5_seed101_105/predictions/protenix-v2/T1234O/seed_103/predictions/T1234O_summary_confidence_sample_0.selection_qa.json,5,4,0.927050,1.000000,0.500000,ok,
T1234O,/scratch/10992/liaorunlong93/casp16-leaderboard/runs/server_v2_attack_scoreable_input_repair_overlay_msa_reuse_protenix5_seed101_105/predictions/protenix-v2/T1234O/seed_104/predictions/T1234O_sample_0.cif,/scratch/10992/liaorunlong93/casp16-leaderboard/runs/server_v2_attack_scoreable_input_repair_overlay_msa_reuse_protenix5_seed101_105/predictions/protenix-v2/T1234O/seed_104/predictions/T1234O_summary_confidence_sample_0.json,/scratch/10992/liaorunlong93/casp16-leaderboard/runs/server_v2_attack_scoreable_input_repair_overlay_msa_reuse_protenix5_seed101_105/predictions/protenix-v2/T1234O/seed_104/predictions/T1234O_summary_confidence_sample_0.selection_qa.json,5,4,0.952650,1.000000,0.500000,ok,
T1234O,/scratch/10992/liaorunlong93/casp16-leaderboard/runs/server_v2_attack_scoreable_input_repair_overlay_msa_reuse_protenix5_seed101_105/predictions/protenix-v2/T1234O/seed_105/predictions/T1234O_sample_0.cif,/scratch/10992/liaorunlong93/casp16-leaderboard/runs/server_v2_attack_scoreable_input_repair_overlay_msa_reuse_protenix5_seed101_105/predictions/protenix-v2/T1234O/seed_105/predictions/T1234O_summary_confidence_sample_0.json,/scratch/10992/liaorunlong93/casp16-leaderboard/runs/server_v2_attack_scoreable_input_repair_overlay_msa_reuse_protenix5_seed101_105/predictions/protenix-v2/T1234O/seed_105/predictions/T1234O_summary_confidence_sample_0.selection_qa.json,5,4,0.958575,1.000000,0.500000,ok,
T2234O,/scratch/10992/liaorunlong93/casp16-leaderboard/runs/server_v2_attack_scoreable_input_repair_overlay_msa_reuse_protenix5_seed101_105/predictions/protenix-v2/T2234O/seed_101/predictions/T2234O_sample_0.cif,/scratch/10992/liaorunlong93/casp16-leaderboard/runs/server_v2_attack_scoreable_input_repair_overlay_msa_reuse_protenix5_seed101_105/predictions/protenix-v2/T2234O/seed_101/predictions/T2234O_summary_confidence_sample_0.json,/scratch/10992/liaorunlong93/casp16-leaderboard/runs/server_v2_attack_scoreable_input_repair_overlay_msa_reuse_protenix5_seed101_105/predictions/protenix-v2/T2234O/seed_101/predictions/T2234O_summary_confidence_sample_0.selection_qa.json,5,4,0.935075,1.000000,0.500000,ok,
T2234O,/scratch/10992/liaorunlong93/casp16-leaderboard/runs/server_v2_attack_scoreable_input_repair_overlay_msa_reuse_protenix5_seed101_105/predictions/protenix-v2/T2234O/seed_102/predictions/T2234O_sample_0.cif,/scratch/10992/liaorunlong93/casp16-leaderboard/runs/server_v2_attack_scoreable_input_repair_overlay_msa_reuse_protenix5_seed101_105/predictions/protenix-v2/T2234O/seed_102/predictions/T2234O_summary_confidence_sample_0.json,/scratch/10992/liaorunlong93/casp16-leaderboard/runs/server_v2_attack_scoreable_input_repair_overlay_msa_reuse_protenix5_seed101_105/predictions/protenix-v2/T2234O/seed_102/predictions/T2234O_summary_confidence_sample_0.selection_qa.json,5,4,0.956025,1.000000,0.500000,ok,
T2234O,/scratch/10992/liaorunlong93/casp16-leaderboard/runs/server_v2_attack_scoreable_input_repair_overlay_msa_reuse_protenix5_seed101_105/predictions/protenix-v2/T2234O/seed_103/predictions/T2234O_sample_0.cif,/scratch/10992/liaorunlong93/casp16-leaderboard/runs/server_v2_attack_scoreable_input_repair_overlay_msa_reuse_protenix5_seed101_105/predictions/protenix-v2/T2234O/seed_103/predictions/T2234O_summary_confidence_sample_0.json,/scratch/10992/liaorunlong93/casp16-leaderboard/runs/server_v2_attack_scoreable_input_repair_overlay_msa_reuse_protenix5_seed101_105/predictions/protenix-v2/T2234O/seed_103/predictions/T2234O_summary_confidence_sample_0.selection_qa.json,5,4,0.949475,1.000000,0.500000,ok,
T2234O,/scratch/10992/liaorunlong93/casp16-leaderboard/runs/server_v2_attack_scoreable_input_repair_overlay_msa_reuse_protenix5_seed101_105/predictions/protenix-v2/T2234O/seed_104/predictions/T2234O_sample_0.cif,/scratch/10992/liaorunlong93/casp16-leaderboard/runs/server_v2_attack_scoreable_input_repair_overlay_msa_reuse_protenix5_seed101_105/predictions/protenix-v2/T2234O/seed_104/predictions/T2234O_summary_confidence_sample_0.json,/scratch/10992/liaorunlong93/casp16-leaderboard/runs/server_v2_attack_scoreable_input_repair_overlay_msa_reuse_protenix5_seed101_105/predictions/protenix-v2/T2234O/seed_104/predictions/T2234O_summary_confidence_sample_0.selection_qa.json,5,4,0.951850,1.000000,0.500000,ok,
T2234O,/scratch/10992/liaorunlong93/casp16-leaderboard/runs/server_v2_attack_scoreable_input_repair_overlay_msa_reuse_protenix5_seed101_105/predictions/protenix-v2/T2234O/seed_105/predictions/T2234O_sample_0.cif,/scratch/10992/liaorunlong93/casp16-leaderboard/runs/server_v2_attack_scoreable_input_repair_overlay_msa_reuse_protenix5_seed101_105/predictions/protenix-v2/T2234O/seed_105/predictions/T2234O_summary_confidence_sample_0.json,/scratch/10992/liaorunlong93/casp16-leaderboard/runs/server_v2_attack_scoreable_input_repair_overlay_msa_reuse_protenix5_seed101_105/predictions/protenix-v2/T2234O/seed_105/predictions/T2234O_summary_confidence_sample_0.selection_qa.json,5,4,0.924875,1.000000,0.500000,ok,
H0225,/scratch/10992/liaorunlong93/casp16-leaderboard/runs/server_v2_attack_scoreable_input_repair_overlay_msa_reuse_protenix5_seed101_105/predictions/protenix-v2/H0225/seed_101/predictions/H0225_sample_0.cif,/scratch/10992/liaorunlong93/casp16-leaderboard/runs/server_v2_attack_scoreable_input_repair_overlay_msa_reuse_protenix5_seed101_105/predictions/protenix-v2/H0225/seed_101/predictions/H0225_summary_confidence_sample_0.json,/scratch/10992/liaorunlong93/casp16-leaderboard/runs/server_v2_attack_scoreable_input_repair_overlay_msa_reuse_protenix5_seed101_105/predictions/protenix-v2/H0225/seed_101/predictions/H0225_summary_confidence_sample_0.selection_qa.json,5,4,0.544250,1.000000,0.500000,ok,
H0225,/scratch/10992/liaorunlong93/casp16-leaderboard/runs/server_v2_attack_scoreable_input_repair_overlay_msa_reuse_protenix5_seed101_105/predictions/protenix-v2/H0225/seed_102/predictions/H0225_sample_0.cif,/scratch/10992/liaorunlong93/casp16-leaderboard/runs/server_v2_attack_scoreable_input_repair_overlay_msa_reuse_protenix5_seed101_105/predictions/protenix-v2/H0225/seed_102/predictions/H0225_summary_confidence_sample_0.json,/scratch/10992/liaorunlong93/casp16-leaderboard/runs/server_v2_attack_scoreable_input_repair_overlay_msa_reuse_protenix5_seed101_105/predictions/protenix-v2/H0225/seed_102/predictions/H0225_summary_confidence_sample_0.selection_qa.json,5,4,0.531725,1.000000,0.500000,ok,
H0225,/scratch/10992/liaorunlong93/casp16-leaderboard/runs/server_v2_attack_scoreable_input_repair_overlay_msa_reuse_protenix5_seed101_105/predictions/protenix-v2/H0225/seed_103/predictions/H0225_sample_0.cif,/scratch/10992/liaorunlong93/casp16-leaderboard/runs/server_v2_attack_scoreable_input_repair_overlay_msa_reuse_protenix5_seed101_105/predictions/protenix-v2/H0225/seed_103/predictions/H0225_summary_confidence_sample_0.json,/scratch/10992/liaorunlong93/casp16-leaderboard/runs/server_v2_attack_scoreable_input_repair_overlay_msa_reuse_protenix5_seed101_105/predictions/protenix-v2/H0225/seed_103/predictions/H0225_summary_confidence_sample_0.selection_qa.json,5,4,0.542700,1.000000,0.500000,ok,
H0225,/scratch/10992/liaorunlong93/casp16-leaderboard/runs/server_v2_attack_scoreable_input_repair_overlay_msa_reuse_protenix5_seed101_105/predictions/protenix-v2/H0225/seed_104/predictions/H0225_sample_0.cif,/scratch/10992/liaorunlong93/casp16-leaderboard/runs/server_v2_attack_scoreable_input_repair_overlay_msa_reuse_protenix5_seed101_105/predictions/protenix-v2/H0225/seed_104/predictions/H0225_summary_confidence_sample_0.json,/scratch/10992/liaorunlong93/casp16-leaderboard/runs/server_v2_attack_scoreable_input_repair_overlay_msa_reuse_protenix5_seed101_105/predictions/protenix-v2/H0225/seed_104/predictions/H0225_summary_confidence_sample_0.selection_qa.json,5,4,0.508425,1.000000,0.500000,ok,
H0225,/scratch/10992/liaorunlong93/casp16-leaderboard/runs/server_v2_attack_scoreable_input_repair_overlay_msa_reuse_protenix5_seed101_105/predictions/protenix-v2/H0225/seed_105/predictions/H0225_sample_0.cif,/scratch/10992/liaorunlong93/casp16-leaderboard/runs/server_v2_attack_scoreable_input_repair_overlay_msa_reuse_protenix5_seed101_105/predictions/protenix-v2/H0225/seed_105/predictions/H0225_summary_confidence_sample_0.json,/scratch/10992/liaorunlong93/casp16-leaderboard/runs/server_v2_attack_scoreable_input_repair_overlay_msa_reuse_protenix5_seed101_105/predictions/protenix-v2/H0225/seed_105/predictions/H0225_summary_confidence_sample_0.selection_qa.json,5,4,0.522000,1.000000,0.500000,ok,
H1225,/scratch/10992/liaorunlong93/casp16-leaderboard/runs/server_v2_attack_scoreable_input_repair_overlay_msa_reuse_protenix5_seed101_105/predictions/protenix-v2/H1225/seed_101/predictions/H1225_sample_0.cif,/scratch/10992/liaorunlong93/casp16-leaderboard/runs/server_v2_attack_scoreable_input_repair_overlay_msa_reuse_protenix5_seed101_105/predictions/protenix-v2/H1225/seed_101/predictions/H1225_summary_confidence_sample_0.json,/scratch/10992/liaorunlong93/casp16-leaderboard/runs/server_v2_attack_scoreable_input_repair_overlay_msa_reuse_protenix5_seed101_105/predictions/protenix-v2/H1225/seed_101/predictions/H1225_summary_confidence_sample_0.selection_qa.json,5,4,0.497825,0.600000,0.500000,ok,
H1225,/scratch/10992/liaorunlong93/casp16-leaderboard/runs/server_v2_attack_scoreable_input_repair_overlay_msa_reuse_protenix5_seed101_105/predictions/protenix-v2/H1225/seed_102/predictions/H1225_sample_0.cif,/scratch/10992/liaorunlong93/casp16-leaderboard/runs/server_v2_attack_scoreable_input_repair_overlay_msa_reuse_protenix5_seed101_105/predictions/protenix-v2/H1225/seed_102/predictions/H1225_summary_confidence_sample_0.json,/scratch/10992/liaorunlong93/casp16-leaderboard/runs/server_v2_attack_scoreable_input_repair_overlay_msa_reuse_protenix5_seed101_105/predictions/protenix-v2/H1225/seed_102/predictions/H1225_summary_confidence_sample_0.selection_qa.json,5,4,0.480250,0.400000,0.500000,ok,
H1225,/scratch/10992/liaorunlong93/casp16-leaderboard/runs/server_v2_attack_scoreable_input_repair_overlay_msa_reuse_protenix5_seed101_105/predictions/protenix-v2/H1225/seed_103/predictions/H1225_sample_0.cif,/scratch/10992/liaorunlong93/casp16-leaderboard/runs/server_v2_attack_scoreable_input_repair_overlay_msa_reuse_protenix5_seed101_105/predictions/protenix-v2/H1225/seed_103/predictions/H1225_summary_confidence_sample_0.json,/scratch/10992/liaorunlong93/casp16-leaderboard/runs/server_v2_attack_scoreable_input_repair_overlay_msa_reuse_protenix5_seed101_105/predictions/protenix-v2/H1225/seed_103/predictions/H1225_summary_confidence_sample_0.selection_qa.json,5,4,0.517650,0.600000,0.500000,ok,
H1225,/scratch/10992/liaorunlong93/casp16-leaderboard/runs/server_v2_attack_scoreable_input_repair_overlay_msa_reuse_protenix5_seed101_105/predictions/protenix-v2/H1225/seed_104/predictions/H1225_sample_0.cif,/scratch/10992/liaorunlong93/casp16-leaderboard/runs/server_v2_attack_scoreable_input_repair_overlay_msa_reuse_protenix5_seed101_105/predictions/protenix-v2/H1225/seed_104/predictions/H1225_summary_confidence_sample_0.json,/scratch/10992/liaorunlong93/casp16-leaderboard/runs/server_v2_attack_scoreable_input_repair_overlay_msa_reuse_protenix5_seed101_105/predictions/protenix-v2/H1225/seed_104/predictions/H1225_summary_confidence_sample_0.selection_qa.json,5,4,0.483475,0.400000,0.500000,ok,
H1225,/scratch/10992/liaorunlong93/casp16-leaderboard/runs/server_v2_attack_scoreable_input_repair_overlay_msa_reuse_protenix5_seed101_105/predictions/protenix-v2/H1225/seed_105/predictions/H1225_sample_0.cif,/scratch/10992/liaorunlong93/casp16-leaderboard/runs/server_v2_attack_scoreable_input_repair_overlay_msa_reuse_protenix5_seed101_105/predictions/protenix-v2/H1225/seed_105/predictions/H1225_summary_confidence_sample_0.json,/scratch/10992/liaorunlong93/casp16-leaderboard/runs/server_v2_attack_scoreable_input_repair_overlay_msa_reuse_protenix5_seed101_105/predictions/protenix-v2/H1225/seed_105/predictions/H1225_summary_confidence_sample_0.selection_qa.json,5,4,0.502550,0.600000,0.500000,ok,
H2225,/scratch/10992/liaorunlong93/casp16-leaderboard/runs/server_v2_attack_scoreable_input_repair_overlay_msa_reuse_protenix5_seed101_105/predictions/protenix-v2/H2225/seed_101/predictions/H2225_sample_0.cif,/scratch/10992/liaorunlong93/casp16-leaderboard/runs/server_v2_attack_scoreable_input_repair_overlay_msa_reuse_protenix5_seed101_105/predictions/protenix-v2/H2225/seed_101/predictions/H2225_summary_confidence_sample_0.json,/scratch/10992/liaorunlong93/casp16-leaderboard/runs/server_v2_attack_scoreable_input_repair_overlay_msa_reuse_protenix5_seed101_105/predictions/protenix-v2/H2225/seed_101/predictions/H2225_summary_confidence_sample_0.selection_qa.json,5,4,0.532225,0.400000,0.500000,ok,
H2225,/scratch/10992/liaorunlong93/casp16-leaderboard/runs/server_v2_attack_scoreable_input_repair_overlay_msa_reuse_protenix5_seed101_105/predictions/protenix-v2/H2225/seed_102/predictions/H2225_sample_0.cif,/scratch/10992/liaorunlong93/casp16-leaderboard/runs/server_v2_attack_scoreable_input_repair_overlay_msa_reuse_protenix5_seed101_105/predictions/protenix-v2/H2225/seed_102/predictions/H2225_summary_confidence_sample_0.json,/scratch/10992/liaorunlong93/casp16-leaderboard/runs/server_v2_attack_scoreable_input_repair_overlay_msa_reuse_protenix5_seed101_105/predictions/protenix-v2/H2225/seed_102/predictions/H2225_summary_confidence_sample_0.selection_qa.json,5,4,0.464350,0.200000,0.500000,ok,
H2225,/scratch/10992/liaorunlong93/casp16-leaderboard/runs/server_v2_attack_scoreable_input_repair_overlay_msa_reuse_protenix5_seed101_105/predictions/protenix-v2/H2225/seed_103/predictions/H2225_sample_0.cif,/scratch/10992/liaorunlong93/casp16-leaderboard/runs/server_v2_attack_scoreable_input_repair_overlay_msa_reuse_protenix5_seed101_105/predictions/protenix-v2/H2225/seed_103/predictions/H2225_summary_confidence_sample_0.json,/scratch/10992/liaorunlong93/casp16-leaderboard/runs/server_v2_attack_scoreable_input_repair_overlay_msa_reuse_protenix5_seed101_105/predictions/protenix-v2/H2225/seed_103/predictions/H2225_summary_confidence_sample_0.selection_qa.json,5,4,0.491225,0.400000,0.500000,ok,
H2225,/scratch/10992/liaorunlong93/casp16-leaderboard/runs/server_v2_attack_scoreable_input_repair_overlay_msa_reuse_protenix5_seed101_105/predictions/protenix-v2/H2225/seed_104/predictions/H2225_sample_0.cif,/scratch/10992/liaorunlong93/casp16-leaderboard/runs/server_v2_attack_scoreable_input_repair_overlay_msa_reuse_protenix5_seed101_105/predictions/protenix-v2/H2225/seed_104/predictions/H2225_summary_confidence_sample_0.json,/scratch/10992/liaorunlong93/casp16-leaderboard/runs/server_v2_attack_scoreable_input_repair_overlay_msa_reuse_protenix5_seed101_105/predictions/protenix-v2/H2225/seed_104/predictions/H2225_summary_confidence_sample_0.selection_qa.json,5,4,0.503975,0.600000,0.500000,ok,
H2225,/scratch/10992/liaorunlong93/casp16-leaderboard/runs/server_v2_attack_scoreable_input_repair_overlay_msa_reuse_protenix5_seed101_105/predictions/protenix-v2/H2225/seed_105/predictions/H2225_sample_0.cif,/scratch/10992/liaorunlong93/casp16-leaderboard/runs/server_v2_attack_scoreable_input_repair_overlay_msa_reuse_protenix5_seed101_105/predictions/protenix-v2/H2225/seed_105/predictions/H2225_summary_confidence_sample_0.json,/scratch/10992/liaorunlong93/casp16-leaderboard/runs/server_v2_attack_scoreable_input_repair_overlay_msa_reuse_protenix5_seed101_105/predictions/protenix-v2/H2225/seed_105/predictions/H2225_summary_confidence_sample_0.selection_qa.json,5,4,0.540925,0.600000,0.500000,ok,
H0222,/scratch/10992/liaorunlong93/casp16-leaderboard/runs/server_v2_attack_scoreable_input_repair_overlay_msa_reuse_protenix5_seed101_105/predictions/protenix-v2/H0222/seed_101/predictions/H0222_sample_0.cif,/scratch/10992/liaorunlong93/casp16-leaderboard/runs/server_v2_attack_scoreable_input_repair_overlay_msa_reuse_protenix5_seed101_105/predictions/protenix-v2/H0222/seed_101/predictions/H0222_summary_confidence_sample_0.json,/scratch/10992/liaorunlong93/casp16-leaderboard/runs/server_v2_attack_scoreable_input_repair_overlay_msa_reuse_protenix5_seed101_105/predictions/protenix-v2/H0222/seed_101/predictions/H0222_summary_confidence_sample_0.selection_qa.json,5,4,0.501200,0.600000,0.500000,ok,
H0222,/scratch/10992/liaorunlong93/casp16-leaderboard/runs/server_v2_attack_scoreable_input_repair_overlay_msa_reuse_protenix5_seed101_105/predictions/protenix-v2/H0222/seed_102/predictions/H0222_sample_0.cif,/scratch/10992/liaorunlong93/casp16-leaderboard/runs/server_v2_attack_scoreable_input_repair_overlay_msa_reuse_protenix5_seed101_105/predictions/protenix-v2/H0222/seed_102/predictions/H0222_summary_confidence_sample_0.json,/scratch/10992/liaorunlong93/casp16-leaderboard/runs/server_v2_attack_scoreable_input_repair_overlay_msa_reuse_protenix5_seed101_105/predictions/protenix-v2/H0222/seed_102/predictions/H0222_summary_confidence_sample_0.selection_qa.json,5,4,0.498825,0.400000,0.500000,ok,
H0222,/scratch/10992/liaorunlong93/casp16-leaderboard/runs/server_v2_attack_scoreable_input_repair_overlay_msa_reuse_protenix5_seed101_105/predictions/protenix-v2/H0222/seed_103/predictions/H0222_sample_0.cif,/scratch/10992/liaorunlong93/casp16-leaderboard/runs/server_v2_attack_scoreable_input_repair_overlay_msa_reuse_protenix5_seed101_105/predictions/protenix-v2/H0222/seed_103/predictions/H0222_summary_confidence_sample_0.json,/scratch/10992/liaorunlong93/casp16-leaderboard/runs/server_v2_attack_scoreable_input_repair_overlay_msa_reuse_protenix5_seed101_105/predictions/protenix-v2/H0222/seed_103/predictions/H0222_summary_confidence_sample_0.selection_qa.json,5,4,0.506225,0.600000,0.500000,ok,
H0222,/scratch/10992/liaorunlong93/casp16-leaderboard/runs/server_v2_attack_scoreable_input_repair_overlay_msa_reuse_protenix5_seed101_105/predictions/protenix-v2/H0222/seed_104/predictions/H0222_sample_0.cif,/scratch/10992/liaorunlong93/casp16-leaderboard/runs/server_v2_attack_scoreable_input_repair_overlay_msa_reuse_protenix5_seed101_105/predictions/protenix-v2/H0222/seed_104/predictions/H0222_summary_confidence_sample_0.json,/scratch/10992/liaorunlong93/casp16-leaderboard/runs/server_v2_attack_scoreable_input_repair_overlay_msa_reuse_protenix5_seed101_105/predictions/protenix-v2/H0222/seed_104/predictions/H0222_summary_confidence_sample_0.selection_qa.json,5,4,0.499600,0.400000,0.500000,ok,
H0222,/scratch/10992/liaorunlong93/casp16-leaderboard/runs/server_v2_attack_scoreable_input_repair_overlay_msa_reuse_protenix5_seed101_105/predictions/protenix-v2/H0222/seed_105/predictions/H0222_sample_0.cif,/scratch/10992/liaorunlong93/casp16-leaderboard/runs/server_v2_attack_scoreable_input_repair_overlay_msa_reuse_protenix5_seed101_105/predictions/protenix-v2/H0222/seed_105/predictions/H0222_summary_confidence_sample_0.json,/scratch/10992/liaorunlong93/casp16-leaderboard/runs/server_v2_attack_scoreable_input_repair_overlay_msa_reuse_protenix5_seed101_105/predictions/protenix-v2/H0222/seed_105/predictions/H0222_summary_confidence_sample_0.selection_qa.json,5,4,0.476150,0.200000,0.500000,ok,
H1222,/scratch/10992/liaorunlong93/casp16-leaderboard/runs/server_v2_attack_scoreable_input_repair_overlay_msa_reuse_protenix5_seed101_105/predictions/protenix-v2/H1222/seed_101/predictions/H1222_sample_0.cif,/scratch/10992/liaorunlong93/casp16-leaderboard/runs/server_v2_attack_scoreable_input_repair_overlay_msa_reuse_protenix5_seed101_105/predictions/protenix-v2/H1222/seed_101/predictions/H1222_summary_confidence_sample_0.json,/scratch/10992/liaorunlong93/casp16-leaderboard/runs/server_v2_attack_scoreable_input_repair_overlay_msa_reuse_protenix5_seed101_105/predictions/protenix-v2/H1222/seed_101/predictions/H1222_summary_confidence_sample_0.selection_qa.json,5,4,0.497600,0.400000,0.500000,ok,
H1222,/scratch/10992/liaorunlong93/casp16-leaderboard/runs/server_v2_attack_scoreable_input_repair_overlay_msa_reuse_protenix5_seed101_105/predictions/protenix-v2/H1222/seed_102/predictions/H1222_sample_0.cif,/scratch/10992/liaorunlong93/casp16-leaderboard/runs/server_v2_attack_scoreable_input_repair_overlay_msa_reuse_protenix5_seed101_105/predictions/protenix-v2/H1222/seed_102/predictions/H1222_summary_confidence_sample_0.json,/scratch/10992/liaorunlong93/casp16-leaderboard/runs/server_v2_attack_scoreable_input_repair_overlay_msa_reuse_protenix5_seed101_105/predictions/protenix-v2/H1222/seed_102/predictions/H1222_summary_confidence_sample_0.selection_qa.json,5,4,0.479775,0.400000,0.500000,ok,
H1222,/scratch/10992/liaorunlong93/casp16-leaderboard/runs/server_v2_attack_scoreable_input_repair_overlay_msa_reuse_protenix5_seed101_105/predictions/protenix-v2/H1222/seed_103/predictions/H1222_sample_0.cif,/scratch/10992/liaorunlong93/casp16-leaderboard/runs/server_v2_attack_scoreable_input_repair_overlay_msa_reuse_protenix5_seed101_105/predictions/protenix-v2/H1222/seed_103/predictions/H1222_summary_confidence_sample_0.json,/scratch/10992/liaorunlong93/casp16-leaderboard/runs/server_v2_attack_scoreable_input_repair_overlay_msa_reuse_protenix5_seed101_105/predictions/protenix-v2/H1222/seed_103/predictions/H1222_summary_confidence_sample_0.selection_qa.json,5,4,0.496975,0.600000,0.500000,ok,
H1222,/scratch/10992/liaorunlong93/casp16-leaderboard/runs/server_v2_attack_scoreable_input_repair_overlay_msa_reuse_protenix5_seed101_105/predictions/protenix-v2/H1222/seed_104/predictions/H1222_sample_0.cif,/scratch/10992/liaorunlong93/casp16-leaderboard/runs/server_v2_attack_scoreable_input_repair_overlay_msa_reuse_protenix5_seed101_105/predictions/protenix-v2/H1222/seed_104/predictions/H1222_summary_confidence_sample_0.json,/scratch/10992/liaorunlong93/casp16-leaderboard/runs/server_v2_attack_scoreable_input_repair_overlay_msa_reuse_protenix5_seed101_105/predictions/protenix-v2/H1222/seed_104/predictions/H1222_summary_confidence_sample_0.selection_qa.json,5,4,0.477325,0.400000,0.500000,ok,
H1222,/scratch/10992/liaorunlong93/casp16-leaderboard/runs/server_v2_attack_scoreable_input_repair_overlay_msa_reuse_protenix5_seed101_105/predictions/protenix-v2/H1222/seed_105/predictions/H1222_sample_0.cif,/scratch/10992/liaorunlong93/casp16-leaderboard/runs/server_v2_attack_scoreable_input_repair_overlay_msa_reuse_protenix5_seed101_105/predictions/protenix-v2/H1222/seed_105/predictions/H1222_summary_confidence_sample_0.json,/scratch/10992/liaorunlong93/casp16-leaderboard/runs/server_v2_attack_scoreable_input_repair_overlay_msa_reuse_protenix5_seed101_105/predictions/protenix-v2/H1222/seed_105/predictions/H1222_summary_confidence_sample_0.selection_qa.json,5,4,0.479225,0.400000,0.500000,ok,
H2222,/scratch/10992/liaorunlong93/casp16-leaderboard/runs/server_v2_attack_scoreable_input_repair_overlay_msa_reuse_protenix5_seed101_105/predictions/protenix-v2/H2222/seed_101/predictions/H2222_sample_0.cif,/scratch/10992/liaorunlong93/casp16-leaderboard/runs/server_v2_attack_scoreable_input_repair_overlay_msa_reuse_protenix5_seed101_105/predictions/protenix-v2/H2222/seed_101/predictions/H2222_summary_confidence_sample_0.json,/scratch/10992/liaorunlong93/casp16-leaderboard/runs/server_v2_attack_scoreable_input_repair_overlay_msa_reuse_protenix5_seed101_105/predictions/protenix-v2/H2222/seed_101/predictions/H2222_summary_confidence_sample_0.selection_qa.json,5,4,0.488475,0.400000,0.500000,ok,
H2222,/scratch/10992/liaorunlong93/casp16-leaderboard/runs/server_v2_attack_scoreable_input_repair_overlay_msa_reuse_protenix5_seed101_105/predictions/protenix-v2/H2222/seed_102/predictions/H2222_sample_0.cif,/scratch/10992/liaorunlong93/casp16-leaderboard/runs/server_v2_attack_scoreable_input_repair_overlay_msa_reuse_protenix5_seed101_105/predictions/protenix-v2/H2222/seed_102/predictions/H2222_summary_confidence_sample_0.json,/scratch/10992/liaorunlong93/casp16-leaderboard/runs/server_v2_attack_scoreable_input_repair_overlay_msa_reuse_protenix5_seed101_105/predictions/protenix-v2/H2222/seed_102/predictions/H2222_summary_confidence_sample_0.selection_qa.json,5,4,0.524725,0.800000,0.500000,ok,
H2222,/scratch/10992/liaorunlong93/casp16-leaderboard/runs/server_v2_attack_scoreable_input_repair_overlay_msa_reuse_protenix5_seed101_105/predictions/protenix-v2/H2222/seed_103/predictions/H2222_sample_0.cif,/scratch/10992/liaorunlong93/casp16-leaderboard/runs/server_v2_attack_scoreable_input_repair_overlay_msa_reuse_protenix5_seed101_105/predictions/protenix-v2/H2222/seed_103/predictions/H2222_summary_confidence_sample_0.json,/scratch/10992/liaorunlong93/casp16-leaderboard/runs/server_v2_attack_scoreable_input_repair_overlay_msa_reuse_protenix5_seed101_105/predictions/protenix-v2/H2222/seed_103/predictions/H2222_summary_confidence_sample_0.selection_qa.json,5,4,0.475625,0.400000,0.500000,ok,
H2222,/scratch/10992/liaorunlong93/casp16-leaderboard/runs/server_v2_attack_scoreable_input_repair_overlay_msa_reuse_protenix5_seed101_105/predictions/protenix-v2/H2222/seed_104/predictions/H2222_sample_0.cif,/scratch/10992/liaorunlong93/casp16-leaderboard/runs/server_v2_attack_scoreable_input_repair_overlay_msa_reuse_protenix5_seed101_105/predictions/protenix-v2/H2222/seed_104/predictions/H2222_summary_confidence_sample_0.json,/scratch/10992/liaorunlong93/casp16-leaderboard/runs/server_v2_attack_scoreable_input_repair_overlay_msa_reuse_protenix5_seed101_105/predictions/protenix-v2/H2222/seed_104/predictions/H2222_summary_confidence_sample_0.selection_qa.json,5,4,0.495025,0.400000,0.500000,ok,
H2222,/scratch/10992/liaorunlong93/casp16-leaderboard/runs/server_v2_attack_scoreable_input_repair_overlay_msa_reuse_protenix5_seed101_105/predictions/protenix-v2/H2222/seed_105/predictions/H2222_sample_0.cif,/scratch/10992/liaorunlong93/casp16-leaderboard/runs/server_v2_attack_scoreable_input_repair_overlay_msa_reuse_protenix5_seed101_105/predictions/protenix-v2/H2222/seed_105/predictions/H2222_summary_confidence_sample_0.json,/scratch/10992/liaorunlong93/casp16-leaderboard/runs/server_v2_attack_scoreable_input_repair_overlay_msa_reuse_protenix5_seed101_105/predictions/protenix-v2/H2222/seed_105/predictions/H2222_summary_confidence_sample_0.selection_qa.json,5,4,0.494700,0.600000,0.500000,ok,
H0223,/scratch/10992/liaorunlong93/casp16-leaderboard/runs/server_v2_attack_scoreable_input_repair_overlay_msa_reuse_protenix5_seed101_105/predictions/protenix-v2/H0223/seed_101/predictions/H0223_sample_0.cif,/scratch/10992/liaorunlong93/casp16-leaderboard/runs/server_v2_attack_scoreable_input_repair_overlay_msa_reuse_protenix5_seed101_105/predictions/protenix-v2/H0223/seed_101/predictions/H0223_summary_confidence_sample_0.json,/scratch/10992/liaorunlong93/casp16-leaderboard/runs/server_v2_attack_scoreable_input_repair_overlay_msa_reuse_protenix5_seed101_105/predictions/protenix-v2/H0223/seed_101/predictions/H0223_summary_confidence_sample_0.selection_qa.json,5,4,0.464900,0.400000,0.500000,ok,
H0223,/scratch/10992/liaorunlong93/casp16-leaderboard/runs/server_v2_attack_scoreable_input_repair_overlay_msa_reuse_protenix5_seed101_105/predictions/protenix-v2/H0223/seed_102/predictions/H0223_sample_0.cif,/scratch/10992/liaorunlong93/casp16-leaderboard/runs/server_v2_attack_scoreable_input_repair_overlay_msa_reuse_protenix5_seed101_105/predictions/protenix-v2/H0223/seed_102/predictions/H0223_summary_confidence_sample_0.json,/scratch/10992/liaorunlong93/casp16-leaderboard/runs/server_v2_attack_scoreable_input_repair_overlay_msa_reuse_protenix5_seed101_105/predictions/protenix-v2/H0223/seed_102/predictions/H0223_summary_confidence_sample_0.selection_qa.json,5,4,0.493000,0.600000,0.500000,ok,
H0223,/scratch/10992/liaorunlong93/casp16-leaderboard/runs/server_v2_attack_scoreable_input_repair_overlay_msa_reuse_protenix5_seed101_105/predictions/protenix-v2/H0223/seed_103/predictions/H0223_sample_0.cif,/scratch/10992/liaorunlong93/casp16-leaderboard/runs/server_v2_attack_scoreable_input_repair_overlay_msa_reuse_protenix5_seed101_105/predictions/protenix-v2/H0223/seed_103/predictions/H0223_summary_confidence_sample_0.json,/scratch/10992/liaorunlong93/casp16-leaderboard/runs/server_v2_attack_scoreable_input_repair_overlay_msa_reuse_protenix5_seed101_105/predictions/protenix-v2/H0223/seed_103/predictions/H0223_summary_confidence_sample_0.selection_qa.json,5,4,0.521250,0.800000,0.500000,ok,
H0223,/scratch/10992/liaorunlong93/casp16-leaderboard/runs/server_v2_attack_scoreable_input_repair_overlay_msa_reuse_protenix5_seed101_105/predictions/protenix-v2/H0223/seed_104/predictions/H0223_sample_0.cif,/scratch/10992/liaorunlong93/casp16-leaderboard/runs/server_v2_attack_scoreable_input_repair_overlay_msa_reuse_protenix5_seed101_105/predictions/protenix-v2/H0223/seed_104/predictions/H0223_summary_confidence_sample_0.json,/scratch/10992/liaorunlong93/casp16-leaderboard/runs/server_v2_attack_scoreable_input_repair_overlay_msa_reuse_protenix5_seed101_105/predictions/protenix-v2/H0223/seed_104/predictions/H0223_summary_confidence_sample_0.selection_qa.json,5,4,0.501225,0.800000,0.500000,ok,
H0223,/scratch/10992/liaorunlong93/casp16-leaderboard/runs/server_v2_attack_scoreable_input_repair_overlay_msa_reuse_protenix5_seed101_105/predictions/protenix-v2/H0223/seed_105/predictions/H0223_sample_0.cif,/scratch/10992/liaorunlong93/casp16-leaderboard/runs/server_v2_attack_scoreable_input_repair_overlay_msa_reuse_protenix5_seed101_105/predictions/protenix-v2/H0223/seed_105/predictions/H0223_summary_confidence_sample_0.json,/scratch/10992/liaorunlong93/casp16-leaderboard/runs/server_v2_attack_scoreable_input_repair_overlay_msa_reuse_protenix5_seed101_105/predictions/protenix-v2/H0223/seed_105/predictions/H0223_summary_confidence_sample_0.selection_qa.json,5,4,0.471975,0.400000,0.500000,ok,
H1223,/scratch/10992/liaorunlong93/casp16-leaderboard/runs/server_v2_attack_scoreable_input_repair_overlay_msa_reuse_protenix5_seed101_105/predictions/protenix-v2/H1223/seed_101/predictions/H1223_sample_0.cif,/scratch/10992/liaorunlong93/casp16-leaderboard/runs/server_v2_attack_scoreable_input_repair_overlay_msa_reuse_protenix5_seed101_105/predictions/protenix-v2/H1223/seed_101/predictions/H1223_summary_confidence_sample_0.json,/scratch/10992/liaorunlong93/casp16-leaderboard/runs/server_v2_attack_scoreable_input_repair_overlay_msa_reuse_protenix5_seed101_105/predictions/protenix-v2/H1223/seed_101/predictions/H1223_summary_confidence_sample_0.selection_qa.json,5,4,0.507775,0.800000,0.500000,ok,
H1223,/scratch/10992/liaorunlong93/casp16-leaderboard/runs/server_v2_attack_scoreable_input_repair_overlay_msa_reuse_protenix5_seed101_105/predictions/protenix-v2/H1223/seed_102/predictions/H1223_sample_0.cif,/scratch/10992/liaorunlong93/casp16-leaderboard/runs/server_v2_attack_scoreable_input_repair_overlay_msa_reuse_protenix5_seed101_105/predictions/protenix-v2/H1223/seed_102/predictions/H1223_summary_confidence_sample_0.json,/scratch/10992/liaorunlong93/casp16-leaderboard/runs/server_v2_attack_scoreable_input_repair_overlay_msa_reuse_protenix5_seed101_105/predictions/protenix-v2/H1223/seed_102/predictions/H1223_summary_confidence_sample_0.selection_qa.json,5,4,0.503900,0.600000,0.500000,ok,
H1223,/scratch/10992/liaorunlong93/casp16-leaderboard/runs/server_v2_attack_scoreable_input_repair_overlay_msa_reuse_protenix5_seed101_105/predictions/protenix-v2/H1223/seed_103/predictions/H1223_sample_0.cif,/scratch/10992/liaorunlong93/casp16-leaderboard/runs/server_v2_attack_scoreable_input_repair_overlay_msa_reuse_protenix5_seed101_105/predictions/protenix-v2/H1223/seed_103/predictions/H1223_summary_confidence_sample_0.json,/scratch/10992/liaorunlong93/casp16-leaderboard/runs/server_v2_attack_scoreable_input_repair_overlay_msa_reuse_protenix5_seed101_105/predictions/protenix-v2/H1223/seed_103/predictions/H1223_summary_confidence_sample_0.selection_qa.json,5,4,0.537600,1.000000,0.500000,ok,
H1223,/scratch/10992/liaorunlong93/casp16-leaderboard/runs/server_v2_attack_scoreable_input_repair_overlay_msa_reuse_protenix5_seed101_105/predictions/protenix-v2/H1223/seed_104/predictions/H1223_sample_0.cif,/scratch/10992/liaorunlong93/casp16-leaderboard/runs/server_v2_attack_scoreable_input_repair_overlay_msa_reuse_protenix5_seed101_105/predictions/protenix-v2/H1223/seed_104/predictions/H1223_summary_confidence_sample_0.json,/scratch/10992/liaorunlong93/casp16-leaderboard/runs/server_v2_attack_scoreable_input_repair_overlay_msa_reuse_protenix5_seed101_105/predictions/protenix-v2/H1223/seed_104/predictions/H1223_summary_confidence_sample_0.selection_qa.json,5,4,0.533075,0.800000,0.500000,ok,
H1223,/scratch/10992/liaorunlong93/casp16-leaderboard/runs/server_v2_attack_scoreable_input_repair_overlay_msa_reuse_protenix5_seed101_105/predictions/protenix-v2/H1223/seed_105/predictions/H1223_sample_0.cif,/scratch/10992/liaorunlong93/casp16-leaderboard/runs/server_v2_attack_scoreable_input_repair_overlay_msa_reuse_protenix5_seed101_105/predictions/protenix-v2/H1223/seed_105/predictions/H1223_summary_confidence_sample_0.json,/scratch/10992/liaorunlong93/casp16-leaderboard/runs/server_v2_attack_scoreable_input_repair_overlay_msa_reuse_protenix5_seed101_105/predictions/protenix-v2/H1223/seed_105/predictions/H1223_summary_confidence_sample_0.selection_qa.json,5,4,0.528600,1.000000,0.500000,ok,
H2223,/scratch/10992/liaorunlong93/casp16-leaderboard/runs/server_v2_attack_scoreable_input_repair_overlay_msa_reuse_protenix5_seed101_105/predictions/protenix-v2/H2223/seed_101/predictions/H2223_sample_0.cif,/scratch/10992/liaorunlong93/casp16-leaderboard/runs/server_v2_attack_scoreable_input_repair_overlay_msa_reuse_protenix5_seed101_105/predictions/protenix-v2/H2223/seed_101/predictions/H2223_summary_confidence_sample_0.json,/scratch/10992/liaorunlong93/casp16-leaderboard/runs/server_v2_attack_scoreable_input_repair_overlay_msa_reuse_protenix5_seed101_105/predictions/protenix-v2/H2223/seed_101/predictions/H2223_summary_confidence_sample_0.selection_qa.json,5,4,0.469725,0.200000,0.500000,ok,
H2223,/scratch/10992/liaorunlong93/casp16-leaderboard/runs/server_v2_attack_scoreable_input_repair_overlay_msa_reuse_protenix5_seed101_105/predictions/protenix-v2/H2223/seed_102/predictions/H2223_sample_0.cif,/scratch/10992/liaorunlong93/casp16-leaderboard/runs/server_v2_attack_scoreable_input_repair_overlay_msa_reuse_protenix5_seed101_105/predictions/protenix-v2/H2223/seed_102/predictions/H2223_summary_confidence_sample_0.json,/scratch/10992/liaorunlong93/casp16-leaderboard/runs/server_v2_attack_scoreable_input_repair_overlay_msa_reuse_protenix5_seed101_105/predictions/protenix-v2/H2223/seed_102/predictions/H2223_summary_confidence_sample_0.selection_qa.json,5,4,0.485475,0.400000,0.500000,ok,
H2223,/scratch/10992/liaorunlong93/casp16-leaderboard/runs/server_v2_attack_scoreable_input_repair_overlay_msa_reuse_protenix5_seed101_105/predictions/protenix-v2/H2223/seed_103/predictions/H2223_sample_0.cif,/scratch/10992/liaorunlong93/casp16-leaderboard/runs/server_v2_attack_scoreable_input_repair_overlay_msa_reuse_protenix5_seed101_105/predictions/protenix-v2/H2223/seed_103/predictions/H2223_summary_confidence_sample_0.json,/scratch/10992/liaorunlong93/casp16-leaderboard/runs/server_v2_attack_scoreable_input_repair_overlay_msa_reuse_protenix5_seed101_105/predictions/protenix-v2/H2223/seed_103/predictions/H2223_summary_confidence_sample_0.selection_qa.json,5,4,0.484575,0.200000,0.500000,ok,
H2223,/scratch/10992/liaorunlong93/casp16-leaderboard/runs/server_v2_attack_scoreable_input_repair_overlay_msa_reuse_protenix5_seed101_105/predictions/protenix-v2/H2223/seed_104/predictions/H2223_sample_0.cif,/scratch/10992/liaorunlong93/casp16-leaderboard/runs/server_v2_attack_scoreable_input_repair_overlay_msa_reuse_protenix5_seed101_105/predictions/protenix-v2/H2223/seed_104/predictions/H2223_summary_confidence_sample_0.json,/scratch/10992/liaorunlong93/casp16-leaderboard/runs/server_v2_attack_scoreable_input_repair_overlay_msa_reuse_protenix5_seed101_105/predictions/protenix-v2/H2223/seed_104/predictions/H2223_summary_confidence_sample_0.selection_qa.json,5,4,0.480450,0.400000,0.500000,ok,
H2223,/scratch/10992/liaorunlong93/casp16-leaderboard/runs/server_v2_attack_scoreable_input_repair_overlay_msa_reuse_protenix5_seed101_105/predictions/protenix-v2/H2223/seed_105/predictions/H2223_sample_0.cif,/scratch/10992/liaorunlong93/casp16-leaderboard/runs/server_v2_attack_scoreable_input_repair_overlay_msa_reuse_protenix5_seed101_105/predictions/protenix-v2/H2223/seed_105/predictions/H2223_summary_confidence_sample_0.json,/scratch/10992/liaorunlong93/casp16-leaderboard/runs/server_v2_attack_scoreable_input_repair_overlay_msa_reuse_protenix5_seed101_105/predictions/protenix-v2/H2223/seed_105/predictions/H2223_summary_confidence_sample_0.selection_qa.json,5,4,0.457975,0.200000,0.500000,ok,
T1298O,/scratch/10992/liaorunlong93/casp16-leaderboard/runs/server_v2_attack_scoreable_input_repair_overlay_msa_reuse_protenix5_seed101_105/predictions/protenix-v2/T1298O/seed_101/predictions/T1298O_sample_0.cif,/scratch/10992/liaorunlong93/casp16-leaderboard/runs/server_v2_attack_scoreable_input_repair_overlay_msa_reuse_protenix5_seed101_105/predictions/protenix-v2/T1298O/seed_101/predictions/T1298O_summary_confidence_sample_0.json,/scratch/10992/liaorunlong93/casp16-leaderboard/runs/server_v2_attack_scoreable_input_repair_overlay_msa_reuse_protenix5_seed101_105/predictions/protenix-v2/T1298O/seed_101/predictions/T1298O_summary_confidence_sample_0.selection_qa.json,5,4,0.752775,1.000000,0.500000,ok,
T1298O,/scratch/10992/liaorunlong93/casp16-leaderboard/runs/server_v2_attack_scoreable_input_repair_overlay_msa_reuse_protenix5_seed101_105/predictions/protenix-v2/T1298O/seed_102/predictions/T1298O_sample_0.cif,/scratch/10992/liaorunlong93/casp16-leaderboard/runs/server_v2_attack_scoreable_input_repair_overlay_msa_reuse_protenix5_seed101_105/predictions/protenix-v2/T1298O/seed_102/predictions/T1298O_summary_confidence_sample_0.json,/scratch/10992/liaorunlong93/casp16-leaderboard/runs/server_v2_attack_scoreable_input_repair_overlay_msa_reuse_protenix5_seed101_105/predictions/protenix-v2/T1298O/seed_102/predictions/T1298O_summary_confidence_sample_0.selection_qa.json,5,4,0.686000,1.000000,0.500000,ok,
T1298O,/scratch/10992/liaorunlong93/casp16-leaderboard/runs/server_v2_attack_scoreable_input_repair_overlay_msa_reuse_protenix5_seed101_105/predictions/protenix-v2/T1298O/seed_103/predictions/T1298O_sample_0.cif,/scratch/10992/liaorunlong93/casp16-leaderboard/runs/server_v2_attack_scoreable_input_repair_overlay_msa_reuse_protenix5_seed101_105/predictions/protenix-v2/T1298O/seed_103/predictions/T1298O_summary_confidence_sample_0.json,/scratch/10992/liaorunlong93/casp16-leaderboard/runs/server_v2_attack_scoreable_input_repair_overlay_msa_reuse_protenix5_seed101_105/predictions/protenix-v2/T1298O/seed_103/predictions/T1298O_summary_confidence_sample_0.selection_qa.json,5,4,0.747700,1.000000,0.500000,ok,
T1298O,/scratch/10992/liaorunlong93/casp16-leaderboard/runs/server_v2_attack_scoreable_input_repair_overlay_msa_reuse_protenix5_seed101_105/predictions/protenix-v2/T1298O/seed_104/predictions/T1298O_sample_0.cif,/scratch/10992/liaorunlong93/casp16-leaderboard/runs/server_v2_attack_scoreable_input_repair_overlay_msa_reuse_protenix5_seed101_105/predictions/protenix-v2/T1298O/seed_104/predictions/T1298O_summary_confidence_sample_0.json,/scratch/10992/liaorunlong93/casp16-leaderboard/runs/server_v2_attack_scoreable_input_repair_overlay_msa_reuse_protenix5_seed101_105/predictions/protenix-v2/T1298O/seed_104/predictions/T1298O_summary_confidence_sample_0.selection_qa.json,5,4,0.688375,1.000000,0.500000,ok,
T1298O,/scratch/10992/liaorunlong93/casp16-leaderboard/runs/server_v2_attack_scoreable_input_repair_overlay_msa_reuse_protenix5_seed101_105/predictions/protenix-v2/T1298O/seed_105/predictions/T1298O_sample_0.cif,/scratch/10992/liaorunlong93/casp16-leaderboard/runs/server_v2_attack_scoreable_input_repair_overlay_msa_reuse_protenix5_seed101_105/predictions/protenix-v2/T1298O/seed_105/predictions/T1298O_summary_confidence_sample_0.json,/scratch/10992/liaorunlong93/casp16-leaderboard/runs/server_v2_attack_scoreable_input_repair_overlay_msa_reuse_protenix5_seed101_105/predictions/protenix-v2/T1298O/seed_105/predictions/T1298O_summary_confidence_sample_0.selection_qa.json,5,4,0.688350,1.000000,0.500000,ok,
H1204,/scratch/10992/liaorunlong93/casp16-leaderboard/runs/server_v2_attack_scoreable_input_repair_overlay_msa_reuse_protenix5_seed101_105/predictions/protenix-v2/H1204/seed_101/predictions/H1204_sample_0.cif,/scratch/10992/liaorunlong93/casp16-leaderboard/runs/server_v2_attack_scoreable_input_repair_overlay_msa_reuse_protenix5_seed101_105/predictions/protenix-v2/H1204/seed_101/predictions/H1204_summary_confidence_sample_0.json,/scratch/10992/liaorunlong93/casp16-leaderboard/runs/server_v2_attack_scoreable_input_repair_overlay_msa_reuse_protenix5_seed101_105/predictions/protenix-v2/H1204/seed_101/predictions/H1204_summary_confidence_sample_0.selection_qa.json,5,4,0.953775,1.000000,0.500000,ok,
H1204,/scratch/10992/liaorunlong93/casp16-leaderboard/runs/server_v2_attack_scoreable_input_repair_overlay_msa_reuse_protenix5_seed101_105/predictions/protenix-v2/H1204/seed_102/predictions/H1204_sample_0.cif,/scratch/10992/liaorunlong93/casp16-leaderboard/runs/server_v2_attack_scoreable_input_repair_overlay_msa_reuse_protenix5_seed101_105/predictions/protenix-v2/H1204/seed_102/predictions/H1204_summary_confidence_sample_0.json,/scratch/10992/liaorunlong93/casp16-leaderboard/runs/server_v2_attack_scoreable_input_repair_overlay_msa_reuse_protenix5_seed101_105/predictions/protenix-v2/H1204/seed_102/predictions/H1204_summary_confidence_sample_0.selection_qa.json,5,4,0.959025,1.000000,0.500000,ok,
H1204,/scratch/10992/liaorunlong93/casp16-leaderboard/runs/server_v2_attack_scoreable_input_repair_overlay_msa_reuse_protenix5_seed101_105/predictions/protenix-v2/H1204/seed_103/predictions/H1204_sample_0.cif,/scratch/10992/liaorunlong93/casp16-leaderboard/runs/server_v2_attack_scoreable_input_repair_overlay_msa_reuse_protenix5_seed101_105/predictions/protenix-v2/H1204/seed_103/predictions/H1204_summary_confidence_sample_0.json,/scratch/10992/liaorunlong93/casp16-leaderboard/runs/server_v2_attack_scoreable_input_repair_overlay_msa_reuse_protenix5_seed101_105/predictions/protenix-v2/H1204/seed_103/predictions/H1204_summary_confidence_sample_0.selection_qa.json,5,4,0.949075,1.000000,0.500000,ok,
H1204,/scratch/10992/liaorunlong93/casp16-leaderboard/runs/server_v2_attack_scoreable_input_repair_overlay_msa_reuse_protenix5_seed101_105/predictions/protenix-v2/H1204/seed_104/predictions/H1204_sample_0.cif,/scratch/10992/liaorunlong93/casp16-leaderboard/runs/server_v2_attack_scoreable_input_repair_overlay_msa_reuse_protenix5_seed101_105/predictions/protenix-v2/H1204/seed_104/predictions/H1204_summary_confidence_sample_0.json,/scratch/10992/liaorunlong93/casp16-leaderboard/runs/server_v2_attack_scoreable_input_repair_overlay_msa_reuse_protenix5_seed101_105/predictions/protenix-v2/H1204/seed_104/predictions/H1204_summary_confidence_sample_0.selection_qa.json,5,4,0.936425,1.000000,0.500000,ok,
H1204,/scratch/10992/liaorunlong93/casp16-leaderboard/runs/server_v2_attack_scoreable_input_repair_overlay_msa_reuse_protenix5_seed101_105/predictions/protenix-v2/H1204/seed_105/predictions/H1204_sample_0.cif,/scratch/10992/liaorunlong93/casp16-leaderboard/runs/server_v2_attack_scoreable_input_repair_overlay_msa_reuse_protenix5_seed101_105/predictions/protenix-v2/H1204/seed_105/predictions/H1204_summary_confidence_sample_0.json,/scratch/10992/liaorunlong93/casp16-leaderboard/runs/server_v2_attack_scoreable_input_repair_overlay_msa_reuse_protenix5_seed101_105/predictions/protenix-v2/H1204/seed_105/predictions/H1204_summary_confidence_sample_0.selection_qa.json,5,4,0.962400,1.000000,0.500000,ok,
H2204,/scratch/10992/liaorunlong93/casp16-leaderboard/runs/server_v2_attack_scoreable_input_repair_overlay_msa_reuse_protenix5_seed101_105/predictions/protenix-v2/H2204/seed_101/predictions/H2204_sample_0.cif,/scratch/10992/liaorunlong93/casp16-leaderboard/runs/server_v2_attack_scoreable_input_repair_overlay_msa_reuse_protenix5_seed101_105/predictions/protenix-v2/H2204/seed_101/predictions/H2204_summary_confidence_sample_0.json,/scratch/10992/liaorunlong93/casp16-leaderboard/runs/server_v2_attack_scoreable_input_repair_overlay_msa_reuse_protenix5_seed101_105/predictions/protenix-v2/H2204/seed_101/predictions/H2204_summary_confidence_sample_0.selection_qa.json,5,4,0.956100,1.000000,0.500000,ok,
H2204,/scratch/10992/liaorunlong93/casp16-leaderboard/runs/server_v2_attack_scoreable_input_repair_overlay_msa_reuse_protenix5_seed101_105/predictions/protenix-v2/H2204/seed_102/predictions/H2204_sample_0.cif,/scratch/10992/liaorunlong93/casp16-leaderboard/runs/server_v2_attack_scoreable_input_repair_overlay_msa_reuse_protenix5_seed101_105/predictions/protenix-v2/H2204/seed_102/predictions/H2204_summary_confidence_sample_0.json,/scratch/10992/liaorunlong93/casp16-leaderboard/runs/server_v2_attack_scoreable_input_repair_overlay_msa_reuse_protenix5_seed101_105/predictions/protenix-v2/H2204/seed_102/predictions/H2204_summary_confidence_sample_0.selection_qa.json,5,4,0.959775,1.000000,0.500000,ok,
H2204,/scratch/10992/liaorunlong93/casp16-leaderboard/runs/server_v2_attack_scoreable_input_repair_overlay_msa_reuse_protenix5_seed101_105/predictions/protenix-v2/H2204/seed_103/predictions/H2204_sample_0.cif,/scratch/10992/liaorunlong93/casp16-leaderboard/runs/server_v2_attack_scoreable_input_repair_overlay_msa_reuse_protenix5_seed101_105/predictions/protenix-v2/H2204/seed_103/predictions/H2204_summary_confidence_sample_0.json,/scratch/10992/liaorunlong93/casp16-leaderboard/runs/server_v2_attack_scoreable_input_repair_overlay_msa_reuse_protenix5_seed101_105/predictions/protenix-v2/H2204/seed_103/predictions/H2204_summary_confidence_sample_0.selection_qa.json,5,4,0.935575,1.000000,0.500000,ok,
H2204,/scratch/10992/liaorunlong93/casp16-leaderboard/runs/server_v2_attack_scoreable_input_repair_overlay_msa_reuse_protenix5_seed101_105/predictions/protenix-v2/H2204/seed_104/predictions/H2204_sample_0.cif,/scratch/10992/liaorunlong93/casp16-leaderboard/runs/server_v2_attack_scoreable_input_repair_overlay_msa_reuse_protenix5_seed101_105/predictions/protenix-v2/H2204/seed_104/predictions/H2204_summary_confidence_sample_0.json,/scratch/10992/liaorunlong93/casp16-leaderboard/runs/server_v2_attack_scoreable_input_repair_overlay_msa_reuse_protenix5_seed101_105/predictions/protenix-v2/H2204/seed_104/predictions/H2204_summary_confidence_sample_0.selection_qa.json,5,4,0.935550,1.000000,0.500000,ok,
H2204,/scratch/10992/liaorunlong93/casp16-leaderboard/runs/server_v2_attack_scoreable_input_repair_overlay_msa_reuse_protenix5_seed101_105/predictions/protenix-v2/H2204/seed_105/predictions/H2204_sample_0.cif,/scratch/10992/liaorunlong93/casp16-leaderboard/runs/server_v2_attack_scoreable_input_repair_overlay_msa_reuse_protenix5_seed101_105/predictions/protenix-v2/H2204/seed_105/predictions/H2204_summary_confidence_sample_0.json,/scratch/10992/liaorunlong93/casp16-leaderboard/runs/server_v2_attack_scoreable_input_repair_overlay_msa_reuse_protenix5_seed101_105/predictions/protenix-v2/H2204/seed_105/predictions/H2204_summary_confidence_sample_0.selection_qa.json,5,4,0.954700,1.000000,0.500000,ok,
H0232,/scratch/10992/liaorunlong93/casp16-leaderboard/runs/server_v2_attack_scoreable_input_repair_overlay_msa_reuse_protenix5_seed101_105/predictions/protenix-v2/H0232/seed_101/predictions/H0232_sample_0.cif,/scratch/10992/liaorunlong93/casp16-leaderboard/runs/server_v2_attack_scoreable_input_repair_overlay_msa_reuse_protenix5_seed101_105/predictions/protenix-v2/H0232/seed_101/predictions/H0232_summary_confidence_sample_0.json,/scratch/10992/liaorunlong93/casp16-leaderboard/runs/server_v2_attack_scoreable_input_repair_overlay_msa_reuse_protenix5_seed101_105/predictions/protenix-v2/H0232/seed_101/predictions/H0232_summary_confidence_sample_0.selection_qa.json,5,4,0.976700,1.000000,0.500000,ok,
H0232,/scratch/10992/liaorunlong93/casp16-leaderboard/runs/server_v2_attack_scoreable_input_repair_overlay_msa_reuse_protenix5_seed101_105/predictions/protenix-v2/H0232/seed_102/predictions/H0232_sample_0.cif,/scratch/10992/liaorunlong93/casp16-leaderboard/runs/server_v2_attack_scoreable_input_repair_overlay_msa_reuse_protenix5_seed101_105/predictions/protenix-v2/H0232/seed_102/predictions/H0232_summary_confidence_sample_0.json,/scratch/10992/liaorunlong93/casp16-leaderboard/runs/server_v2_attack_scoreable_input_repair_overlay_msa_reuse_protenix5_seed101_105/predictions/protenix-v2/H0232/seed_102/predictions/H0232_summary_confidence_sample_0.selection_qa.json,5,4,0.975300,1.000000,0.500000,ok,
H0232,/scratch/10992/liaorunlong93/casp16-leaderboard/runs/server_v2_attack_scoreable_input_repair_overlay_msa_reuse_protenix5_seed101_105/predictions/protenix-v2/H0232/seed_103/predictions/H0232_sample_0.cif,/scratch/10992/liaorunlong93/casp16-leaderboard/runs/server_v2_attack_scoreable_input_repair_overlay_msa_reuse_protenix5_seed101_105/predictions/protenix-v2/H0232/seed_103/predictions/H0232_summary_confidence_sample_0.json,/scratch/10992/liaorunlong93/casp16-leaderboard/runs/server_v2_attack_scoreable_input_repair_overlay_msa_reuse_protenix5_seed101_105/predictions/protenix-v2/H0232/seed_103/predictions/H0232_summary_confidence_sample_0.selection_qa.json,5,4,0.965025,1.000000,0.500000,ok,
H0232,/scratch/10992/liaorunlong93/casp16-leaderboard/runs/server_v2_attack_scoreable_input_repair_overlay_msa_reuse_protenix5_seed101_105/predictions/protenix-v2/H0232/seed_104/predictions/H0232_sample_0.cif,/scratch/10992/liaorunlong93/casp16-leaderboard/runs/server_v2_attack_scoreable_input_repair_overlay_msa_reuse_protenix5_seed101_105/predictions/protenix-v2/H0232/seed_104/predictions/H0232_summary_confidence_sample_0.json,/scratch/10992/liaorunlong93/casp16-leaderboard/runs/server_v2_attack_scoreable_input_repair_overlay_msa_reuse_protenix5_seed101_105/predictions/protenix-v2/H0232/seed_104/predictions/H0232_summary_confidence_sample_0.selection_qa.json,5,4,0.979375,1.000000,0.500000,ok,
H0232,/scratch/10992/liaorunlong93/casp16-leaderboard/runs/server_v2_attack_scoreable_input_repair_overlay_msa_reuse_protenix5_seed101_105/predictions/protenix-v2/H0232/seed_105/predictions/H0232_sample_0.cif,/scratch/10992/liaorunlong93/casp16-leaderboard/runs/server_v2_attack_scoreable_input_repair_overlay_msa_reuse_protenix5_seed101_105/predictions/protenix-v2/H0232/seed_105/predictions/H0232_summary_confidence_sample_0.json,/scratch/10992/liaorunlong93/casp16-leaderboard/runs/server_v2_attack_scoreable_input_repair_overlay_msa_reuse_protenix5_seed101_105/predictions/protenix-v2/H0232/seed_105/predictions/H0232_summary_confidence_sample_0.selection_qa.json,5,4,0.979450,1.000000,0.500000,ok,
H1232,/scratch/10992/liaorunlong93/casp16-leaderboard/runs/server_v2_attack_scoreable_input_repair_overlay_msa_reuse_protenix5_seed101_105/predictions/protenix-v2/H1232/seed_101/predictions/H1232_sample_0.cif,/scratch/10992/liaorunlong93/casp16-leaderboard/runs/server_v2_attack_scoreable_input_repair_overlay_msa_reuse_protenix5_seed101_105/predictions/protenix-v2/H1232/seed_101/predictions/H1232_summary_confidence_sample_0.json,/scratch/10992/liaorunlong93/casp16-leaderboard/runs/server_v2_attack_scoreable_input_repair_overlay_msa_reuse_protenix5_seed101_105/predictions/protenix-v2/H1232/seed_101/predictions/H1232_summary_confidence_sample_0.selection_qa.json,5,4,0.983400,1.000000,0.500000,ok,
H1232,/scratch/10992/liaorunlong93/casp16-leaderboard/runs/server_v2_attack_scoreable_input_repair_overlay_msa_reuse_protenix5_seed101_105/predictions/protenix-v2/H1232/seed_102/predictions/H1232_sample_0.cif,/scratch/10992/liaorunlong93/casp16-leaderboard/runs/server_v2_attack_scoreable_input_repair_overlay_msa_reuse_protenix5_seed101_105/predictions/protenix-v2/H1232/seed_102/predictions/H1232_summary_confidence_sample_0.json,/scratch/10992/liaorunlong93/casp16-leaderboard/runs/server_v2_attack_scoreable_input_repair_overlay_msa_reuse_protenix5_seed101_105/predictions/protenix-v2/H1232/seed_102/predictions/H1232_summary_confidence_sample_0.selection_qa.json,5,4,0.983650,1.000000,0.500000,ok,
H1232,/scratch/10992/liaorunlong93/casp16-leaderboard/runs/server_v2_attack_scoreable_input_repair_overlay_msa_reuse_protenix5_seed101_105/predictions/protenix-v2/H1232/seed_103/predictions/H1232_sample_0.cif,/scratch/10992/liaorunlong93/casp16-leaderboard/runs/server_v2_attack_scoreable_input_repair_overlay_msa_reuse_protenix5_seed101_105/predictions/protenix-v2/H1232/seed_103/predictions/H1232_summary_confidence_sample_0.json,/scratch/10992/liaorunlong93/casp16-leaderboard/runs/server_v2_attack_scoreable_input_repair_overlay_msa_reuse_protenix5_seed101_105/predictions/protenix-v2/H1232/seed_103/predictions/H1232_summary_confidence_sample_0.selection_qa.json,5,4,0.968175,1.000000,0.500000,ok,
H1232,/scratch/10992/liaorunlong93/casp16-leaderboard/runs/server_v2_attack_scoreable_input_repair_overlay_msa_reuse_protenix5_seed101_105/predictions/protenix-v2/H1232/seed_104/predictions/H1232_sample_0.cif,/scratch/10992/liaorunlong93/casp16-leaderboard/runs/server_v2_attack_scoreable_input_repair_overlay_msa_reuse_protenix5_seed101_105/predictions/protenix-v2/H1232/seed_104/predictions/H1232_summary_confidence_sample_0.json,/scratch/10992/liaorunlong93/casp16-leaderboard/runs/server_v2_attack_scoreable_input_repair_overlay_msa_reuse_protenix5_seed101_105/predictions/protenix-v2/H1232/seed_104/predictions/H1232_summary_confidence_sample_0.selection_qa.json,5,4,0.984350,1.000000,0.500000,ok,
H1232,/scratch/10992/liaorunlong93/casp16-leaderboard/runs/server_v2_attack_scoreable_input_repair_overlay_msa_reuse_protenix5_seed101_105/predictions/protenix-v2/H1232/seed_105/predictions/H1232_sample_0.cif,/scratch/10992/liaorunlong93/casp16-leaderboard/runs/server_v2_attack_scoreable_input_repair_overlay_msa_reuse_protenix5_seed101_105/predictions/protenix-v2/H1232/seed_105/predictions/H1232_summary_confidence_sample_0.json,/scratch/10992/liaorunlong93/casp16-leaderboard/runs/server_v2_attack_scoreable_input_repair_overlay_msa_reuse_protenix5_seed101_105/predictions/protenix-v2/H1232/seed_105/predictions/H1232_summary_confidence_sample_0.selection_qa.json,5,4,0.966325,1.000000,0.500000,ok,
H2232,/scratch/10992/liaorunlong93/casp16-leaderboard/runs/server_v2_attack_scoreable_input_repair_overlay_msa_reuse_protenix5_seed101_105/predictions/protenix-v2/H2232/seed_101/predictions/H2232_sample_0.cif,/scratch/10992/liaorunlong93/casp16-leaderboard/runs/server_v2_attack_scoreable_input_repair_overlay_msa_reuse_protenix5_seed101_105/predictions/protenix-v2/H2232/seed_101/predictions/H2232_summary_confidence_sample_0.json,/scratch/10992/liaorunlong93/casp16-leaderboard/runs/server_v2_attack_scoreable_input_repair_overlay_msa_reuse_protenix5_seed101_105/predictions/protenix-v2/H2232/seed_101/predictions/H2232_summary_confidence_sample_0.selection_qa.json,5,4,0.961050,1.000000,0.500000,ok,
H2232,/scratch/10992/liaorunlong93/casp16-leaderboard/runs/server_v2_attack_scoreable_input_repair_overlay_msa_reuse_protenix5_seed101_105/predictions/protenix-v2/H2232/seed_102/predictions/H2232_sample_0.cif,/scratch/10992/liaorunlong93/casp16-leaderboard/runs/server_v2_attack_scoreable_input_repair_overlay_msa_reuse_protenix5_seed101_105/predictions/protenix-v2/H2232/seed_102/predictions/H2232_summary_confidence_sample_0.json,/scratch/10992/liaorunlong93/casp16-leaderboard/runs/server_v2_attack_scoreable_input_repair_overlay_msa_reuse_protenix5_seed101_105/predictions/protenix-v2/H2232/seed_102/predictions/H2232_summary_confidence_sample_0.selection_qa.json,5,4,0.980475,1.000000,0.500000,ok,
H2232,/scratch/10992/liaorunlong93/casp16-leaderboard/runs/server_v2_attack_scoreable_input_repair_overlay_msa_reuse_protenix5_seed101_105/predictions/protenix-v2/H2232/seed_103/predictions/H2232_sample_0.cif,/scratch/10992/liaorunlong93/casp16-leaderboard/runs/server_v2_attack_scoreable_input_repair_overlay_msa_reuse_protenix5_seed101_105/predictions/protenix-v2/H2232/seed_103/predictions/H2232_summary_confidence_sample_0.json,/scratch/10992/liaorunlong93/casp16-leaderboard/runs/server_v2_attack_scoreable_input_repair_overlay_msa_reuse_protenix5_seed101_105/predictions/protenix-v2/H2232/seed_103/predictions/H2232_summary_confidence_sample_0.selection_qa.json,5,4,0.979075,1.000000,0.500000,ok,
H2232,/scratch/10992/liaorunlong93/casp16-leaderboard/runs/server_v2_attack_scoreable_input_repair_overlay_msa_reuse_protenix5_seed101_105/predictions/protenix-v2/H2232/seed_104/predictions/H2232_sample_0.cif,/scratch/10992/liaorunlong93/casp16-leaderboard/runs/server_v2_attack_scoreable_input_repair_overlay_msa_reuse_protenix5_seed101_105/predictions/protenix-v2/H2232/seed_104/predictions/H2232_summary_confidence_sample_0.json,/scratch/10992/liaorunlong93/casp16-leaderboard/runs/server_v2_attack_scoreable_input_repair_overlay_msa_reuse_protenix5_seed101_105/predictions/protenix-v2/H2232/seed_104/predictions/H2232_summary_confidence_sample_0.selection_qa.json,5,4,0.977400,1.000000,0.500000,ok,
H2232,/scratch/10992/liaorunlong93/casp16-leaderboard/runs/server_v2_attack_scoreable_input_repair_overlay_msa_reuse_protenix5_seed101_105/predictions/protenix-v2/H2232/seed_105/predictions/H2232_sample_0.cif,/scratch/10992/liaorunlong93/casp16-leaderboard/runs/server_v2_attack_scoreable_input_repair_overlay_msa_reuse_protenix5_seed101_105/predictions/protenix-v2/H2232/seed_105/predictions/H2232_summary_confidence_sample_0.json,/scratch/10992/liaorunlong93/casp16-leaderboard/runs/server_v2_attack_scoreable_input_repair_overlay_msa_reuse_protenix5_seed101_105/predictions/protenix-v2/H2232/seed_105/predictions/H2232_summary_confidence_sample_0.selection_qa.json,5,4,0.974400,1.000000,0.500000,ok,
H0227,/scratch/10992/liaorunlong93/casp16-leaderboard/runs/server_v2_attack_scoreable_input_repair_overlay_msa_reuse_protenix5_seed101_105/predictions/protenix-v2/H0227/seed_101/predictions/H0227_sample_0.cif,/scratch/10992/liaorunlong93/casp16-leaderboard/runs/server_v2_attack_scoreable_input_repair_overlay_msa_reuse_protenix5_seed101_105/predictions/protenix-v2/H0227/seed_101/predictions/H0227_summary_confidence_sample_0.json,/scratch/10992/liaorunlong93/casp16-leaderboard/runs/server_v2_attack_scoreable_input_repair_overlay_msa_reuse_protenix5_seed101_105/predictions/protenix-v2/H0227/seed_101/predictions/H0227_summary_confidence_sample_0.selection_qa.json,5,4,0.947200,1.000000,0.500000,ok,
H0227,/scratch/10992/liaorunlong93/casp16-leaderboard/runs/server_v2_attack_scoreable_input_repair_overlay_msa_reuse_protenix5_seed101_105/predictions/protenix-v2/H0227/seed_102/predictions/H0227_sample_0.cif,/scratch/10992/liaorunlong93/casp16-leaderboard/runs/server_v2_attack_scoreable_input_repair_overlay_msa_reuse_protenix5_seed101_105/predictions/protenix-v2/H0227/seed_102/predictions/H0227_summary_confidence_sample_0.json,/scratch/10992/liaorunlong93/casp16-leaderboard/runs/server_v2_attack_scoreable_input_repair_overlay_msa_reuse_protenix5_seed101_105/predictions/protenix-v2/H0227/seed_102/predictions/H0227_summary_confidence_sample_0.selection_qa.json,5,4,0.951325,1.000000,0.500000,ok,
H0227,/scratch/10992/liaorunlong93/casp16-leaderboard/runs/server_v2_attack_scoreable_input_repair_overlay_msa_reuse_protenix5_seed101_105/predictions/protenix-v2/H0227/seed_103/predictions/H0227_sample_0.cif,/scratch/10992/liaorunlong93/casp16-leaderboard/runs/server_v2_attack_scoreable_input_repair_overlay_msa_reuse_protenix5_seed101_105/predictions/protenix-v2/H0227/seed_103/predictions/H0227_summary_confidence_sample_0.json,/scratch/10992/liaorunlong93/casp16-leaderboard/runs/server_v2_attack_scoreable_input_repair_overlay_msa_reuse_protenix5_seed101_105/predictions/protenix-v2/H0227/seed_103/predictions/H0227_summary_confidence_sample_0.selection_qa.json,5,4,0.958125,1.000000,0.500000,ok,
H0227,/scratch/10992/liaorunlong93/casp16-leaderboard/runs/server_v2_attack_scoreable_input_repair_overlay_msa_reuse_protenix5_seed101_105/predictions/protenix-v2/H0227/seed_104/predictions/H0227_sample_0.cif,/scratch/10992/liaorunlong93/casp16-leaderboard/runs/server_v2_attack_scoreable_input_repair_overlay_msa_reuse_protenix5_seed101_105/predictions/protenix-v2/H0227/seed_104/predictions/H0227_summary_confidence_sample_0.json,/scratch/10992/liaorunlong93/casp16-leaderboard/runs/server_v2_attack_scoreable_input_repair_overlay_msa_reuse_protenix5_seed101_105/predictions/protenix-v2/H0227/seed_104/predictions/H0227_summary_confidence_sample_0.selection_qa.json,5,4,0.945050,1.000000,0.500000,ok,
H0227,/scratch/10992/liaorunlong93/casp16-leaderboard/runs/server_v2_attack_scoreable_input_repair_overlay_msa_reuse_protenix5_seed101_105/predictions/protenix-v2/H0227/seed_105/predictions/H0227_sample_0.cif,/scratch/10992/liaorunlong93/casp16-leaderboard/runs/server_v2_attack_scoreable_input_repair_overlay_msa_reuse_protenix5_seed101_105/predictions/protenix-v2/H0227/seed_105/predictions/H0227_summary_confidence_sample_0.json,/scratch/10992/liaorunlong93/casp16-leaderboard/runs/server_v2_attack_scoreable_input_repair_overlay_msa_reuse_protenix5_seed101_105/predictions/protenix-v2/H0227/seed_105/predictions/H0227_summary_confidence_sample_0.selection_qa.json,5,4,0.959400,1.000000,0.500000,ok,
H1227,/scratch/10992/liaorunlong93/casp16-leaderboard/runs/server_v2_attack_scoreable_input_repair_overlay_msa_reuse_protenix5_seed101_105/predictions/protenix-v2/H1227/seed_101/predictions/H1227_sample_0.cif,/scratch/10992/liaorunlong93/casp16-leaderboard/runs/server_v2_attack_scoreable_input_repair_overlay_msa_reuse_protenix5_seed101_105/predictions/protenix-v2/H1227/seed_101/predictions/H1227_summary_confidence_sample_0.json,/scratch/10992/liaorunlong93/casp16-leaderboard/runs/server_v2_attack_scoreable_input_repair_overlay_msa_reuse_protenix5_seed101_105/predictions/protenix-v2/H1227/seed_101/predictions/H1227_summary_confidence_sample_0.selection_qa.json,5,4,0.953600,1.000000,0.500000,ok,
H1227,/scratch/10992/liaorunlong93/casp16-leaderboard/runs/server_v2_attack_scoreable_input_repair_overlay_msa_reuse_protenix5_seed101_105/predictions/protenix-v2/H1227/seed_102/predictions/H1227_sample_0.cif,/scratch/10992/liaorunlong93/casp16-leaderboard/runs/server_v2_attack_scoreable_input_repair_overlay_msa_reuse_protenix5_seed101_105/predictions/protenix-v2/H1227/seed_102/predictions/H1227_summary_confidence_sample_0.json,/scratch/10992/liaorunlong93/casp16-leaderboard/runs/server_v2_attack_scoreable_input_repair_overlay_msa_reuse_protenix5_seed101_105/predictions/protenix-v2/H1227/seed_102/predictions/H1227_summary_confidence_sample_0.selection_qa.json,5,4,0.946775,1.000000,0.500000,ok,
H1227,/scratch/10992/liaorunlong93/casp16-leaderboard/runs/server_v2_attack_scoreable_input_repair_overlay_msa_reuse_protenix5_seed101_105/predictions/protenix-v2/H1227/seed_103/predictions/H1227_sample_0.cif,/scratch/10992/liaorunlong93/casp16-leaderboard/runs/server_v2_attack_scoreable_input_repair_overlay_msa_reuse_protenix5_seed101_105/predictions/protenix-v2/H1227/seed_103/predictions/H1227_summary_confidence_sample_0.json,/scratch/10992/liaorunlong93/casp16-leaderboard/runs/server_v2_attack_scoreable_input_repair_overlay_msa_reuse_protenix5_seed101_105/predictions/protenix-v2/H1227/seed_103/predictions/H1227_summary_confidence_sample_0.selection_qa.json,5,4,0.950875,1.000000,0.500000,ok,
H1227,/scratch/10992/liaorunlong93/casp16-leaderboard/runs/server_v2_attack_scoreable_input_repair_overlay_msa_reuse_protenix5_seed101_105/predictions/protenix-v2/H1227/seed_104/predictions/H1227_sample_0.cif,/scratch/10992/liaorunlong93/casp16-leaderboard/runs/server_v2_attack_scoreable_input_repair_overlay_msa_reuse_protenix5_seed101_105/predictions/protenix-v2/H1227/seed_104/predictions/H1227_summary_confidence_sample_0.json,/scratch/10992/liaorunlong93/casp16-leaderboard/runs/server_v2_attack_scoreable_input_repair_overlay_msa_reuse_protenix5_seed101_105/predictions/protenix-v2/H1227/seed_104/predictions/H1227_summary_confidence_sample_0.selection_qa.json,5,4,0.949850,1.000000,0.500000,ok,
H1227,/scratch/10992/liaorunlong93/casp16-leaderboard/runs/server_v2_attack_scoreable_input_repair_overlay_msa_reuse_protenix5_seed101_105/predictions/protenix-v2/H1227/seed_105/predictions/H1227_sample_0.cif,/scratch/10992/liaorunlong93/casp16-leaderboard/runs/server_v2_attack_scoreable_input_repair_overlay_msa_reuse_protenix5_seed101_105/predictions/protenix-v2/H1227/seed_105/predictions/H1227_summary_confidence_sample_0.json,/scratch/10992/liaorunlong93/casp16-leaderboard/runs/server_v2_attack_scoreable_input_repair_overlay_msa_reuse_protenix5_seed101_105/predictions/protenix-v2/H1227/seed_105/predictions/H1227_summary_confidence_sample_0.selection_qa.json,5,4,0.954500,1.000000,0.500000,ok,
H2227,/scratch/10992/liaorunlong93/casp16-leaderboard/runs/server_v2_attack_scoreable_input_repair_overlay_msa_reuse_protenix5_seed101_105/predictions/protenix-v2/H2227/seed_101/predictions/H2227_sample_0.cif,/scratch/10992/liaorunlong93/casp16-leaderboard/runs/server_v2_attack_scoreable_input_repair_overlay_msa_reuse_protenix5_seed101_105/predictions/protenix-v2/H2227/seed_101/predictions/H2227_summary_confidence_sample_0.json,/scratch/10992/liaorunlong93/casp16-leaderboard/runs/server_v2_attack_scoreable_input_repair_overlay_msa_reuse_protenix5_seed101_105/predictions/protenix-v2/H2227/seed_101/predictions/H2227_summary_confidence_sample_0.selection_qa.json,5,4,0.968325,1.000000,0.500000,ok,
H2227,/scratch/10992/liaorunlong93/casp16-leaderboard/runs/server_v2_attack_scoreable_input_repair_overlay_msa_reuse_protenix5_seed101_105/predictions/protenix-v2/H2227/seed_102/predictions/H2227_sample_0.cif,/scratch/10992/liaorunlong93/casp16-leaderboard/runs/server_v2_attack_scoreable_input_repair_overlay_msa_reuse_protenix5_seed101_105/predictions/protenix-v2/H2227/seed_102/predictions/H2227_summary_confidence_sample_0.json,/scratch/10992/liaorunlong93/casp16-leaderboard/runs/server_v2_attack_scoreable_input_repair_overlay_msa_reuse_protenix5_seed101_105/predictions/protenix-v2/H2227/seed_102/predictions/H2227_summary_confidence_sample_0.selection_qa.json,5,4,0.969975,1.000000,0.500000,ok,
H2227,/scratch/10992/liaorunlong93/casp16-leaderboard/runs/server_v2_attack_scoreable_input_repair_overlay_msa_reuse_protenix5_seed101_105/predictions/protenix-v2/H2227/seed_103/predictions/H2227_sample_0.cif,/scratch/10992/liaorunlong93/casp16-leaderboard/runs/server_v2_attack_scoreable_input_repair_overlay_msa_reuse_protenix5_seed101_105/predictions/protenix-v2/H2227/seed_103/predictions/H2227_summary_confidence_sample_0.json,/scratch/10992/liaorunlong93/casp16-leaderboard/runs/server_v2_attack_scoreable_input_repair_overlay_msa_reuse_protenix5_seed101_105/predictions/protenix-v2/H2227/seed_103/predictions/H2227_summary_confidence_sample_0.selection_qa.json,5,4,0.973900,1.000000,0.500000,ok,
H2227,/scratch/10992/liaorunlong93/casp16-leaderboard/runs/server_v2_attack_scoreable_input_repair_overlay_msa_reuse_protenix5_seed101_105/predictions/protenix-v2/H2227/seed_104/predictions/H2227_sample_0.cif,/scratch/10992/liaorunlong93/casp16-leaderboard/runs/server_v2_attack_scoreable_input_repair_overlay_msa_reuse_protenix5_seed101_105/predictions/protenix-v2/H2227/seed_104/predictions/H2227_summary_confidence_sample_0.json,/scratch/10992/liaorunlong93/casp16-leaderboard/runs/server_v2_attack_scoreable_input_repair_overlay_msa_reuse_protenix5_seed101_105/predictions/protenix-v2/H2227/seed_104/predictions/H2227_summary_confidence_sample_0.selection_qa.json,5,4,0.956525,1.000000,0.500000,ok,
H2227,/scratch/10992/liaorunlong93/casp16-leaderboard/runs/server_v2_attack_scoreable_input_repair_overlay_msa_reuse_protenix5_seed101_105/predictions/protenix-v2/H2227/seed_105/predictions/H2227_sample_0.cif,/scratch/10992/liaorunlong93/casp16-leaderboard/runs/server_v2_attack_scoreable_input_repair_overlay_msa_reuse_protenix5_seed101_105/predictions/protenix-v2/H2227/seed_105/predictions/H2227_summary_confidence_sample_0.json,/scratch/10992/liaorunlong93/casp16-leaderboard/runs/server_v2_attack_scoreable_input_repair_overlay_msa_reuse_protenix5_seed101_105/predictions/protenix-v2/H2227/seed_105/predictions/H2227_summary_confidence_sample_0.selection_qa.json,5,4,0.969825,1.000000,0.500000,ok,
H0233,/scratch/10992/liaorunlong93/casp16-leaderboard/runs/server_v2_attack_scoreable_input_repair_overlay_msa_reuse_protenix5_seed101_105/predictions/protenix-v2/H0233/seed_101/predictions/H0233_sample_0.cif,/scratch/10992/liaorunlong93/casp16-leaderboard/runs/server_v2_attack_scoreable_input_repair_overlay_msa_reuse_protenix5_seed101_105/predictions/protenix-v2/H0233/seed_101/predictions/H0233_summary_confidence_sample_0.json,/scratch/10992/liaorunlong93/casp16-leaderboard/runs/server_v2_attack_scoreable_input_repair_overlay_msa_reuse_protenix5_seed101_105/predictions/protenix-v2/H0233/seed_101/predictions/H0233_summary_confidence_sample_0.selection_qa.json,5,4,0.995375,1.000000,0.500000,ok,
H0233,/scratch/10992/liaorunlong93/casp16-leaderboard/runs/server_v2_attack_scoreable_input_repair_overlay_msa_reuse_protenix5_seed101_105/predictions/protenix-v2/H0233/seed_102/predictions/H0233_sample_0.cif,/scratch/10992/liaorunlong93/casp16-leaderboard/runs/server_v2_attack_scoreable_input_repair_overlay_msa_reuse_protenix5_seed101_105/predictions/protenix-v2/H0233/seed_102/predictions/H0233_summary_confidence_sample_0.json,/scratch/10992/liaorunlong93/casp16-leaderboard/runs/server_v2_attack_scoreable_input_repair_overlay_msa_reuse_protenix5_seed101_105/predictions/protenix-v2/H0233/seed_102/predictions/H0233_summary_confidence_sample_0.selection_qa.json,5,4,0.995025,1.000000,0.500000,ok,
H0233,/scratch/10992/liaorunlong93/casp16-leaderboard/runs/server_v2_attack_scoreable_input_repair_overlay_msa_reuse_protenix5_seed101_105/predictions/protenix-v2/H0233/seed_103/predictions/H0233_sample_0.cif,/scratch/10992/liaorunlong93/casp16-leaderboard/runs/server_v2_attack_scoreable_input_repair_overlay_msa_reuse_protenix5_seed101_105/predictions/protenix-v2/H0233/seed_103/predictions/H0233_summary_confidence_sample_0.json,/scratch/10992/liaorunlong93/casp16-leaderboard/runs/server_v2_attack_scoreable_input_repair_overlay_msa_reuse_protenix5_seed101_105/predictions/protenix-v2/H0233/seed_103/predictions/H0233_summary_confidence_sample_0.selection_qa.json,5,4,0.993300,1.000000,0.500000,ok,
H0233,/scratch/10992/liaorunlong93/casp16-leaderboard/runs/server_v2_attack_scoreable_input_repair_overlay_msa_reuse_protenix5_seed101_105/predictions/protenix-v2/H0233/seed_104/predictions/H0233_sample_0.cif,/scratch/10992/liaorunlong93/casp16-leaderboard/runs/server_v2_attack_scoreable_input_repair_overlay_msa_reuse_protenix5_seed101_105/predictions/protenix-v2/H0233/seed_104/predictions/H0233_summary_confidence_sample_0.json,/scratch/10992/liaorunlong93/casp16-leaderboard/runs/server_v2_attack_scoreable_input_repair_overlay_msa_reuse_protenix5_seed101_105/predictions/protenix-v2/H0233/seed_104/predictions/H0233_summary_confidence_sample_0.selection_qa.json,5,4,0.994350,1.000000,0.500000,ok,
H0233,/scratch/10992/liaorunlong93/casp16-leaderboard/runs/server_v2_attack_scoreable_input_repair_overlay_msa_reuse_protenix5_seed101_105/predictions/protenix-v2/H0233/seed_105/predictions/H0233_sample_0.cif,/scratch/10992/liaorunlong93/casp16-leaderboard/runs/server_v2_attack_scoreable_input_repair_overlay_msa_reuse_protenix5_seed101_105/predictions/protenix-v2/H0233/seed_105/predictions/H0233_summary_confidence_sample_0.json,/scratch/10992/liaorunlong93/casp16-leaderboard/runs/server_v2_attack_scoreable_input_repair_overlay_msa_reuse_protenix5_seed101_105/predictions/protenix-v2/H0233/seed_105/predictions/H0233_summary_confidence_sample_0.selection_qa.json,5,4,0.993350,1.000000,0.500000,ok,
H1233,/scratch/10992/liaorunlong93/casp16-leaderboard/runs/server_v2_attack_scoreable_input_repair_overlay_msa_reuse_protenix5_seed101_105/predictions/protenix-v2/H1233/seed_101/predictions/H1233_sample_0.cif,/scratch/10992/liaorunlong93/casp16-leaderboard/runs/server_v2_attack_scoreable_input_repair_overlay_msa_reuse_protenix5_seed101_105/predictions/protenix-v2/H1233/seed_101/predictions/H1233_summary_confidence_sample_0.json,/scratch/10992/liaorunlong93/casp16-leaderboard/runs/server_v2_attack_scoreable_input_repair_overlay_msa_reuse_protenix5_seed101_105/predictions/protenix-v2/H1233/seed_101/predictions/H1233_summary_confidence_sample_0.selection_qa.json,5,4,0.984200,1.000000,0.500000,ok,
H1233,/scratch/10992/liaorunlong93/casp16-leaderboard/runs/server_v2_attack_scoreable_input_repair_overlay_msa_reuse_protenix5_seed101_105/predictions/protenix-v2/H1233/seed_102/predictions/H1233_sample_0.cif,/scratch/10992/liaorunlong93/casp16-leaderboard/runs/server_v2_attack_scoreable_input_repair_overlay_msa_reuse_protenix5_seed101_105/predictions/protenix-v2/H1233/seed_102/predictions/H1233_summary_confidence_sample_0.json,/scratch/10992/liaorunlong93/casp16-leaderboard/runs/server_v2_attack_scoreable_input_repair_overlay_msa_reuse_protenix5_seed101_105/predictions/protenix-v2/H1233/seed_102/predictions/H1233_summary_confidence_sample_0.selection_qa.json,5,4,0.991275,1.000000,0.500000,ok,
H1233,/scratch/10992/liaorunlong93/casp16-leaderboard/runs/server_v2_attack_scoreable_input_repair_overlay_msa_reuse_protenix5_seed101_105/predictions/protenix-v2/H1233/seed_103/predictions/H1233_sample_0.cif,/scratch/10992/liaorunlong93/casp16-leaderboard/runs/server_v2_attack_scoreable_input_repair_overlay_msa_reuse_protenix5_seed101_105/predictions/protenix-v2/H1233/seed_103/predictions/H1233_summary_confidence_sample_0.json,/scratch/10992/liaorunlong93/casp16-leaderboard/runs/server_v2_attack_scoreable_input_repair_overlay_msa_reuse_protenix5_seed101_105/predictions/protenix-v2/H1233/seed_103/predictions/H1233_summary_confidence_sample_0.selection_qa.json,5,4,0.987850,1.000000,0.500000,ok,
H1233,/scratch/10992/liaorunlong93/casp16-leaderboard/runs/server_v2_attack_scoreable_input_repair_overlay_msa_reuse_protenix5_seed101_105/predictions/protenix-v2/H1233/seed_104/predictions/H1233_sample_0.cif,/scratch/10992/liaorunlong93/casp16-leaderboard/runs/server_v2_attack_scoreable_input_repair_overlay_msa_reuse_protenix5_seed101_105/predictions/protenix-v2/H1233/seed_104/predictions/H1233_summary_confidence_sample_0.json,/scratch/10992/liaorunlong93/casp16-leaderboard/runs/server_v2_attack_scoreable_input_repair_overlay_msa_reuse_protenix5_seed101_105/predictions/protenix-v2/H1233/seed_104/predictions/H1233_summary_confidence_sample_0.selection_qa.json,5,4,0.990125,1.000000,0.500000,ok,
H1233,/scratch/10992/liaorunlong93/casp16-leaderboard/runs/server_v2_attack_scoreable_input_repair_overlay_msa_reuse_protenix5_seed101_105/predictions/protenix-v2/H1233/seed_105/predictions/H1233_sample_0.cif,/scratch/10992/liaorunlong93/casp16-leaderboard/runs/server_v2_attack_scoreable_input_repair_overlay_msa_reuse_protenix5_seed101_105/predictions/protenix-v2/H1233/seed_105/predictions/H1233_summary_confidence_sample_0.json,/scratch/10992/liaorunlong93/casp16-leaderboard/runs/server_v2_attack_scoreable_input_repair_overlay_msa_reuse_protenix5_seed101_105/predictions/protenix-v2/H1233/seed_105/predictions/H1233_summary_confidence_sample_0.selection_qa.json,5,4,0.989200,1.000000,0.500000,ok,
H2233,/scratch/10992/liaorunlong93/casp16-leaderboard/runs/server_v2_attack_scoreable_input_repair_overlay_msa_reuse_protenix5_seed101_105/predictions/protenix-v2/H2233/seed_101/predictions/H2233_sample_0.cif,/scratch/10992/liaorunlong93/casp16-leaderboard/runs/server_v2_attack_scoreable_input_repair_overlay_msa_reuse_protenix5_seed101_105/predictions/protenix-v2/H2233/seed_101/predictions/H2233_summary_confidence_sample_0.json,/scratch/10992/liaorunlong93/casp16-leaderboard/runs/server_v2_attack_scoreable_input_repair_overlay_msa_reuse_protenix5_seed101_105/predictions/protenix-v2/H2233/seed_101/predictions/H2233_summary_confidence_sample_0.selection_qa.json,5,4,0.994725,1.000000,0.500000,ok,
H2233,/scratch/10992/liaorunlong93/casp16-leaderboard/runs/server_v2_attack_scoreable_input_repair_overlay_msa_reuse_protenix5_seed101_105/predictions/protenix-v2/H2233/seed_102/predictions/H2233_sample_0.cif,/scratch/10992/liaorunlong93/casp16-leaderboard/runs/server_v2_attack_scoreable_input_repair_overlay_msa_reuse_protenix5_seed101_105/predictions/protenix-v2/H2233/seed_102/predictions/H2233_summary_confidence_sample_0.json,/scratch/10992/liaorunlong93/casp16-leaderboard/runs/server_v2_attack_scoreable_input_repair_overlay_msa_reuse_protenix5_seed101_105/predictions/protenix-v2/H2233/seed_102/predictions/H2233_summary_confidence_sample_0.selection_qa.json,5,4,0.996500,1.000000,0.500000,ok,
H2233,/scratch/10992/liaorunlong93/casp16-leaderboard/runs/server_v2_attack_scoreable_input_repair_overlay_msa_reuse_protenix5_seed101_105/predictions/protenix-v2/H2233/seed_103/predictions/H2233_sample_0.cif,/scratch/10992/liaorunlong93/casp16-leaderboard/runs/server_v2_attack_scoreable_input_repair_overlay_msa_reuse_protenix5_seed101_105/predictions/protenix-v2/H2233/seed_103/predictions/H2233_summary_confidence_sample_0.json,/scratch/10992/liaorunlong93/casp16-leaderboard/runs/server_v2_attack_scoreable_input_repair_overlay_msa_reuse_protenix5_seed101_105/predictions/protenix-v2/H2233/seed_103/predictions/H2233_summary_confidence_sample_0.selection_qa.json,5,4,0.994150,1.000000,0.500000,ok,
H2233,/scratch/10992/liaorunlong93/casp16-leaderboard/runs/server_v2_attack_scoreable_input_repair_overlay_msa_reuse_protenix5_seed101_105/predictions/protenix-v2/H2233/seed_104/predictions/H2233_sample_0.cif,/scratch/10992/liaorunlong93/casp16-leaderboard/runs/server_v2_attack_scoreable_input_repair_overlay_msa_reuse_protenix5_seed101_105/predictions/protenix-v2/H2233/seed_104/predictions/H2233_summary_confidence_sample_0.json,/scratch/10992/liaorunlong93/casp16-leaderboard/runs/server_v2_attack_scoreable_input_repair_overlay_msa_reuse_protenix5_seed101_105/predictions/protenix-v2/H2233/seed_104/predictions/H2233_summary_confidence_sample_0.selection_qa.json,5,4,0.995000,1.000000,0.500000,ok,
H2233,/scratch/10992/liaorunlong93/casp16-leaderboard/runs/server_v2_attack_scoreable_input_repair_overlay_msa_reuse_protenix5_seed101_105/predictions/protenix-v2/H2233/seed_105/predictions/H2233_sample_0.cif,/scratch/10992/liaorunlong93/casp16-leaderboard/runs/server_v2_attack_scoreable_input_repair_overlay_msa_reuse_protenix5_seed101_105/predictions/protenix-v2/H2233/seed_105/predictions/H2233_summary_confidence_sample_0.json,/scratch/10992/liaorunlong93/casp16-leaderboard/runs/server_v2_attack_scoreable_input_repair_overlay_msa_reuse_protenix5_seed101_105/predictions/protenix-v2/H2233/seed_105/predictions/H2233_summary_confidence_sample_0.selection_qa.json,5,4,0.996225,1.000000,0.500000,ok,
H1213,/scratch/10992/liaorunlong93/casp16-leaderboard/runs/server_v2_attack_scoreable_input_repair_overlay_msa_reuse_protenix5_seed101_105/predictions/protenix-v2/H1213/seed_101/predictions/H1213_sample_0.cif,/scratch/10992/liaorunlong93/casp16-leaderboard/runs/server_v2_attack_scoreable_input_repair_overlay_msa_reuse_protenix5_seed101_105/predictions/protenix-v2/H1213/seed_101/predictions/H1213_summary_confidence_sample_0.json,/scratch/10992/liaorunlong93/casp16-leaderboard/runs/server_v2_attack_scoreable_input_repair_overlay_msa_reuse_protenix5_seed101_105/predictions/protenix-v2/H1213/seed_101/predictions/H1213_summary_confidence_sample_0.selection_qa.json,5,4,0.935175,1.000000,0.500000,ok,
H1213,/scratch/10992/liaorunlong93/casp16-leaderboard/runs/server_v2_attack_scoreable_input_repair_overlay_msa_reuse_protenix5_seed101_105/predictions/protenix-v2/H1213/seed_102/predictions/H1213_sample_0.cif,/scratch/10992/liaorunlong93/casp16-leaderboard/runs/server_v2_attack_scoreable_input_repair_overlay_msa_reuse_protenix5_seed101_105/predictions/protenix-v2/H1213/seed_102/predictions/H1213_summary_confidence_sample_0.json,/scratch/10992/liaorunlong93/casp16-leaderboard/runs/server_v2_attack_scoreable_input_repair_overlay_msa_reuse_protenix5_seed101_105/predictions/protenix-v2/H1213/seed_102/predictions/H1213_summary_confidence_sample_0.selection_qa.json,5,4,0.934175,1.000000,0.500000,ok,
H1213,/scratch/10992/liaorunlong93/casp16-leaderboard/runs/server_v2_attack_scoreable_input_repair_overlay_msa_reuse_protenix5_seed101_105/predictions/protenix-v2/H1213/seed_103/predictions/H1213_sample_0.cif,/scratch/10992/liaorunlong93/casp16-leaderboard/runs/server_v2_attack_scoreable_input_repair_overlay_msa_reuse_protenix5_seed101_105/predictions/protenix-v2/H1213/seed_103/predictions/H1213_summary_confidence_sample_0.json,/scratch/10992/liaorunlong93/casp16-leaderboard/runs/server_v2_attack_scoreable_input_repair_overlay_msa_reuse_protenix5_seed101_105/predictions/protenix-v2/H1213/seed_103/predictions/H1213_summary_confidence_sample_0.selection_qa.json,5,4,0.937550,1.000000,0.500000,ok,
H1213,/scratch/10992/liaorunlong93/casp16-leaderboard/runs/server_v2_attack_scoreable_input_repair_overlay_msa_reuse_protenix5_seed101_105/predictions/protenix-v2/H1213/seed_104/predictions/H1213_sample_0.cif,/scratch/10992/liaorunlong93/casp16-leaderboard/runs/server_v2_attack_scoreable_input_repair_overlay_msa_reuse_protenix5_seed101_105/predictions/protenix-v2/H1213/seed_104/predictions/H1213_summary_confidence_sample_0.json,/scratch/10992/liaorunlong93/casp16-leaderboard/runs/server_v2_attack_scoreable_input_repair_overlay_msa_reuse_protenix5_seed101_105/predictions/protenix-v2/H1213/seed_104/predictions/H1213_summary_confidence_sample_0.selection_qa.json,5,4,0.935825,1.000000,0.500000,ok,
H1213,/scratch/10992/liaorunlong93/casp16-leaderboard/runs/server_v2_attack_scoreable_input_repair_overlay_msa_reuse_protenix5_seed101_105/predictions/protenix-v2/H1213/seed_105/predictions/H1213_sample_0.cif,/scratch/10992/liaorunlong93/casp16-leaderboard/runs/server_v2_attack_scoreable_input_repair_overlay_msa_reuse_protenix5_seed101_105/predictions/protenix-v2/H1213/seed_105/predictions/H1213_summary_confidence_sample_0.json,/scratch/10992/liaorunlong93/casp16-leaderboard/runs/server_v2_attack_scoreable_input_repair_overlay_msa_reuse_protenix5_seed101_105/predictions/protenix-v2/H1213/seed_105/predictions/H1213_summary_confidence_sample_0.selection_qa.json,5,4,0.918025,1.000000,0.500000,ok,
H2213,/scratch/10992/liaorunlong93/casp16-leaderboard/runs/server_v2_attack_scoreable_input_repair_overlay_msa_reuse_protenix5_seed101_105/predictions/protenix-v2/H2213/seed_101/predictions/H2213_sample_0.cif,/scratch/10992/liaorunlong93/casp16-leaderboard/runs/server_v2_attack_scoreable_input_repair_overlay_msa_reuse_protenix5_seed101_105/predictions/protenix-v2/H2213/seed_101/predictions/H2213_summary_confidence_sample_0.json,/scratch/10992/liaorunlong93/casp16-leaderboard/runs/server_v2_attack_scoreable_input_repair_overlay_msa_reuse_protenix5_seed101_105/predictions/protenix-v2/H2213/seed_101/predictions/H2213_summary_confidence_sample_0.selection_qa.json,5,4,0.950875,1.000000,0.500000,ok,
H2213,/scratch/10992/liaorunlong93/casp16-leaderboard/runs/server_v2_attack_scoreable_input_repair_overlay_msa_reuse_protenix5_seed101_105/predictions/protenix-v2/H2213/seed_102/predictions/H2213_sample_0.cif,/scratch/10992/liaorunlong93/casp16-leaderboard/runs/server_v2_attack_scoreable_input_repair_overlay_msa_reuse_protenix5_seed101_105/predictions/protenix-v2/H2213/seed_102/predictions/H2213_summary_confidence_sample_0.json,/scratch/10992/liaorunlong93/casp16-leaderboard/runs/server_v2_attack_scoreable_input_repair_overlay_msa_reuse_protenix5_seed101_105/predictions/protenix-v2/H2213/seed_102/predictions/H2213_summary_confidence_sample_0.selection_qa.json,5,4,0.948875,1.000000,0.500000,ok,
H2213,/scratch/10992/liaorunlong93/casp16-leaderboard/runs/server_v2_attack_scoreable_input_repair_overlay_msa_reuse_protenix5_seed101_105/predictions/protenix-v2/H2213/seed_103/predictions/H2213_sample_0.cif,/scratch/10992/liaorunlong93/casp16-leaderboard/runs/server_v2_attack_scoreable_input_repair_overlay_msa_reuse_protenix5_seed101_105/predictions/protenix-v2/H2213/seed_103/predictions/H2213_summary_confidence_sample_0.json,/scratch/10992/liaorunlong93/casp16-leaderboard/runs/server_v2_attack_scoreable_input_repair_overlay_msa_reuse_protenix5_seed101_105/predictions/protenix-v2/H2213/seed_103/predictions/H2213_summary_confidence_sample_0.selection_qa.json,5,4,0.949825,1.000000,0.500000,ok,
H2213,/scratch/10992/liaorunlong93/casp16-leaderboard/runs/server_v2_attack_scoreable_input_repair_overlay_msa_reuse_protenix5_seed101_105/predictions/protenix-v2/H2213/seed_104/predictions/H2213_sample_0.cif,/scratch/10992/liaorunlong93/casp16-leaderboard/runs/server_v2_attack_scoreable_input_repair_overlay_msa_reuse_protenix5_seed101_105/predictions/protenix-v2/H2213/seed_104/predictions/H2213_summary_confidence_sample_0.json,/scratch/10992/liaorunlong93/casp16-leaderboard/runs/server_v2_attack_scoreable_input_repair_overlay_msa_reuse_protenix5_seed101_105/predictions/protenix-v2/H2213/seed_104/predictions/H2213_summary_confidence_sample_0.selection_qa.json,5,4,0.948650,1.000000,0.500000,ok,
H2213,/scratch/10992/liaorunlong93/casp16-leaderboard/runs/server_v2_attack_scoreable_input_repair_overlay_msa_reuse_protenix5_seed101_105/predictions/protenix-v2/H2213/seed_105/predictions/H2213_sample_0.cif,/scratch/10992/liaorunlong93/casp16-leaderboard/runs/server_v2_attack_scoreable_input_repair_overlay_msa_reuse_protenix5_seed101_105/predictions/protenix-v2/H2213/seed_105/predictions/H2213_summary_confidence_sample_0.json,/scratch/10992/liaorunlong93/casp16-leaderboard/runs/server_v2_attack_scoreable_input_repair_overlay_msa_reuse_protenix5_seed101_105/predictions/protenix-v2/H2213/seed_105/predictions/H2213_summary_confidence_sample_0.selection_qa.json,5,4,0.930575,1.000000,0.500000,ok,
T1249V1O,/scratch/10992/liaorunlong93/casp16-leaderboard/runs/server_v2_attack_scoreable_input_repair_overlay_msa_reuse_protenix5_seed101_105/predictions/protenix-v2/T1249V1O/seed_101/predictions/T1249V1O_sample_0.cif,/scratch/10992/liaorunlong93/casp16-leaderboard/runs/server_v2_attack_scoreable_input_repair_overlay_msa_reuse_protenix5_seed101_105/predictions/protenix-v2/T1249V1O/seed_101/predictions/T1249V1O_summary_confidence_sample_0.json,/scratch/10992/liaorunlong93/casp16-leaderboard/runs/server_v2_attack_scoreable_input_repair_overlay_msa_reuse_protenix5_seed101_105/predictions/protenix-v2/T1249V1O/seed_101/predictions/T1249V1O_summary_confidence_sample_0.selection_qa.json,5,4,0.752150,1.000000,0.500000,ok,
T1249V1O,/scratch/10992/liaorunlong93/casp16-leaderboard/runs/server_v2_attack_scoreable_input_repair_overlay_msa_reuse_protenix5_seed101_105/predictions/protenix-v2/T1249V1O/seed_102/predictions/T1249V1O_sample_0.cif,/scratch/10992/liaorunlong93/casp16-leaderboard/runs/server_v2_attack_scoreable_input_repair_overlay_msa_reuse_protenix5_seed101_105/predictions/protenix-v2/T1249V1O/seed_102/predictions/T1249V1O_summary_confidence_sample_0.json,/scratch/10992/liaorunlong93/casp16-leaderboard/runs/server_v2_attack_scoreable_input_repair_overlay_msa_reuse_protenix5_seed101_105/predictions/protenix-v2/T1249V1O/seed_102/predictions/T1249V1O_summary_confidence_sample_0.selection_qa.json,5,4,0.728000,1.000000,0.500000,ok,
T1249V1O,/scratch/10992/liaorunlong93/casp16-leaderboard/runs/server_v2_attack_scoreable_input_repair_overlay_msa_reuse_protenix5_seed101_105/predictions/protenix-v2/T1249V1O/seed_103/predictions/T1249V1O_sample_0.cif,/scratch/10992/liaorunlong93/casp16-leaderboard/runs/server_v2_attack_scoreable_input_repair_overlay_msa_reuse_protenix5_seed101_105/predictions/protenix-v2/T1249V1O/seed_103/predictions/T1249V1O_summary_confidence_sample_0.json,/scratch/10992/liaorunlong93/casp16-leaderboard/runs/server_v2_attack_scoreable_input_repair_overlay_msa_reuse_protenix5_seed101_105/predictions/protenix-v2/T1249V1O/seed_103/predictions/T1249V1O_summary_confidence_sample_0.selection_qa.json,5,4,0.722850,1.000000,0.500000,ok,
T1249V1O,/scratch/10992/liaorunlong93/casp16-leaderboard/runs/server_v2_attack_scoreable_input_repair_overlay_msa_reuse_protenix5_seed101_105/predictions/protenix-v2/T1249V1O/seed_104/predictions/T1249V1O_sample_0.cif,/scratch/10992/liaorunlong93/casp16-leaderboard/runs/server_v2_attack_scoreable_input_repair_overlay_msa_reuse_protenix5_seed101_105/predictions/protenix-v2/T1249V1O/seed_104/predictions/T1249V1O_summary_confidence_sample_0.json,/scratch/10992/liaorunlong93/casp16-leaderboard/runs/server_v2_attack_scoreable_input_repair_overlay_msa_reuse_protenix5_seed101_105/predictions/protenix-v2/T1249V1O/seed_104/predictions/T1249V1O_summary_confidence_sample_0.selection_qa.json,5,4,0.700000,1.000000,0.500000,ok,
T1249V1O,/scratch/10992/liaorunlong93/casp16-leaderboard/runs/server_v2_attack_scoreable_input_repair_overlay_msa_reuse_protenix5_seed101_105/predictions/protenix-v2/T1249V1O/seed_105/predictions/T1249V1O_sample_0.cif,/scratch/10992/liaorunlong93/casp16-leaderboard/runs/server_v2_attack_scoreable_input_repair_overlay_msa_reuse_protenix5_seed101_105/predictions/protenix-v2/T1249V1O/seed_105/predictions/T1249V1O_summary_confidence_sample_0.json,/scratch/10992/liaorunlong93/casp16-leaderboard/runs/server_v2_attack_scoreable_input_repair_overlay_msa_reuse_protenix5_seed101_105/predictions/protenix-v2/T1249V1O/seed_105/predictions/T1249V1O_summary_confidence_sample_0.selection_qa.json,5,4,0.738350,1.000000,0.500000,ok,
T2249V1O,/scratch/10992/liaorunlong93/casp16-leaderboard/runs/server_v2_attack_scoreable_input_repair_overlay_msa_reuse_protenix5_seed101_105/predictions/protenix-v2/T2249V1O/seed_101/predictions/T2249V1O_sample_0.cif,/scratch/10992/liaorunlong93/casp16-leaderboard/runs/server_v2_attack_scoreable_input_repair_overlay_msa_reuse_protenix5_seed101_105/predictions/protenix-v2/T2249V1O/seed_101/predictions/T2249V1O_summary_confidence_sample_0.json,/scratch/10992/liaorunlong93/casp16-leaderboard/runs/server_v2_attack_scoreable_input_repair_overlay_msa_reuse_protenix5_seed101_105/predictions/protenix-v2/T2249V1O/seed_101/predictions/T2249V1O_summary_confidence_sample_0.selection_qa.json,5,4,0.722525,1.000000,0.500000,ok,
T2249V1O,/scratch/10992/liaorunlong93/casp16-leaderboard/runs/server_v2_attack_scoreable_input_repair_overlay_msa_reuse_protenix5_seed101_105/predictions/protenix-v2/T2249V1O/seed_102/predictions/T2249V1O_sample_0.cif,/scratch/10992/liaorunlong93/casp16-leaderboard/runs/server_v2_attack_scoreable_input_repair_overlay_msa_reuse_protenix5_seed101_105/predictions/protenix-v2/T2249V1O/seed_102/predictions/T2249V1O_summary_confidence_sample_0.json,/scratch/10992/liaorunlong93/casp16-leaderboard/runs/server_v2_attack_scoreable_input_repair_overlay_msa_reuse_protenix5_seed101_105/predictions/protenix-v2/T2249V1O/seed_102/predictions/T2249V1O_summary_confidence_sample_0.selection_qa.json,5,4,0.714725,1.000000,0.500000,ok,
T2249V1O,/scratch/10992/liaorunlong93/casp16-leaderboard/runs/server_v2_attack_scoreable_input_repair_overlay_msa_reuse_protenix5_seed101_105/predictions/protenix-v2/T2249V1O/seed_103/predictions/T2249V1O_sample_0.cif,/scratch/10992/liaorunlong93/casp16-leaderboard/runs/server_v2_attack_scoreable_input_repair_overlay_msa_reuse_protenix5_seed101_105/predictions/protenix-v2/T2249V1O/seed_103/predictions/T2249V1O_summary_confidence_sample_0.json,/scratch/10992/liaorunlong93/casp16-leaderboard/runs/server_v2_attack_scoreable_input_repair_overlay_msa_reuse_protenix5_seed101_105/predictions/protenix-v2/T2249V1O/seed_103/predictions/T2249V1O_summary_confidence_sample_0.selection_qa.json,5,4,0.738700,1.000000,0.500000,ok,
T2249V1O,/scratch/10992/liaorunlong93/casp16-leaderboard/runs/server_v2_attack_scoreable_input_repair_overlay_msa_reuse_protenix5_seed101_105/predictions/protenix-v2/T2249V1O/seed_104/predictions/T2249V1O_sample_0.cif,/scratch/10992/liaorunlong93/casp16-leaderboard/runs/server_v2_attack_scoreable_input_repair_overlay_msa_reuse_protenix5_seed101_105/predictions/protenix-v2/T2249V1O/seed_104/predictions/T2249V1O_summary_confidence_sample_0.json,/scratch/10992/liaorunlong93/casp16-leaderboard/runs/server_v2_attack_scoreable_input_repair_overlay_msa_reuse_protenix5_seed101_105/predictions/protenix-v2/T2249V1O/seed_104/predictions/T2249V1O_summary_confidence_sample_0.selection_qa.json,5,4,0.696200,1.000000,0.500000,ok,
T2249V1O,/scratch/10992/liaorunlong93/casp16-leaderboard/runs/server_v2_attack_scoreable_input_repair_overlay_msa_reuse_protenix5_seed101_105/predictions/protenix-v2/T2249V1O/seed_105/predictions/T2249V1O_sample_0.cif,/scratch/10992/liaorunlong93/casp16-leaderboard/runs/server_v2_attack_scoreable_input_repair_overlay_msa_reuse_protenix5_seed101_105/predictions/protenix-v2/T2249V1O/seed_105/predictions/T2249V1O_summary_confidence_sample_0.json,/scratch/10992/liaorunlong93/casp16-leaderboard/runs/server_v2_attack_scoreable_input_repair_overlay_msa_reuse_protenix5_seed101_105/predictions/protenix-v2/T2249V1O/seed_105/predictions/T2249V1O_summary_confidence_sample_0.selection_qa.json,5,4,0.738700,1.000000,0.500000,ok,
H0236,/scratch/10992/liaorunlong93/casp16-leaderboard/runs/server_v2_attack_scoreable_input_repair_overlay_msa_reuse_protenix5_seed101_105/predictions/protenix-v2/H0236/seed_101/predictions/H0236_sample_0.cif,/scratch/10992/liaorunlong93/casp16-leaderboard/runs/server_v2_attack_scoreable_input_repair_overlay_msa_reuse_protenix5_seed101_105/predictions/protenix-v2/H0236/seed_101/predictions/H0236_summary_confidence_sample_0.json,/scratch/10992/liaorunlong93/casp16-leaderboard/runs/server_v2_attack_scoreable_input_repair_overlay_msa_reuse_protenix5_seed101_105/predictions/protenix-v2/H0236/seed_101/predictions/H0236_summary_confidence_sample_0.selection_qa.json,5,4,0.856700,1.000000,0.500000,ok,
H0236,/scratch/10992/liaorunlong93/casp16-leaderboard/runs/server_v2_attack_scoreable_input_repair_overlay_msa_reuse_protenix5_seed101_105/predictions/protenix-v2/H0236/seed_102/predictions/H0236_sample_0.cif,/scratch/10992/liaorunlong93/casp16-leaderboard/runs/server_v2_attack_scoreable_input_repair_overlay_msa_reuse_protenix5_seed101_105/predictions/protenix-v2/H0236/seed_102/predictions/H0236_summary_confidence_sample_0.json,/scratch/10992/liaorunlong93/casp16-leaderboard/runs/server_v2_attack_scoreable_input_repair_overlay_msa_reuse_protenix5_seed101_105/predictions/protenix-v2/H0236/seed_102/predictions/H0236_summary_confidence_sample_0.selection_qa.json,5,4,0.889775,1.000000,0.500000,ok,
H0236,/scratch/10992/liaorunlong93/casp16-leaderboard/runs/server_v2_attack_scoreable_input_repair_overlay_msa_reuse_protenix5_seed101_105/predictions/protenix-v2/H0236/seed_103/predictions/H0236_sample_0.cif,/scratch/10992/liaorunlong93/casp16-leaderboard/runs/server_v2_attack_scoreable_input_repair_overlay_msa_reuse_protenix5_seed101_105/predictions/protenix-v2/H0236/seed_103/predictions/H0236_summary_confidence_sample_0.json,/scratch/10992/liaorunlong93/casp16-leaderboard/runs/server_v2_attack_scoreable_input_repair_overlay_msa_reuse_protenix5_seed101_105/predictions/protenix-v2/H0236/seed_103/predictions/H0236_summary_confidence_sample_0.selection_qa.json,5,4,0.903550,1.000000,0.500000,ok,
H0236,/scratch/10992/liaorunlong93/casp16-leaderboard/runs/server_v2_attack_scoreable_input_repair_overlay_msa_reuse_protenix5_seed101_105/predictions/protenix-v2/H0236/seed_104/predictions/H0236_sample_0.cif,/scratch/10992/liaorunlong93/casp16-leaderboard/runs/server_v2_attack_scoreable_input_repair_overlay_msa_reuse_protenix5_seed101_105/predictions/protenix-v2/H0236/seed_104/predictions/H0236_summary_confidence_sample_0.json,/scratch/10992/liaorunlong93/casp16-leaderboard/runs/server_v2_attack_scoreable_input_repair_overlay_msa_reuse_protenix5_seed101_105/predictions/protenix-v2/H0236/seed_104/predictions/H0236_summary_confidence_sample_0.selection_qa.json,5,4,0.894350,1.000000,0.500000,ok,
H0236,/scratch/10992/liaorunlong93/casp16-leaderboard/runs/server_v2_attack_scoreable_input_repair_overlay_msa_reuse_protenix5_seed101_105/predictions/protenix-v2/H0236/seed_105/predictions/H0236_sample_0.cif,/scratch/10992/liaorunlong93/casp16-leaderboard/runs/server_v2_attack_scoreable_input_repair_overlay_msa_reuse_protenix5_seed101_105/predictions/protenix-v2/H0236/seed_105/predictions/H0236_summary_confidence_sample_0.json,/scratch/10992/liaorunlong93/casp16-leaderboard/runs/server_v2_attack_scoreable_input_repair_overlay_msa_reuse_protenix5_seed101_105/predictions/protenix-v2/H0236/seed_105/predictions/H0236_summary_confidence_sample_0.selection_qa.json,5,4,0.892225,1.000000,0.500000,ok,
H1236,/scratch/10992/liaorunlong93/casp16-leaderboard/runs/server_v2_attack_scoreable_input_repair_overlay_msa_reuse_protenix5_seed101_105/predictions/protenix-v2/H1236/seed_101/predictions/H1236_sample_0.cif,/scratch/10992/liaorunlong93/casp16-leaderboard/runs/server_v2_attack_scoreable_input_repair_overlay_msa_reuse_protenix5_seed101_105/predictions/protenix-v2/H1236/seed_101/predictions/H1236_summary_confidence_sample_0.json,/scratch/10992/liaorunlong93/casp16-leaderboard/runs/server_v2_attack_scoreable_input_repair_overlay_msa_reuse_protenix5_seed101_105/predictions/protenix-v2/H1236/seed_101/predictions/H1236_summary_confidence_sample_0.selection_qa.json,5,4,0.873650,1.000000,0.500000,ok,
H1236,/scratch/10992/liaorunlong93/casp16-leaderboard/runs/server_v2_attack_scoreable_input_repair_overlay_msa_reuse_protenix5_seed101_105/predictions/protenix-v2/H1236/seed_102/predictions/H1236_sample_0.cif,/scratch/10992/liaorunlong93/casp16-leaderboard/runs/server_v2_attack_scoreable_input_repair_overlay_msa_reuse_protenix5_seed101_105/predictions/protenix-v2/H1236/seed_102/predictions/H1236_summary_confidence_sample_0.json,/scratch/10992/liaorunlong93/casp16-leaderboard/runs/server_v2_attack_scoreable_input_repair_overlay_msa_reuse_protenix5_seed101_105/predictions/protenix-v2/H1236/seed_102/predictions/H1236_summary_confidence_sample_0.selection_qa.json,5,4,0.891850,1.000000,0.500000,ok,
H1236,/scratch/10992/liaorunlong93/casp16-leaderboard/runs/server_v2_attack_scoreable_input_repair_overlay_msa_reuse_protenix5_seed101_105/predictions/protenix-v2/H1236/seed_103/predictions/H1236_sample_0.cif,/scratch/10992/liaorunlong93/casp16-leaderboard/runs/server_v2_attack_scoreable_input_repair_overlay_msa_reuse_protenix5_seed101_105/predictions/protenix-v2/H1236/seed_103/predictions/H1236_summary_confidence_sample_0.json,/scratch/10992/liaorunlong93/casp16-leaderboard/runs/server_v2_attack_scoreable_input_repair_overlay_msa_reuse_protenix5_seed101_105/predictions/protenix-v2/H1236/seed_103/predictions/H1236_summary_confidence_sample_0.selection_qa.json,5,4,0.902350,1.000000,0.500000,ok,
H1236,/scratch/10992/liaorunlong93/casp16-leaderboard/runs/server_v2_attack_scoreable_input_repair_overlay_msa_reuse_protenix5_seed101_105/predictions/protenix-v2/H1236/seed_104/predictions/H1236_sample_0.cif,/scratch/10992/liaorunlong93/casp16-leaderboard/runs/server_v2_attack_scoreable_input_repair_overlay_msa_reuse_protenix5_seed101_105/predictions/protenix-v2/H1236/seed_104/predictions/H1236_summary_confidence_sample_0.json,/scratch/10992/liaorunlong93/casp16-leaderboard/runs/server_v2_attack_scoreable_input_repair_overlay_msa_reuse_protenix5_seed101_105/predictions/protenix-v2/H1236/seed_104/predictions/H1236_summary_confidence_sample_0.selection_qa.json,5,4,0.890275,1.000000,0.500000,ok,
H1236,/scratch/10992/liaorunlong93/casp16-leaderboard/runs/server_v2_attack_scoreable_input_repair_overlay_msa_reuse_protenix5_seed101_105/predictions/protenix-v2/H1236/seed_105/predictions/H1236_sample_0.cif,/scratch/10992/liaorunlong93/casp16-leaderboard/runs/server_v2_attack_scoreable_input_repair_overlay_msa_reuse_protenix5_seed101_105/predictions/protenix-v2/H1236/seed_105/predictions/H1236_summary_confidence_sample_0.json,/scratch/10992/liaorunlong93/casp16-leaderboard/runs/server_v2_attack_scoreable_input_repair_overlay_msa_reuse_protenix5_seed101_105/predictions/protenix-v2/H1236/seed_105/predictions/H1236_summary_confidence_sample_0.selection_qa.json,5,4,0.898575,1.000000,0.500000,ok,
H2236,/scratch/10992/liaorunlong93/casp16-leaderboard/runs/server_v2_attack_scoreable_input_repair_overlay_msa_reuse_protenix5_seed101_105/predictions/protenix-v2/H2236/seed_101/predictions/H2236_sample_0.cif,/scratch/10992/liaorunlong93/casp16-leaderboard/runs/server_v2_attack_scoreable_input_repair_overlay_msa_reuse_protenix5_seed101_105/predictions/protenix-v2/H2236/seed_101/predictions/H2236_summary_confidence_sample_0.json,/scratch/10992/liaorunlong93/casp16-leaderboard/runs/server_v2_attack_scoreable_input_repair_overlay_msa_reuse_protenix5_seed101_105/predictions/protenix-v2/H2236/seed_101/predictions/H2236_summary_confidence_sample_0.selection_qa.json,5,4,0.680575,1.000000,0.500000,ok,
H2236,/scratch/10992/liaorunlong93/casp16-leaderboard/runs/server_v2_attack_scoreable_input_repair_overlay_msa_reuse_protenix5_seed101_105/predictions/protenix-v2/H2236/seed_102/predictions/H2236_sample_0.cif,/scratch/10992/liaorunlong93/casp16-leaderboard/runs/server_v2_attack_scoreable_input_repair_overlay_msa_reuse_protenix5_seed101_105/predictions/protenix-v2/H2236/seed_102/predictions/H2236_summary_confidence_sample_0.json,/scratch/10992/liaorunlong93/casp16-leaderboard/runs/server_v2_attack_scoreable_input_repair_overlay_msa_reuse_protenix5_seed101_105/predictions/protenix-v2/H2236/seed_102/predictions/H2236_summary_confidence_sample_0.selection_qa.json,5,4,0.858275,1.000000,0.500000,ok,
H2236,/scratch/10992/liaorunlong93/casp16-leaderboard/runs/server_v2_attack_scoreable_input_repair_overlay_msa_reuse_protenix5_seed101_105/predictions/protenix-v2/H2236/seed_103/predictions/H2236_sample_0.cif,/scratch/10992/liaorunlong93/casp16-leaderboard/runs/server_v2_attack_scoreable_input_repair_overlay_msa_reuse_protenix5_seed101_105/predictions/protenix-v2/H2236/seed_103/predictions/H2236_summary_confidence_sample_0.json,/scratch/10992/liaorunlong93/casp16-leaderboard/runs/server_v2_attack_scoreable_input_repair_overlay_msa_reuse_protenix5_seed101_105/predictions/protenix-v2/H2236/seed_103/predictions/H2236_summary_confidence_sample_0.selection_qa.json,5,4,0.859750,1.000000,0.500000,ok,
H2236,/scratch/10992/liaorunlong93/casp16-leaderboard/runs/server_v2_attack_scoreable_input_repair_overlay_msa_reuse_protenix5_seed101_105/predictions/protenix-v2/H2236/seed_104/predictions/H2236_sample_0.cif,/scratch/10992/liaorunlong93/casp16-leaderboard/runs/server_v2_attack_scoreable_input_repair_overlay_msa_reuse_protenix5_seed101_105/predictions/protenix-v2/H2236/seed_104/predictions/H2236_summary_confidence_sample_0.json,/scratch/10992/liaorunlong93/casp16-leaderboard/runs/server_v2_attack_scoreable_input_repair_overlay_msa_reuse_protenix5_seed101_105/predictions/protenix-v2/H2236/seed_104/predictions/H2236_summary_confidence_sample_0.selection_qa.json,5,4,0.855425,1.000000,0.500000,ok,
H2236,/scratch/10992/liaorunlong93/casp16-leaderboard/runs/server_v2_attack_scoreable_input_repair_overlay_msa_reuse_protenix5_seed101_105/predictions/protenix-v2/H2236/seed_105/predictions/H2236_sample_0.cif,/scratch/10992/liaorunlong93/casp16-leaderboard/runs/server_v2_attack_scoreable_input_repair_overlay_msa_reuse_protenix5_seed101_105/predictions/protenix-v2/H2236/seed_105/predictions/H2236_summary_confidence_sample_0.json,/scratch/10992/liaorunlong93/casp16-leaderboard/runs/server_v2_attack_scoreable_input_repair_overlay_msa_reuse_protenix5_seed101_105/predictions/protenix-v2/H2236/seed_105/predictions/H2236_summary_confidence_sample_0.selection_qa.json,5,4,0.856275,1.000000,0.500000,ok,
H0272,/scratch/10992/liaorunlong93/casp16-leaderboard/runs/server_v2_attack_scoreable_input_repair_overlay_msa_reuse_protenix5_seed101_105/predictions/protenix-v2/H0272/seed_101/predictions/H0272_sample_0.cif,/scratch/10992/liaorunlong93/casp16-leaderboard/runs/server_v2_attack_scoreable_input_repair_overlay_msa_reuse_protenix5_seed101_105/predictions/protenix-v2/H0272/seed_101/predictions/H0272_summary_confidence_sample_0.json,/scratch/10992/liaorunlong93/casp16-leaderboard/runs/server_v2_attack_scoreable_input_repair_overlay_msa_reuse_protenix5_seed101_105/predictions/protenix-v2/H0272/seed_101/predictions/H0272_summary_confidence_sample_0.selection_qa.json,5,4,0.764050,1.000000,0.500000,ok,
H0272,/scratch/10992/liaorunlong93/casp16-leaderboard/runs/server_v2_attack_scoreable_input_repair_overlay_msa_reuse_protenix5_seed101_105/predictions/protenix-v2/H0272/seed_102/predictions/H0272_sample_0.cif,/scratch/10992/liaorunlong93/casp16-leaderboard/runs/server_v2_attack_scoreable_input_repair_overlay_msa_reuse_protenix5_seed101_105/predictions/protenix-v2/H0272/seed_102/predictions/H0272_summary_confidence_sample_0.json,/scratch/10992/liaorunlong93/casp16-leaderboard/runs/server_v2_attack_scoreable_input_repair_overlay_msa_reuse_protenix5_seed101_105/predictions/protenix-v2/H0272/seed_102/predictions/H0272_summary_confidence_sample_0.selection_qa.json,5,4,0.684225,1.000000,0.500000,ok,
H0272,/scratch/10992/liaorunlong93/casp16-leaderboard/runs/server_v2_attack_scoreable_input_repair_overlay_msa_reuse_protenix5_seed101_105/predictions/protenix-v2/H0272/seed_103/predictions/H0272_sample_0.cif,/scratch/10992/liaorunlong93/casp16-leaderboard/runs/server_v2_attack_scoreable_input_repair_overlay_msa_reuse_protenix5_seed101_105/predictions/protenix-v2/H0272/seed_103/predictions/H0272_summary_confidence_sample_0.json,/scratch/10992/liaorunlong93/casp16-leaderboard/runs/server_v2_attack_scoreable_input_repair_overlay_msa_reuse_protenix5_seed101_105/predictions/protenix-v2/H0272/seed_103/predictions/H0272_summary_confidence_sample_0.selection_qa.json,5,4,0.757475,1.000000,0.500000,ok,
H0272,/scratch/10992/liaorunlong93/casp16-leaderboard/runs/server_v2_attack_scoreable_input_repair_overlay_msa_reuse_protenix5_seed101_105/predictions/protenix-v2/H0272/seed_104/predictions/H0272_sample_0.cif,/scratch/10992/liaorunlong93/casp16-leaderboard/runs/server_v2_attack_scoreable_input_repair_overlay_msa_reuse_protenix5_seed101_105/predictions/protenix-v2/H0272/seed_104/predictions/H0272_summary_confidence_sample_0.json,/scratch/10992/liaorunlong93/casp16-leaderboard/runs/server_v2_attack_scoreable_input_repair_overlay_msa_reuse_protenix5_seed101_105/predictions/protenix-v2/H0272/seed_104/predictions/H0272_summary_confidence_sample_0.selection_qa.json,5,4,0.759925,1.000000,0.500000,ok,
H0272,/scratch/10992/liaorunlong93/casp16-leaderboard/runs/server_v2_attack_scoreable_input_repair_overlay_msa_reuse_protenix5_seed101_105/predictions/protenix-v2/H0272/seed_105/predictions/H0272_sample_0.cif,/scratch/10992/liaorunlong93/casp16-leaderboard/runs/server_v2_attack_scoreable_input_repair_overlay_msa_reuse_protenix5_seed101_105/predictions/protenix-v2/H0272/seed_105/predictions/H0272_summary_confidence_sample_0.json,/scratch/10992/liaorunlong93/casp16-leaderboard/runs/server_v2_attack_scoreable_input_repair_overlay_msa_reuse_protenix5_seed101_105/predictions/protenix-v2/H0272/seed_105/predictions/H0272_summary_confidence_sample_0.selection_qa.json,5,4,0.779575,1.000000,0.500000,ok,
H1272,/scratch/10992/liaorunlong93/casp16-leaderboard/runs/server_v2_attack_scoreable_input_repair_overlay_msa_reuse_protenix5_seed101_105/predictions/protenix-v2/H1272/seed_101/predictions/H1272_sample_0.cif,/scratch/10992/liaorunlong93/casp16-leaderboard/runs/server_v2_attack_scoreable_input_repair_overlay_msa_reuse_protenix5_seed101_105/predictions/protenix-v2/H1272/seed_101/predictions/H1272_summary_confidence_sample_0.json,/scratch/10992/liaorunlong93/casp16-leaderboard/runs/server_v2_attack_scoreable_input_repair_overlay_msa_reuse_protenix5_seed101_105/predictions/protenix-v2/H1272/seed_101/predictions/H1272_summary_confidence_sample_0.selection_qa.json,5,4,0.744600,1.000000,0.500000,ok,
H1272,/scratch/10992/liaorunlong93/casp16-leaderboard/runs/server_v2_attack_scoreable_input_repair_overlay_msa_reuse_protenix5_seed101_105/predictions/protenix-v2/H1272/seed_102/predictions/H1272_sample_0.cif,/scratch/10992/liaorunlong93/casp16-leaderboard/runs/server_v2_attack_scoreable_input_repair_overlay_msa_reuse_protenix5_seed101_105/predictions/protenix-v2/H1272/seed_102/predictions/H1272_summary_confidence_sample_0.json,/scratch/10992/liaorunlong93/casp16-leaderboard/runs/server_v2_attack_scoreable_input_repair_overlay_msa_reuse_protenix5_seed101_105/predictions/protenix-v2/H1272/seed_102/predictions/H1272_summary_confidence_sample_0.selection_qa.json,5,4,0.760425,1.000000,0.500000,ok,
H1272,/scratch/10992/liaorunlong93/casp16-leaderboard/runs/server_v2_attack_scoreable_input_repair_overlay_msa_reuse_protenix5_seed101_105/predictions/protenix-v2/H1272/seed_103/predictions/H1272_sample_0.cif,/scratch/10992/liaorunlong93/casp16-leaderboard/runs/server_v2_attack_scoreable_input_repair_overlay_msa_reuse_protenix5_seed101_105/predictions/protenix-v2/H1272/seed_103/predictions/H1272_summary_confidence_sample_0.json,/scratch/10992/liaorunlong93/casp16-leaderboard/runs/server_v2_attack_scoreable_input_repair_overlay_msa_reuse_protenix5_seed101_105/predictions/protenix-v2/H1272/seed_103/predictions/H1272_summary_confidence_sample_0.selection_qa.json,5,4,0.752025,1.000000,0.500000,ok,
H1272,/scratch/10992/liaorunlong93/casp16-leaderboard/runs/server_v2_attack_scoreable_input_repair_overlay_msa_reuse_protenix5_seed101_105/predictions/protenix-v2/H1272/seed_104/predictions/H1272_sample_0.cif,/scratch/10992/liaorunlong93/casp16-leaderboard/runs/server_v2_attack_scoreable_input_repair_overlay_msa_reuse_protenix5_seed101_105/predictions/protenix-v2/H1272/seed_104/predictions/H1272_summary_confidence_sample_0.json,/scratch/10992/liaorunlong93/casp16-leaderboard/runs/server_v2_attack_scoreable_input_repair_overlay_msa_reuse_protenix5_seed101_105/predictions/protenix-v2/H1272/seed_104/predictions/H1272_summary_confidence_sample_0.selection_qa.json,5,4,0.757600,1.000000,0.500000,ok,
H1272,/scratch/10992/liaorunlong93/casp16-leaderboard/runs/server_v2_attack_scoreable_input_repair_overlay_msa_reuse_protenix5_seed101_105/predictions/protenix-v2/H1272/seed_105/predictions/H1272_sample_0.cif,/scratch/10992/liaorunlong93/casp16-leaderboard/runs/server_v2_attack_scoreable_input_repair_overlay_msa_reuse_protenix5_seed101_105/predictions/protenix-v2/H1272/seed_105/predictions/H1272_summary_confidence_sample_0.json,/scratch/10992/liaorunlong93/casp16-leaderboard/runs/server_v2_attack_scoreable_input_repair_overlay_msa_reuse_protenix5_seed101_105/predictions/protenix-v2/H1272/seed_105/predictions/H1272_summary_confidence_sample_0.selection_qa.json,5,4,0.775050,1.000000,0.500000,ok,
H2272,/scratch/10992/liaorunlong93/casp16-leaderboard/runs/server_v2_attack_scoreable_input_repair_overlay_msa_reuse_protenix5_seed101_105/predictions/protenix-v2/H2272/seed_101/predictions/H2272_sample_0.cif,/scratch/10992/liaorunlong93/casp16-leaderboard/runs/server_v2_attack_scoreable_input_repair_overlay_msa_reuse_protenix5_seed101_105/predictions/protenix-v2/H2272/seed_101/predictions/H2272_summary_confidence_sample_0.json,/scratch/10992/liaorunlong93/casp16-leaderboard/runs/server_v2_attack_scoreable_input_repair_overlay_msa_reuse_protenix5_seed101_105/predictions/protenix-v2/H2272/seed_101/predictions/H2272_summary_confidence_sample_0.selection_qa.json,5,4,0.804850,1.000000,0.500000,ok,
H2272,/scratch/10992/liaorunlong93/casp16-leaderboard/runs/server_v2_attack_scoreable_input_repair_overlay_msa_reuse_protenix5_seed101_105/predictions/protenix-v2/H2272/seed_102/predictions/H2272_sample_0.cif,/scratch/10992/liaorunlong93/casp16-leaderboard/runs/server_v2_attack_scoreable_input_repair_overlay_msa_reuse_protenix5_seed101_105/predictions/protenix-v2/H2272/seed_102/predictions/H2272_summary_confidence_sample_0.json,/scratch/10992/liaorunlong93/casp16-leaderboard/runs/server_v2_attack_scoreable_input_repair_overlay_msa_reuse_protenix5_seed101_105/predictions/protenix-v2/H2272/seed_102/predictions/H2272_summary_confidence_sample_0.selection_qa.json,5,4,0.760600,1.000000,0.500000,ok,
H2272,/scratch/10992/liaorunlong93/casp16-leaderboard/runs/server_v2_attack_scoreable_input_repair_overlay_msa_reuse_protenix5_seed101_105/predictions/protenix-v2/H2272/seed_103/predictions/H2272_sample_0.cif,/scratch/10992/liaorunlong93/casp16-leaderboard/runs/server_v2_attack_scoreable_input_repair_overlay_msa_reuse_protenix5_seed101_105/predictions/protenix-v2/H2272/seed_103/predictions/H2272_summary_confidence_sample_0.json,/scratch/10992/liaorunlong93/casp16-leaderboard/runs/server_v2_attack_scoreable_input_repair_overlay_msa_reuse_protenix5_seed101_105/predictions/protenix-v2/H2272/seed_103/predictions/H2272_summary_confidence_sample_0.selection_qa.json,5,4,0.743100,1.000000,0.500000,ok,
H2272,/scratch/10992/liaorunlong93/casp16-leaderboard/runs/server_v2_attack_scoreable_input_repair_overlay_msa_reuse_protenix5_seed101_105/predictions/protenix-v2/H2272/seed_104/predictions/H2272_sample_0.cif,/scratch/10992/liaorunlong93/casp16-leaderboard/runs/server_v2_attack_scoreable_input_repair_overlay_msa_reuse_protenix5_seed101_105/predictions/protenix-v2/H2272/seed_104/predictions/H2272_summary_confidence_sample_0.json,/scratch/10992/liaorunlong93/casp16-leaderboard/runs/server_v2_attack_scoreable_input_repair_overlay_msa_reuse_protenix5_seed101_105/predictions/protenix-v2/H2272/seed_104/predictions/H2272_summary_confidence_sample_0.selection_qa.json,5,4,0.796000,1.000000,0.500000,ok,
H2272,/scratch/10992/liaorunlong93/casp16-leaderboard/runs/server_v2_attack_scoreable_input_repair_overlay_msa_reuse_protenix5_seed101_105/predictions/protenix-v2/H2272/seed_105/predictions/H2272_sample_0.cif,/scratch/10992/liaorunlong93/casp16-leaderboard/runs/server_v2_attack_scoreable_input_repair_overlay_msa_reuse_protenix5_seed101_105/predictions/protenix-v2/H2272/seed_105/predictions/H2272_summary_confidence_sample_0.json,/scratch/10992/liaorunlong93/casp16-leaderboard/runs/server_v2_attack_scoreable_input_repair_overlay_msa_reuse_protenix5_seed101_105/predictions/protenix-v2/H2272/seed_105/predictions/H2272_summary_confidence_sample_0.selection_qa.json,5,4,0.795550,1.000000,0.500000,ok,
H0220,/scratch/10992/liaorunlong93/casp16-leaderboard/runs/server_v2_attack_scoreable_input_repair_overlay_msa_reuse_protenix5_seed101_105/predictions/protenix-v2/H0220/seed_101/predictions/H0220_sample_0.cif,/scratch/10992/liaorunlong93/casp16-leaderboard/runs/server_v2_attack_scoreable_input_repair_overlay_msa_reuse_protenix5_seed101_105/predictions/protenix-v2/H0220/seed_101/predictions/H0220_summary_confidence_sample_0.json,/scratch/10992/liaorunlong93/casp16-leaderboard/runs/server_v2_attack_scoreable_input_repair_overlay_msa_reuse_protenix5_seed101_105/predictions/protenix-v2/H0220/seed_101/predictions/H0220_summary_confidence_sample_0.selection_qa.json,5,4,0.971650,1.000000,0.500000,ok,
H0220,/scratch/10992/liaorunlong93/casp16-leaderboard/runs/server_v2_attack_scoreable_input_repair_overlay_msa_reuse_protenix5_seed101_105/predictions/protenix-v2/H0220/seed_102/predictions/H0220_sample_0.cif,/scratch/10992/liaorunlong93/casp16-leaderboard/runs/server_v2_attack_scoreable_input_repair_overlay_msa_reuse_protenix5_seed101_105/predictions/protenix-v2/H0220/seed_102/predictions/H0220_summary_confidence_sample_0.json,/scratch/10992/liaorunlong93/casp16-leaderboard/runs/server_v2_attack_scoreable_input_repair_overlay_msa_reuse_protenix5_seed101_105/predictions/protenix-v2/H0220/seed_102/predictions/H0220_summary_confidence_sample_0.selection_qa.json,5,4,0.976575,1.000000,0.500000,ok,
H0220,/scratch/10992/liaorunlong93/casp16-leaderboard/runs/server_v2_attack_scoreable_input_repair_overlay_msa_reuse_protenix5_seed101_105/predictions/protenix-v2/H0220/seed_103/predictions/H0220_sample_0.cif,/scratch/10992/liaorunlong93/casp16-leaderboard/runs/server_v2_attack_scoreable_input_repair_overlay_msa_reuse_protenix5_seed101_105/predictions/protenix-v2/H0220/seed_103/predictions/H0220_summary_confidence_sample_0.json,/scratch/10992/liaorunlong93/casp16-leaderboard/runs/server_v2_attack_scoreable_input_repair_overlay_msa_reuse_protenix5_seed101_105/predictions/protenix-v2/H0220/seed_103/predictions/H0220_summary_confidence_sample_0.selection_qa.json,5,4,0.975550,1.000000,0.500000,ok,
H0220,/scratch/10992/liaorunlong93/casp16-leaderboard/runs/server_v2_attack_scoreable_input_repair_overlay_msa_reuse_protenix5_seed101_105/predictions/protenix-v2/H0220/seed_104/predictions/H0220_sample_0.cif,/scratch/10992/liaorunlong93/casp16-leaderboard/runs/server_v2_attack_scoreable_input_repair_overlay_msa_reuse_protenix5_seed101_105/predictions/protenix-v2/H0220/seed_104/predictions/H0220_summary_confidence_sample_0.json,/scratch/10992/liaorunlong93/casp16-leaderboard/runs/server_v2_attack_scoreable_input_repair_overlay_msa_reuse_protenix5_seed101_105/predictions/protenix-v2/H0220/seed_104/predictions/H0220_summary_confidence_sample_0.selection_qa.json,5,4,0.970800,1.000000,0.500000,ok,
H0220,/scratch/10992/liaorunlong93/casp16-leaderboard/runs/server_v2_attack_scoreable_input_repair_overlay_msa_reuse_protenix5_seed101_105/predictions/protenix-v2/H0220/seed_105/predictions/H0220_sample_0.cif,/scratch/10992/liaorunlong93/casp16-leaderboard/runs/server_v2_attack_scoreable_input_repair_overlay_msa_reuse_protenix5_seed101_105/predictions/protenix-v2/H0220/seed_105/predictions/H0220_summary_confidence_sample_0.json,/scratch/10992/liaorunlong93/casp16-leaderboard/runs/server_v2_attack_scoreable_input_repair_overlay_msa_reuse_protenix5_seed101_105/predictions/protenix-v2/H0220/seed_105/predictions/H0220_summary_confidence_sample_0.selection_qa.json,5,4,0.973425,1.000000,0.500000,ok,
H1220,/scratch/10992/liaorunlong93/casp16-leaderboard/runs/server_v2_attack_scoreable_input_repair_overlay_msa_reuse_protenix5_seed101_105/predictions/protenix-v2/H1220/seed_101/predictions/H1220_sample_0.cif,/scratch/10992/liaorunlong93/casp16-leaderboard/runs/server_v2_attack_scoreable_input_repair_overlay_msa_reuse_protenix5_seed101_105/predictions/protenix-v2/H1220/seed_101/predictions/H1220_summary_confidence_sample_0.json,/scratch/10992/liaorunlong93/casp16-leaderboard/runs/server_v2_attack_scoreable_input_repair_overlay_msa_reuse_protenix5_seed101_105/predictions/protenix-v2/H1220/seed_101/predictions/H1220_summary_confidence_sample_0.selection_qa.json,5,4,0.984950,1.000000,0.500000,ok,
H1220,/scratch/10992/liaorunlong93/casp16-leaderboard/runs/server_v2_attack_scoreable_input_repair_overlay_msa_reuse_protenix5_seed101_105/predictions/protenix-v2/H1220/seed_102/predictions/H1220_sample_0.cif,/scratch/10992/liaorunlong93/casp16-leaderboard/runs/server_v2_attack_scoreable_input_repair_overlay_msa_reuse_protenix5_seed101_105/predictions/protenix-v2/H1220/seed_102/predictions/H1220_summary_confidence_sample_0.json,/scratch/10992/liaorunlong93/casp16-leaderboard/runs/server_v2_attack_scoreable_input_repair_overlay_msa_reuse_protenix5_seed101_105/predictions/protenix-v2/H1220/seed_102/predictions/H1220_summary_confidence_sample_0.selection_qa.json,5,4,0.983375,1.000000,0.500000,ok,
H1220,/scratch/10992/liaorunlong93/casp16-leaderboard/runs/server_v2_attack_scoreable_input_repair_overlay_msa_reuse_protenix5_seed101_105/predictions/protenix-v2/H1220/seed_103/predictions/H1220_sample_0.cif,/scratch/10992/liaorunlong93/casp16-leaderboard/runs/server_v2_attack_scoreable_input_repair_overlay_msa_reuse_protenix5_seed101_105/predictions/protenix-v2/H1220/seed_103/predictions/H1220_summary_confidence_sample_0.json,/scratch/10992/liaorunlong93/casp16-leaderboard/runs/server_v2_attack_scoreable_input_repair_overlay_msa_reuse_protenix5_seed101_105/predictions/protenix-v2/H1220/seed_103/predictions/H1220_summary_confidence_sample_0.selection_qa.json,5,4,0.982725,1.000000,0.500000,ok,
H1220,/scratch/10992/liaorunlong93/casp16-leaderboard/runs/server_v2_attack_scoreable_input_repair_overlay_msa_reuse_protenix5_seed101_105/predictions/protenix-v2/H1220/seed_104/predictions/H1220_sample_0.cif,/scratch/10992/liaorunlong93/casp16-leaderboard/runs/server_v2_attack_scoreable_input_repair_overlay_msa_reuse_protenix5_seed101_105/predictions/protenix-v2/H1220/seed_104/predictions/H1220_summary_confidence_sample_0.json,/scratch/10992/liaorunlong93/casp16-leaderboard/runs/server_v2_attack_scoreable_input_repair_overlay_msa_reuse_protenix5_seed101_105/predictions/protenix-v2/H1220/seed_104/predictions/H1220_summary_confidence_sample_0.selection_qa.json,5,4,0.979000,1.000000,0.500000,ok,
H1220,/scratch/10992/liaorunlong93/casp16-leaderboard/runs/server_v2_attack_scoreable_input_repair_overlay_msa_reuse_protenix5_seed101_105/predictions/protenix-v2/H1220/seed_105/predictions/H1220_sample_0.cif,/scratch/10992/liaorunlong93/casp16-leaderboard/runs/server_v2_attack_scoreable_input_repair_overlay_msa_reuse_protenix5_seed101_105/predictions/protenix-v2/H1220/seed_105/predictions/H1220_summary_confidence_sample_0.json,/scratch/10992/liaorunlong93/casp16-leaderboard/runs/server_v2_attack_scoreable_input_repair_overlay_msa_reuse_protenix5_seed101_105/predictions/protenix-v2/H1220/seed_105/predictions/H1220_summary_confidence_sample_0.selection_qa.json,5,4,0.982950,1.000000,0.500000,ok,
H2220,/scratch/10992/liaorunlong93/casp16-leaderboard/runs/server_v2_attack_scoreable_input_repair_overlay_msa_reuse_protenix5_seed101_105/predictions/protenix-v2/H2220/seed_101/predictions/H2220_sample_0.cif,/scratch/10992/liaorunlong93/casp16-leaderboard/runs/server_v2_attack_scoreable_input_repair_overlay_msa_reuse_protenix5_seed101_105/predictions/protenix-v2/H2220/seed_101/predictions/H2220_summary_confidence_sample_0.json,/scratch/10992/liaorunlong93/casp16-leaderboard/runs/server_v2_attack_scoreable_input_repair_overlay_msa_reuse_protenix5_seed101_105/predictions/protenix-v2/H2220/seed_101/predictions/H2220_summary_confidence_sample_0.selection_qa.json,5,4,0.979200,1.000000,0.500000,ok,
H2220,/scratch/10992/liaorunlong93/casp16-leaderboard/runs/server_v2_attack_scoreable_input_repair_overlay_msa_reuse_protenix5_seed101_105/predictions/protenix-v2/H2220/seed_102/predictions/H2220_sample_0.cif,/scratch/10992/liaorunlong93/casp16-leaderboard/runs/server_v2_attack_scoreable_input_repair_overlay_msa_reuse_protenix5_seed101_105/predictions/protenix-v2/H2220/seed_102/predictions/H2220_summary_confidence_sample_0.json,/scratch/10992/liaorunlong93/casp16-leaderboard/runs/server_v2_attack_scoreable_input_repair_overlay_msa_reuse_protenix5_seed101_105/predictions/protenix-v2/H2220/seed_102/predictions/H2220_summary_confidence_sample_0.selection_qa.json,5,4,0.974150,1.000000,0.500000,ok,
H2220,/scratch/10992/liaorunlong93/casp16-leaderboard/runs/server_v2_attack_scoreable_input_repair_overlay_msa_reuse_protenix5_seed101_105/predictions/protenix-v2/H2220/seed_103/predictions/H2220_sample_0.cif,/scratch/10992/liaorunlong93/casp16-leaderboard/runs/server_v2_attack_scoreable_input_repair_overlay_msa_reuse_protenix5_seed101_105/predictions/protenix-v2/H2220/seed_103/predictions/H2220_summary_confidence_sample_0.json,/scratch/10992/liaorunlong93/casp16-leaderboard/runs/server_v2_attack_scoreable_input_repair_overlay_msa_reuse_protenix5_seed101_105/predictions/protenix-v2/H2220/seed_103/predictions/H2220_summary_confidence_sample_0.selection_qa.json,5,4,0.977675,1.000000,0.500000,ok,
H2220,/scratch/10992/liaorunlong93/casp16-leaderboard/runs/server_v2_attack_scoreable_input_repair_overlay_msa_reuse_protenix5_seed101_105/predictions/protenix-v2/H2220/seed_104/predictions/H2220_sample_0.cif,/scratch/10992/liaorunlong93/casp16-leaderboard/runs/server_v2_attack_scoreable_input_repair_overlay_msa_reuse_protenix5_seed101_105/predictions/protenix-v2/H2220/seed_104/predictions/H2220_summary_confidence_sample_0.json,/scratch/10992/liaorunlong93/casp16-leaderboard/runs/server_v2_attack_scoreable_input_repair_overlay_msa_reuse_protenix5_seed101_105/predictions/protenix-v2/H2220/seed_104/predictions/H2220_summary_confidence_sample_0.selection_qa.json,5,4,0.969400,1.000000,0.500000,ok,
H2220,/scratch/10992/liaorunlong93/casp16-leaderboard/runs/server_v2_attack_scoreable_input_repair_overlay_msa_reuse_protenix5_seed101_105/predictions/protenix-v2/H2220/seed_105/predictions/H2220_sample_0.cif,/scratch/10992/liaorunlong93/casp16-leaderboard/runs/server_v2_attack_scoreable_input_repair_overlay_msa_reuse_protenix5_seed101_105/predictions/protenix-v2/H2220/seed_105/predictions/H2220_summary_confidence_sample_0.json,/scratch/10992/liaorunlong93/casp16-leaderboard/runs/server_v2_attack_scoreable_input_repair_overlay_msa_reuse_protenix5_seed101_105/predictions/protenix-v2/H2220/seed_105/predictions/H2220_summary_confidence_sample_0.selection_qa.json,5,4,0.977375,1.000000,0.500000,ok,
H0258,/scratch/10992/liaorunlong93/casp16-leaderboard/runs/server_v2_attack_scoreable_input_repair_overlay_msa_reuse_protenix5_seed101_105/predictions/protenix-v2/H0258/seed_101/predictions/H0258_sample_0.cif,/scratch/10992/liaorunlong93/casp16-leaderboard/runs/server_v2_attack_scoreable_input_repair_overlay_msa_reuse_protenix5_seed101_105/predictions/protenix-v2/H0258/seed_101/predictions/H0258_summary_confidence_sample_0.json,/scratch/10992/liaorunlong93/casp16-leaderboard/runs/server_v2_attack_scoreable_input_repair_overlay_msa_reuse_protenix5_seed101_105/predictions/protenix-v2/H0258/seed_101/predictions/H0258_summary_confidence_sample_0.selection_qa.json,5,4,0.795125,1.000000,0.500000,ok,
H0258,/scratch/10992/liaorunlong93/casp16-leaderboard/runs/server_v2_attack_scoreable_input_repair_overlay_msa_reuse_protenix5_seed101_105/predictions/protenix-v2/H0258/seed_102/predictions/H0258_sample_0.cif,/scratch/10992/liaorunlong93/casp16-leaderboard/runs/server_v2_attack_scoreable_input_repair_overlay_msa_reuse_protenix5_seed101_105/predictions/protenix-v2/H0258/seed_102/predictions/H0258_summary_confidence_sample_0.json,/scratch/10992/liaorunlong93/casp16-leaderboard/runs/server_v2_attack_scoreable_input_repair_overlay_msa_reuse_protenix5_seed101_105/predictions/protenix-v2/H0258/seed_102/predictions/H0258_summary_confidence_sample_0.selection_qa.json,5,4,0.791025,1.000000,0.500000,ok,
H0258,/scratch/10992/liaorunlong93/casp16-leaderboard/runs/server_v2_attack_scoreable_input_repair_overlay_msa_reuse_protenix5_seed101_105/predictions/protenix-v2/H0258/seed_103/predictions/H0258_sample_0.cif,/scratch/10992/liaorunlong93/casp16-leaderboard/runs/server_v2_attack_scoreable_input_repair_overlay_msa_reuse_protenix5_seed101_105/predictions/protenix-v2/H0258/seed_103/predictions/H0258_summary_confidence_sample_0.json,/scratch/10992/liaorunlong93/casp16-leaderboard/runs/server_v2_attack_scoreable_input_repair_overlay_msa_reuse_protenix5_seed101_105/predictions/protenix-v2/H0258/seed_103/predictions/H0258_summary_confidence_sample_0.selection_qa.json,5,4,0.824975,1.000000,0.500000,ok,
H0258,/scratch/10992/liaorunlong93/casp16-leaderboard/runs/server_v2_attack_scoreable_input_repair_overlay_msa_reuse_protenix5_seed101_105/predictions/protenix-v2/H0258/seed_104/predictions/H0258_sample_0.cif,/scratch/10992/liaorunlong93/casp16-leaderboard/runs/server_v2_attack_scoreable_input_repair_overlay_msa_reuse_protenix5_seed101_105/predictions/protenix-v2/H0258/seed_104/predictions/H0258_summary_confidence_sample_0.json,/scratch/10992/liaorunlong93/casp16-leaderboard/runs/server_v2_attack_scoreable_input_repair_overlay_msa_reuse_protenix5_seed101_105/predictions/protenix-v2/H0258/seed_104/predictions/H0258_summary_confidence_sample_0.selection_qa.json,5,4,0.832575,1.000000,0.500000,ok,
H0258,/scratch/10992/liaorunlong93/casp16-leaderboard/runs/server_v2_attack_scoreable_input_repair_overlay_msa_reuse_protenix5_seed101_105/predictions/protenix-v2/H0258/seed_105/predictions/H0258_sample_0.cif,/scratch/10992/liaorunlong93/casp16-leaderboard/runs/server_v2_attack_scoreable_input_repair_overlay_msa_reuse_protenix5_seed101_105/predictions/protenix-v2/H0258/seed_105/predictions/H0258_summary_confidence_sample_0.json,/scratch/10992/liaorunlong93/casp16-leaderboard/runs/server_v2_attack_scoreable_input_repair_overlay_msa_reuse_protenix5_seed101_105/predictions/protenix-v2/H0258/seed_105/predictions/H0258_summary_confidence_sample_0.selection_qa.json,5,4,0.829800,1.000000,0.500000,ok,
H1258,/scratch/10992/liaorunlong93/casp16-leaderboard/runs/server_v2_attack_scoreable_input_repair_overlay_msa_reuse_protenix5_seed101_105/predictions/protenix-v2/H1258/seed_101/predictions/H1258_sample_0.cif,/scratch/10992/liaorunlong93/casp16-leaderboard/runs/server_v2_attack_scoreable_input_repair_overlay_msa_reuse_protenix5_seed101_105/predictions/protenix-v2/H1258/seed_101/predictions/H1258_summary_confidence_sample_0.json,/scratch/10992/liaorunlong93/casp16-leaderboard/runs/server_v2_attack_scoreable_input_repair_overlay_msa_reuse_protenix5_seed101_105/predictions/protenix-v2/H1258/seed_101/predictions/H1258_summary_confidence_sample_0.selection_qa.json,5,4,0.867225,1.000000,0.500000,ok,
H1258,/scratch/10992/liaorunlong93/casp16-leaderboard/runs/server_v2_attack_scoreable_input_repair_overlay_msa_reuse_protenix5_seed101_105/predictions/protenix-v2/H1258/seed_102/predictions/H1258_sample_0.cif,/scratch/10992/liaorunlong93/casp16-leaderboard/runs/server_v2_attack_scoreable_input_repair_overlay_msa_reuse_protenix5_seed101_105/predictions/protenix-v2/H1258/seed_102/predictions/H1258_summary_confidence_sample_0.json,/scratch/10992/liaorunlong93/casp16-leaderboard/runs/server_v2_attack_scoreable_input_repair_overlay_msa_reuse_protenix5_seed101_105/predictions/protenix-v2/H1258/seed_102/predictions/H1258_summary_confidence_sample_0.selection_qa.json,5,4,0.875600,1.000000,0.500000,ok,
H1258,/scratch/10992/liaorunlong93/casp16-leaderboard/runs/server_v2_attack_scoreable_input_repair_overlay_msa_reuse_protenix5_seed101_105/predictions/protenix-v2/H1258/seed_103/predictions/H1258_sample_0.cif,/scratch/10992/liaorunlong93/casp16-leaderboard/runs/server_v2_attack_scoreable_input_repair_overlay_msa_reuse_protenix5_seed101_105/predictions/protenix-v2/H1258/seed_103/predictions/H1258_summary_confidence_sample_0.json,/scratch/10992/liaorunlong93/casp16-leaderboard/runs/server_v2_attack_scoreable_input_repair_overlay_msa_reuse_protenix5_seed101_105/predictions/protenix-v2/H1258/seed_103/predictions/H1258_summary_confidence_sample_0.selection_qa.json,5,4,0.906275,1.000000,0.500000,ok,
H1258,/scratch/10992/liaorunlong93/casp16-leaderboard/runs/server_v2_attack_scoreable_input_repair_overlay_msa_reuse_protenix5_seed101_105/predictions/protenix-v2/H1258/seed_104/predictions/H1258_sample_0.cif,/scratch/10992/liaorunlong93/casp16-leaderboard/runs/server_v2_attack_scoreable_input_repair_overlay_msa_reuse_protenix5_seed101_105/predictions/protenix-v2/H1258/seed_104/predictions/H1258_summary_confidence_sample_0.json,/scratch/10992/liaorunlong93/casp16-leaderboard/runs/server_v2_attack_scoreable_input_repair_overlay_msa_reuse_protenix5_seed101_105/predictions/protenix-v2/H1258/seed_104/predictions/H1258_summary_confidence_sample_0.selection_qa.json,5,4,0.875600,1.000000,0.500000,ok,
H1258,/scratch/10992/liaorunlong93/casp16-leaderboard/runs/server_v2_attack_scoreable_input_repair_overlay_msa_reuse_protenix5_seed101_105/predictions/protenix-v2/H1258/seed_105/predictions/H1258_sample_0.cif,/scratch/10992/liaorunlong93/casp16-leaderboard/runs/server_v2_attack_scoreable_input_repair_overlay_msa_reuse_protenix5_seed101_105/predictions/protenix-v2/H1258/seed_105/predictions/H1258_summary_confidence_sample_0.json,/scratch/10992/liaorunlong93/casp16-leaderboard/runs/server_v2_attack_scoreable_input_repair_overlay_msa_reuse_protenix5_seed101_105/predictions/protenix-v2/H1258/seed_105/predictions/H1258_summary_confidence_sample_0.selection_qa.json,5,4,0.846150,1.000000,0.500000,ok,
H2258,/scratch/10992/liaorunlong93/casp16-leaderboard/runs/server_v2_attack_scoreable_input_repair_overlay_msa_reuse_protenix5_seed101_105/predictions/protenix-v2/H2258/seed_101/predictions/H2258_sample_0.cif,/scratch/10992/liaorunlong93/casp16-leaderboard/runs/server_v2_attack_scoreable_input_repair_overlay_msa_reuse_protenix5_seed101_105/predictions/protenix-v2/H2258/seed_101/predictions/H2258_summary_confidence_sample_0.json,/scratch/10992/liaorunlong93/casp16-leaderboard/runs/server_v2_attack_scoreable_input_repair_overlay_msa_reuse_protenix5_seed101_105/predictions/protenix-v2/H2258/seed_101/predictions/H2258_summary_confidence_sample_0.selection_qa.json,5,4,0.918575,1.000000,0.500000,ok,
H2258,/scratch/10992/liaorunlong93/casp16-leaderboard/runs/server_v2_attack_scoreable_input_repair_overlay_msa_reuse_protenix5_seed101_105/predictions/protenix-v2/H2258/seed_102/predictions/H2258_sample_0.cif,/scratch/10992/liaorunlong93/casp16-leaderboard/runs/server_v2_attack_scoreable_input_repair_overlay_msa_reuse_protenix5_seed101_105/predictions/protenix-v2/H2258/seed_102/predictions/H2258_summary_confidence_sample_0.json,/scratch/10992/liaorunlong93/casp16-leaderboard/runs/server_v2_attack_scoreable_input_repair_overlay_msa_reuse_protenix5_seed101_105/predictions/protenix-v2/H2258/seed_102/predictions/H2258_summary_confidence_sample_0.selection_qa.json,5,4,0.892400,1.000000,0.500000,ok,
H2258,/scratch/10992/liaorunlong93/casp16-leaderboard/runs/server_v2_attack_scoreable_input_repair_overlay_msa_reuse_protenix5_seed101_105/predictions/protenix-v2/H2258/seed_103/predictions/H2258_sample_0.cif,/scratch/10992/liaorunlong93/casp16-leaderboard/runs/server_v2_attack_scoreable_input_repair_overlay_msa_reuse_protenix5_seed101_105/predictions/protenix-v2/H2258/seed_103/predictions/H2258_summary_confidence_sample_0.json,/scratch/10992/liaorunlong93/casp16-leaderboard/runs/server_v2_attack_scoreable_input_repair_overlay_msa_reuse_protenix5_seed101_105/predictions/protenix-v2/H2258/seed_103/predictions/H2258_summary_confidence_sample_0.selection_qa.json,5,4,0.876900,1.000000,0.500000,ok,
H2258,/scratch/10992/liaorunlong93/casp16-leaderboard/runs/server_v2_attack_scoreable_input_repair_overlay_msa_reuse_protenix5_seed101_105/predictions/protenix-v2/H2258/seed_104/predictions/H2258_sample_0.cif,/scratch/10992/liaorunlong93/casp16-leaderboard/runs/server_v2_attack_scoreable_input_repair_overlay_msa_reuse_protenix5_seed101_105/predictions/protenix-v2/H2258/seed_104/predictions/H2258_summary_confidence_sample_0.json,/scratch/10992/liaorunlong93/casp16-leaderboard/runs/server_v2_attack_scoreable_input_repair_overlay_msa_reuse_protenix5_seed101_105/predictions/protenix-v2/H2258/seed_104/predictions/H2258_summary_confidence_sample_0.selection_qa.json,5,4,0.898050,1.000000,0.500000,ok,
H2258,/scratch/10992/liaorunlong93/casp16-leaderboard/runs/server_v2_attack_scoreable_input_repair_overlay_msa_reuse_protenix5_seed101_105/predictions/protenix-v2/H2258/seed_105/predictions/H2258_sample_0.cif,/scratch/10992/liaorunlong93/casp16-leaderboard/runs/server_v2_attack_scoreable_input_repair_overlay_msa_reuse_protenix5_seed101_105/predictions/protenix-v2/H2258/seed_105/predictions/H2258_summary_confidence_sample_0.json,/scratch/10992/liaorunlong93/casp16-leaderboard/runs/server_v2_attack_scoreable_input_repair_overlay_msa_reuse_protenix5_seed101_105/predictions/protenix-v2/H2258/seed_105/predictions/H2258_summary_confidence_sample_0.selection_qa.json,5,4,0.894925,1.000000,0.500000,ok,
T0206,/scratch/10992/liaorunlong93/casp16-leaderboard/runs/server_v2_attack_scoreable_input_repair_overlay_msa_reuse_protenix5_seed101_105/predictions/protenix-v2/T0206/seed_101/predictions/T0206_sample_0.cif,/scratch/10992/liaorunlong93/casp16-leaderboard/runs/server_v2_attack_scoreable_input_repair_overlay_msa_reuse_protenix5_seed101_105/predictions/protenix-v2/T0206/seed_101/predictions/T0206_summary_confidence_sample_0.json,/scratch/10992/liaorunlong93/casp16-leaderboard/runs/server_v2_attack_scoreable_input_repair_overlay_msa_reuse_protenix5_seed101_105/predictions/protenix-v2/T0206/seed_101/predictions/T0206_summary_confidence_sample_0.selection_qa.json,10,9,0.972067,1.000000,0.500000,ok,
T0206,/scratch/10992/liaorunlong93/casp16-leaderboard/runs/server_v2_attack_scoreable_input_repair_overlay_msa_reuse_protenix5_seed101_105/predictions/protenix-v2/T0206/seed_102/predictions/T0206_sample_0.cif,/scratch/10992/liaorunlong93/casp16-leaderboard/runs/server_v2_attack_scoreable_input_repair_overlay_msa_reuse_protenix5_seed101_105/predictions/protenix-v2/T0206/seed_102/predictions/T0206_summary_confidence_sample_0.json,/scratch/10992/liaorunlong93/casp16-leaderboard/runs/server_v2_attack_scoreable_input_repair_overlay_msa_reuse_protenix5_seed101_105/predictions/protenix-v2/T0206/seed_102/predictions/T0206_summary_confidence_sample_0.selection_qa.json,10,9,0.975122,1.000000,0.500000,ok,
T0206,/scratch/10992/liaorunlong93/casp16-leaderboard/runs/server_v2_attack_scoreable_input_repair_overlay_msa_reuse_protenix5_seed101_105/predictions/protenix-v2/T0206/seed_103/predictions/T0206_sample_0.cif,/scratch/10992/liaorunlong93/casp16-leaderboard/runs/server_v2_attack_scoreable_input_repair_overlay_msa_reuse_protenix5_seed101_105/predictions/protenix-v2/T0206/seed_103/predictions/T0206_summary_confidence_sample_0.json,/scratch/10992/liaorunlong93/casp16-leaderboard/runs/server_v2_attack_scoreable_input_repair_overlay_msa_reuse_protenix5_seed101_105/predictions/protenix-v2/T0206/seed_103/predictions/T0206_summary_confidence_sample_0.selection_qa.json,10,9,0.970433,1.000000,0.500000,ok,
T0206,/scratch/10992/liaorunlong93/casp16-leaderboard/runs/server_v2_attack_scoreable_input_repair_overlay_msa_reuse_protenix5_seed101_105/predictions/protenix-v2/T0206/seed_104/predictions/T0206_sample_0.cif,/scratch/10992/liaorunlong93/casp16-leaderboard/runs/server_v2_attack_scoreable_input_repair_overlay_msa_reuse_protenix5_seed101_105/predictions/protenix-v2/T0206/seed_104/predictions/T0206_summary_confidence_sample_0.json,/scratch/10992/liaorunlong93/casp16-leaderboard/runs/server_v2_attack_scoreable_input_repair_overlay_msa_reuse_protenix5_seed101_105/predictions/protenix-v2/T0206/seed_104/predictions/T0206_summary_confidence_sample_0.selection_qa.json,10,9,0.967633,1.000000,0.500000,ok,
T0206,/scratch/10992/liaorunlong93/casp16-leaderboard/runs/server_v2_attack_scoreable_input_repair_overlay_msa_reuse_protenix5_seed101_105/predictions/protenix-v2/T0206/seed_105/predictions/T0206_sample_0.cif,/scratch/10992/liaorunlong93/casp16-leaderboard/runs/server_v2_attack_scoreable_input_repair_overlay_msa_reuse_protenix5_seed101_105/predictions/protenix-v2/T0206/seed_105/predictions/T0206_summary_confidence_sample_0.json,/scratch/10992/liaorunlong93/casp16-leaderboard/runs/server_v2_attack_scoreable_input_repair_overlay_msa_reuse_protenix5_seed101_105/predictions/protenix-v2/T0206/seed_105/predictions/T0206_summary_confidence_sample_0.selection_qa.json,10,9,0.962856,1.000000,0.500000,ok,
T0206,/scratch/10992/liaorunlong93/casp16-leaderboard/runs/server_v2_attack_scoreable_input_repair_overlay_msa_reuse_protenix5_seed101_105/predictions/protenix-v2/T0206O/seed_101/predictions/T0206O_sample_0.cif,/scratch/10992/liaorunlong93/casp16-leaderboard/runs/server_v2_attack_scoreable_input_repair_overlay_msa_reuse_protenix5_seed101_105/predictions/protenix-v2/T0206O/seed_101/predictions/T0206O_summary_confidence_sample_0.json,/scratch/10992/liaorunlong93/casp16-leaderboard/runs/server_v2_attack_scoreable_input_repair_overlay_msa_reuse_protenix5_seed101_105/predictions/protenix-v2/T0206O/seed_101/predictions/T0206O_summary_confidence_sample_0.selection_qa.json,10,9,0.969822,1.000000,0.500000,ok,
T0206,/scratch/10992/liaorunlong93/casp16-leaderboard/runs/server_v2_attack_scoreable_input_repair_overlay_msa_reuse_protenix5_seed101_105/predictions/protenix-v2/T0206O/seed_102/predictions/T0206O_sample_0.cif,/scratch/10992/liaorunlong93/casp16-leaderboard/runs/server_v2_attack_scoreable_input_repair_overlay_msa_reuse_protenix5_seed101_105/predictions/protenix-v2/T0206O/seed_102/predictions/T0206O_summary_confidence_sample_0.json,/scratch/10992/liaorunlong93/casp16-leaderboard/runs/server_v2_attack_scoreable_input_repair_overlay_msa_reuse_protenix5_seed101_105/predictions/protenix-v2/T0206O/seed_102/predictions/T0206O_summary_confidence_sample_0.selection_qa.json,10,9,0.971367,1.000000,0.500000,ok,
T0206,/scratch/10992/liaorunlong93/casp16-leaderboard/runs/server_v2_attack_scoreable_input_repair_overlay_msa_reuse_protenix5_seed101_105/predictions/protenix-v2/T0206O/seed_103/predictions/T0206O_sample_0.cif,/scratch/10992/liaorunlong93/casp16-leaderboard/runs/server_v2_attack_scoreable_input_repair_overlay_msa_reuse_protenix5_seed101_105/predictions/protenix-v2/T0206O/seed_103/predictions/T0206O_summary_confidence_sample_0.json,/scratch/10992/liaorunlong93/casp16-leaderboard/runs/server_v2_attack_scoreable_input_repair_overlay_msa_reuse_protenix5_seed101_105/predictions/protenix-v2/T0206O/seed_103/predictions/T0206O_summary_confidence_sample_0.selection_qa.json,10,9,0.970211,1.000000,0.500000,ok,
T0206,/scratch/10992/liaorunlong93/casp16-leaderboard/runs/server_v2_attack_scoreable_input_repair_overlay_msa_reuse_protenix5_seed101_105/predictions/protenix-v2/T0206O/seed_104/predictions/T0206O_sample_0.cif,/scratch/10992/liaorunlong93/casp16-leaderboard/runs/server_v2_attack_scoreable_input_repair_overlay_msa_reuse_protenix5_seed101_105/predictions/protenix-v2/T0206O/seed_104/predictions/T0206O_summary_confidence_sample_0.json,/scratch/10992/liaorunlong93/casp16-leaderboard/runs/server_v2_attack_scoreable_input_repair_overlay_msa_reuse_protenix5_seed101_105/predictions/protenix-v2/T0206O/seed_104/predictions/T0206O_summary_confidence_sample_0.selection_qa.json,10,9,0.969011,1.000000,0.500000,ok,
T0206,/scratch/10992/liaorunlong93/casp16-leaderboard/runs/server_v2_attack_scoreable_input_repair_overlay_msa_reuse_protenix5_seed101_105/predictions/protenix-v2/T0206O/seed_105/predictions/T0206O_sample_0.cif,/scratch/10992/liaorunlong93/casp16-leaderboard/runs/server_v2_attack_scoreable_input_repair_overlay_msa_reuse_protenix5_seed101_105/predictions/protenix-v2/T0206O/seed_105/predictions/T0206O_summary_confidence_sample_0.json,/scratch/10992/liaorunlong93/casp16-leaderboard/runs/server_v2_attack_scoreable_input_repair_overlay_msa_reuse_protenix5_seed101_105/predictions/protenix-v2/T0206O/seed_105/predictions/T0206O_summary_confidence_sample_0.selection_qa.json,10,9,0.974722,1.000000,0.500000,ok,
T0234,/scratch/10992/liaorunlong93/casp16-leaderboard/runs/server_v2_attack_scoreable_input_repair_overlay_msa_reuse_protenix5_seed101_105/predictions/protenix-v2/T0234/seed_101/predictions/T0234_sample_0.cif,/scratch/10992/liaorunlong93/casp16-leaderboard/runs/server_v2_attack_scoreable_input_repair_overlay_msa_reuse_protenix5_seed101_105/predictions/protenix-v2/T0234/seed_101/predictions/T0234_summary_confidence_sample_0.json,/scratch/10992/liaorunlong93/casp16-leaderboard/runs/server_v2_attack_scoreable_input_repair_overlay_msa_reuse_protenix5_seed101_105/predictions/protenix-v2/T0234/seed_101/predictions/T0234_summary_confidence_sample_0.selection_qa.json,10,9,0.923633,1.000000,0.500000,ok,
T0234,/scratch/10992/liaorunlong93/casp16-leaderboard/runs/server_v2_attack_scoreable_input_repair_overlay_msa_reuse_protenix5_seed101_105/predictions/protenix-v2/T0234/seed_102/predictions/T0234_sample_0.cif,/scratch/10992/liaorunlong93/casp16-leaderboard/runs/server_v2_attack_scoreable_input_repair_overlay_msa_reuse_protenix5_seed101_105/predictions/protenix-v2/T0234/seed_102/predictions/T0234_summary_confidence_sample_0.json,/scratch/10992/liaorunlong93/casp16-leaderboard/runs/server_v2_attack_scoreable_input_repair_overlay_msa_reuse_protenix5_seed101_105/predictions/protenix-v2/T0234/seed_102/predictions/T0234_summary_confidence_sample_0.selection_qa.json,10,9,0.935889,1.000000,0.500000,ok,
T0234,/scratch/10992/liaorunlong93/casp16-leaderboard/runs/server_v2_attack_scoreable_input_repair_overlay_msa_reuse_protenix5_seed101_105/predictions/protenix-v2/T0234/seed_103/predictions/T0234_sample_0.cif,/scratch/10992/liaorunlong93/casp16-leaderboard/runs/server_v2_attack_scoreable_input_repair_overlay_msa_reuse_protenix5_seed101_105/predictions/protenix-v2/T0234/seed_103/predictions/T0234_summary_confidence_sample_0.json,/scratch/10992/liaorunlong93/casp16-leaderboard/runs/server_v2_attack_scoreable_input_repair_overlay_msa_reuse_protenix5_seed101_105/predictions/protenix-v2/T0234/seed_103/predictions/T0234_summary_confidence_sample_0.selection_qa.json,10,9,0.936344,1.000000,0.500000,ok,
T0234,/scratch/10992/liaorunlong93/casp16-leaderboard/runs/server_v2_attack_scoreable_input_repair_overlay_msa_reuse_protenix5_seed101_105/predictions/protenix-v2/T0234/seed_104/predictions/T0234_sample_0.cif,/scratch/10992/liaorunlong93/casp16-leaderboard/runs/server_v2_attack_scoreable_input_repair_overlay_msa_reuse_protenix5_seed101_105/predictions/protenix-v2/T0234/seed_104/predictions/T0234_summary_confidence_sample_0.json,/scratch/10992/liaorunlong93/casp16-leaderboard/runs/server_v2_attack_scoreable_input_repair_overlay_msa_reuse_protenix5_seed101_105/predictions/protenix-v2/T0234/seed_104/predictions/T0234_summary_confidence_sample_0.selection_qa.json,10,9,0.930544,1.000000,0.500000,ok,
T0234,/scratch/10992/liaorunlong93/casp16-leaderboard/runs/server_v2_attack_scoreable_input_repair_overlay_msa_reuse_protenix5_seed101_105/predictions/protenix-v2/T0234/seed_105/predictions/T0234_sample_0.cif,/scratch/10992/liaorunlong93/casp16-leaderboard/runs/server_v2_attack_scoreable_input_repair_overlay_msa_reuse_protenix5_seed101_105/predictions/protenix-v2/T0234/seed_105/predictions/T0234_summary_confidence_sample_0.json,/scratch/10992/liaorunlong93/casp16-leaderboard/runs/server_v2_attack_scoreable_input_repair_overlay_msa_reuse_protenix5_seed101_105/predictions/protenix-v2/T0234/seed_105/predictions/T0234_summary_confidence_sample_0.selection_qa.json,10,9,0.943889,1.000000,0.500000,ok,
T0234,/scratch/10992/liaorunlong93/casp16-leaderboard/runs/server_v2_attack_scoreable_input_repair_overlay_msa_reuse_protenix5_seed101_105/predictions/protenix-v2/T0234O/seed_101/predictions/T0234O_sample_0.cif,/scratch/10992/liaorunlong93/casp16-leaderboard/runs/server_v2_attack_scoreable_input_repair_overlay_msa_reuse_protenix5_seed101_105/predictions/protenix-v2/T0234O/seed_101/predictions/T0234O_summary_confidence_sample_0.json,/scratch/10992/liaorunlong93/casp16-leaderboard/runs/server_v2_attack_scoreable_input_repair_overlay_msa_reuse_protenix5_seed101_105/predictions/protenix-v2/T0234O/seed_101/predictions/T0234O_summary_confidence_sample_0.selection_qa.json,10,9,0.942578,1.000000,0.500000,ok,
T0234,/scratch/10992/liaorunlong93/casp16-leaderboard/runs/server_v2_attack_scoreable_input_repair_overlay_msa_reuse_protenix5_seed101_105/predictions/protenix-v2/T0234O/seed_102/predictions/T0234O_sample_0.cif,/scratch/10992/liaorunlong93/casp16-leaderboard/runs/server_v2_attack_scoreable_input_repair_overlay_msa_reuse_protenix5_seed101_105/predictions/protenix-v2/T0234O/seed_102/predictions/T0234O_summary_confidence_sample_0.json,/scratch/10992/liaorunlong93/casp16-leaderboard/runs/server_v2_attack_scoreable_input_repair_overlay_msa_reuse_protenix5_seed101_105/predictions/protenix-v2/T0234O/seed_102/predictions/T0234O_summary_confidence_sample_0.selection_qa.json,10,9,0.936789,1.000000,0.500000,ok,
T0234,/scratch/10992/liaorunlong93/casp16-leaderboard/runs/server_v2_attack_scoreable_input_repair_overlay_msa_reuse_protenix5_seed101_105/predictions/protenix-v2/T0234O/seed_103/predictions/T0234O_sample_0.cif,/scratch/10992/liaorunlong93/casp16-leaderboard/runs/server_v2_attack_scoreable_input_repair_overlay_msa_reuse_protenix5_seed101_105/predictions/protenix-v2/T0234O/seed_103/predictions/T0234O_summary_confidence_sample_0.json,/scratch/10992/liaorunlong93/casp16-leaderboard/runs/server_v2_attack_scoreable_input_repair_overlay_msa_reuse_protenix5_seed101_105/predictions/protenix-v2/T0234O/seed_103/predictions/T0234O_summary_confidence_sample_0.selection_qa.json,10,9,0.917033,1.000000,0.500000,ok,
T0234,/scratch/10992/liaorunlong93/casp16-leaderboard/runs/server_v2_attack_scoreable_input_repair_overlay_msa_reuse_protenix5_seed101_105/predictions/protenix-v2/T0234O/seed_104/predictions/T0234O_sample_0.cif,/scratch/10992/liaorunlong93/casp16-leaderboard/runs/server_v2_attack_scoreable_input_repair_overlay_msa_reuse_protenix5_seed101_105/predictions/protenix-v2/T0234O/seed_104/predictions/T0234O_summary_confidence_sample_0.json,/scratch/10992/liaorunlong93/casp16-leaderboard/runs/server_v2_attack_scoreable_input_repair_overlay_msa_reuse_protenix5_seed101_105/predictions/protenix-v2/T0234O/seed_104/predictions/T0234O_summary_confidence_sample_0.selection_qa.json,10,9,0.918478,1.000000,0.500000,ok,
T0234,/scratch/10992/liaorunlong93/casp16-leaderboard/runs/server_v2_attack_scoreable_input_repair_overlay_msa_reuse_protenix5_seed101_105/predictions/protenix-v2/T0234O/seed_105/predictions/T0234O_sample_0.cif,/scratch/10992/liaorunlong93/casp16-leaderboard/runs/server_v2_attack_scoreable_input_repair_overlay_msa_reuse_protenix5_seed101_105/predictions/protenix-v2/T0234O/seed_105/predictions/T0234O_summary_confidence_sample_0.json,/scratch/10992/liaorunlong93/casp16-leaderboard/runs/server_v2_attack_scoreable_input_repair_overlay_msa_reuse_protenix5_seed101_105/predictions/protenix-v2/T0234O/seed_105/predictions/T0234O_summary_confidence_sample_0.selection_qa.json,10,9,0.819356,1.000000,0.500000,ok,
T0235,/scratch/10992/liaorunlong93/casp16-leaderboard/runs/server_v2_attack_scoreable_input_repair_overlay_msa_reuse_protenix5_seed101_105/predictions/protenix-v2/T0235/seed_101/predictions/T0235_sample_0.cif,/scratch/10992/liaorunlong93/casp16-leaderboard/runs/server_v2_attack_scoreable_input_repair_overlay_msa_reuse_protenix5_seed101_105/predictions/protenix-v2/T0235/seed_101/predictions/T0235_summary_confidence_sample_0.json,/scratch/10992/liaorunlong93/casp16-leaderboard/runs/server_v2_attack_scoreable_input_repair_overlay_msa_reuse_protenix5_seed101_105/predictions/protenix-v2/T0235/seed_101/predictions/T0235_summary_confidence_sample_0.selection_qa.json,10,9,0.916289,1.000000,0.500000,ok,
T0235,/scratch/10992/liaorunlong93/casp16-leaderboard/runs/server_v2_attack_scoreable_input_repair_overlay_msa_reuse_protenix5_seed101_105/predictions/protenix-v2/T0235/seed_102/predictions/T0235_sample_0.cif,/scratch/10992/liaorunlong93/casp16-leaderboard/runs/server_v2_attack_scoreable_input_repair_overlay_msa_reuse_protenix5_seed101_105/predictions/protenix-v2/T0235/seed_102/predictions/T0235_summary_confidence_sample_0.json,/scratch/10992/liaorunlong93/casp16-leaderboard/runs/server_v2_attack_scoreable_input_repair_overlay_msa_reuse_protenix5_seed101_105/predictions/protenix-v2/T0235/seed_102/predictions/T0235_summary_confidence_sample_0.selection_qa.json,10,9,0.911811,1.000000,0.500000,ok,
T0235,/scratch/10992/liaorunlong93/casp16-leaderboard/runs/server_v2_attack_scoreable_input_repair_overlay_msa_reuse_protenix5_seed101_105/predictions/protenix-v2/T0235/seed_103/predictions/T0235_sample_0.cif,/scratch/10992/liaorunlong93/casp16-leaderboard/runs/server_v2_attack_scoreable_input_repair_overlay_msa_reuse_protenix5_seed101_105/predictions/protenix-v2/T0235/seed_103/predictions/T0235_summary_confidence_sample_0.json,/scratch/10992/liaorunlong93/casp16-leaderboard/runs/server_v2_attack_scoreable_input_repair_overlay_msa_reuse_protenix5_seed101_105/predictions/protenix-v2/T0235/seed_103/predictions/T0235_summary_confidence_sample_0.selection_qa.json,10,9,0.950367,1.000000,0.500000,ok,
T0235,/scratch/10992/liaorunlong93/casp16-leaderboard/runs/server_v2_attack_scoreable_input_repair_overlay_msa_reuse_protenix5_seed101_105/predictions/protenix-v2/T0235/seed_104/predictions/T0235_sample_0.cif,/scratch/10992/liaorunlong93/casp16-leaderboard/runs/server_v2_attack_scoreable_input_repair_overlay_msa_reuse_protenix5_seed101_105/predictions/protenix-v2/T0235/seed_104/predictions/T0235_summary_confidence_sample_0.json,/scratch/10992/liaorunlong93/casp16-leaderboard/runs/server_v2_attack_scoreable_input_repair_overlay_msa_reuse_protenix5_seed101_105/predictions/protenix-v2/T0235/seed_104/predictions/T0235_summary_confidence_sample_0.selection_qa.json,10,9,0.933989,1.000000,0.500000,ok,
T0235,/scratch/10992/liaorunlong93/casp16-leaderboard/runs/server_v2_attack_scoreable_input_repair_overlay_msa_reuse_protenix5_seed101_105/predictions/protenix-v2/T0235/seed_105/predictions/T0235_sample_0.cif,/scratch/10992/liaorunlong93/casp16-leaderboard/runs/server_v2_attack_scoreable_input_repair_overlay_msa_reuse_protenix5_seed101_105/predictions/protenix-v2/T0235/seed_105/predictions/T0235_summary_confidence_sample_0.json,/scratch/10992/liaorunlong93/casp16-leaderboard/runs/server_v2_attack_scoreable_input_repair_overlay_msa_reuse_protenix5_seed101_105/predictions/protenix-v2/T0235/seed_105/predictions/T0235_summary_confidence_sample_0.selection_qa.json,10,9,0.947444,1.000000,0.500000,ok,
T0235,/scratch/10992/liaorunlong93/casp16-leaderboard/runs/server_v2_attack_scoreable_input_repair_overlay_msa_reuse_protenix5_seed101_105/predictions/protenix-v2/T0235O/seed_101/predictions/T0235O_sample_0.cif,/scratch/10992/liaorunlong93/casp16-leaderboard/runs/server_v2_attack_scoreable_input_repair_overlay_msa_reuse_protenix5_seed101_105/predictions/protenix-v2/T0235O/seed_101/predictions/T0235O_summary_confidence_sample_0.json,/scratch/10992/liaorunlong93/casp16-leaderboard/runs/server_v2_attack_scoreable_input_repair_overlay_msa_reuse_protenix5_seed101_105/predictions/protenix-v2/T0235O/seed_101/predictions/T0235O_summary_confidence_sample_0.selection_qa.json,10,9,0.915678,1.000000,0.500000,ok,
T0235,/scratch/10992/liaorunlong93/casp16-leaderboard/runs/server_v2_attack_scoreable_input_repair_overlay_msa_reuse_protenix5_seed101_105/predictions/protenix-v2/T0235O/seed_102/predictions/T0235O_sample_0.cif,/scratch/10992/liaorunlong93/casp16-leaderboard/runs/server_v2_attack_scoreable_input_repair_overlay_msa_reuse_protenix5_seed101_105/predictions/protenix-v2/T0235O/seed_102/predictions/T0235O_summary_confidence_sample_0.json,/scratch/10992/liaorunlong93/casp16-leaderboard/runs/server_v2_attack_scoreable_input_repair_overlay_msa_reuse_protenix5_seed101_105/predictions/protenix-v2/T0235O/seed_102/predictions/T0235O_summary_confidence_sample_0.selection_qa.json,10,9,0.945900,1.000000,0.500000,ok,
T0235,/scratch/10992/liaorunlong93/casp16-leaderboard/runs/server_v2_attack_scoreable_input_repair_overlay_msa_reuse_protenix5_seed101_105/predictions/protenix-v2/T0235O/seed_103/predictions/T0235O_sample_0.cif,/scratch/10992/liaorunlong93/casp16-leaderboard/runs/server_v2_attack_scoreable_input_repair_overlay_msa_reuse_protenix5_seed101_105/predictions/protenix-v2/T0235O/seed_103/predictions/T0235O_summary_confidence_sample_0.json,/scratch/10992/liaorunlong93/casp16-leaderboard/runs/server_v2_attack_scoreable_input_repair_overlay_msa_reuse_protenix5_seed101_105/predictions/protenix-v2/T0235O/seed_103/predictions/T0235O_summary_confidence_sample_0.selection_qa.json,10,9,0.948611,1.000000,0.500000,ok,
T0235,/scratch/10992/liaorunlong93/casp16-leaderboard/runs/server_v2_attack_scoreable_input_repair_overlay_msa_reuse_protenix5_seed101_105/predictions/protenix-v2/T0235O/seed_104/predictions/T0235O_sample_0.cif,/scratch/10992/liaorunlong93/casp16-leaderboard/runs/server_v2_attack_scoreable_input_repair_overlay_msa_reuse_protenix5_seed101_105/predictions/protenix-v2/T0235O/seed_104/predictions/T0235O_summary_confidence_sample_0.json,/scratch/10992/liaorunlong93/casp16-leaderboard/runs/server_v2_attack_scoreable_input_repair_overlay_msa_reuse_protenix5_seed101_105/predictions/protenix-v2/T0235O/seed_104/predictions/T0235O_summary_confidence_sample_0.selection_qa.json,10,9,0.944133,1.000000,0.500000,ok,
T0235,/scratch/10992/liaorunlong93/casp16-leaderboard/runs/server_v2_attack_scoreable_input_repair_overlay_msa_reuse_protenix5_seed101_105/predictions/protenix-v2/T0235O/seed_105/predictions/T0235O_sample_0.cif,/scratch/10992/liaorunlong93/casp16-leaderboard/runs/server_v2_attack_scoreable_input_repair_overlay_msa_reuse_protenix5_seed101_105/predictions/protenix-v2/T0235O/seed_105/predictions/T0235O_summary_confidence_sample_0.json,/scratch/10992/liaorunlong93/casp16-leaderboard/runs/server_v2_attack_scoreable_input_repair_overlay_msa_reuse_protenix5_seed101_105/predictions/protenix-v2/T0235O/seed_105/predictions/T0235O_summary_confidence_sample_0.selection_qa.json,10,9,0.896244,1.000000,0.500000,ok,
T1201,/scratch/10992/liaorunlong93/casp16-leaderboard/runs/server_v2_attack_scoreable_input_repair_overlay_msa_reuse_protenix5_seed101_105/predictions/protenix-v2/T1201/seed_101/predictions/T1201_sample_0.cif,/scratch/10992/liaorunlong93/casp16-leaderboard/runs/server_v2_attack_scoreable_input_repair_overlay_msa_reuse_protenix5_seed101_105/predictions/protenix-v2/T1201/seed_101/predictions/T1201_summary_confidence_sample_0.json,/scratch/10992/liaorunlong93/casp16-leaderboard/runs/server_v2_attack_scoreable_input_repair_overlay_msa_reuse_protenix5_seed101_105/predictions/protenix-v2/T1201/seed_101/predictions/T1201_summary_confidence_sample_0.selection_qa.json,10,9,0.714611,1.000000,0.500000,ok,
T1201,/scratch/10992/liaorunlong93/casp16-leaderboard/runs/server_v2_attack_scoreable_input_repair_overlay_msa_reuse_protenix5_seed101_105/predictions/protenix-v2/T1201/seed_102/predictions/T1201_sample_0.cif,/scratch/10992/liaorunlong93/casp16-leaderboard/runs/server_v2_attack_scoreable_input_repair_overlay_msa_reuse_protenix5_seed101_105/predictions/protenix-v2/T1201/seed_102/predictions/T1201_summary_confidence_sample_0.json,/scratch/10992/liaorunlong93/casp16-leaderboard/runs/server_v2_attack_scoreable_input_repair_overlay_msa_reuse_protenix5_seed101_105/predictions/protenix-v2/T1201/seed_102/predictions/T1201_summary_confidence_sample_0.selection_qa.json,10,9,0.672667,1.000000,0.500000,ok,
T1201,/scratch/10992/liaorunlong93/casp16-leaderboard/runs/server_v2_attack_scoreable_input_repair_overlay_msa_reuse_protenix5_seed101_105/predictions/protenix-v2/T1201/seed_103/predictions/T1201_sample_0.cif,/scratch/10992/liaorunlong93/casp16-leaderboard/runs/server_v2_attack_scoreable_input_repair_overlay_msa_reuse_protenix5_seed101_105/predictions/protenix-v2/T1201/seed_103/predictions/T1201_summary_confidence_sample_0.json,/scratch/10992/liaorunlong93/casp16-leaderboard/runs/server_v2_attack_scoreable_input_repair_overlay_msa_reuse_protenix5_seed101_105/predictions/protenix-v2/T1201/seed_103/predictions/T1201_summary_confidence_sample_0.selection_qa.json,10,9,0.697056,1.000000,0.500000,ok,
T1201,/scratch/10992/liaorunlong93/casp16-leaderboard/runs/server_v2_attack_scoreable_input_repair_overlay_msa_reuse_protenix5_seed101_105/predictions/protenix-v2/T1201/seed_104/predictions/T1201_sample_0.cif,/scratch/10992/liaorunlong93/casp16-leaderboard/runs/server_v2_attack_scoreable_input_repair_overlay_msa_reuse_protenix5_seed101_105/predictions/protenix-v2/T1201/seed_104/predictions/T1201_summary_confidence_sample_0.json,/scratch/10992/liaorunlong93/casp16-leaderboard/runs/server_v2_attack_scoreable_input_repair_overlay_msa_reuse_protenix5_seed101_105/predictions/protenix-v2/T1201/seed_104/predictions/T1201_summary_confidence_sample_0.selection_qa.json,10,9,0.730856,1.000000,0.500000,ok,
T1201,/scratch/10992/liaorunlong93/casp16-leaderboard/runs/server_v2_attack_scoreable_input_repair_overlay_msa_reuse_protenix5_seed101_105/predictions/protenix-v2/T1201/seed_105/predictions/T1201_sample_0.cif,/scratch/10992/liaorunlong93/casp16-leaderboard/runs/server_v2_attack_scoreable_input_repair_overlay_msa_reuse_protenix5_seed101_105/predictions/protenix-v2/T1201/seed_105/predictions/T1201_summary_confidence_sample_0.json,/scratch/10992/liaorunlong93/casp16-leaderboard/runs/server_v2_attack_scoreable_input_repair_overlay_msa_reuse_protenix5_seed101_105/predictions/protenix-v2/T1201/seed_105/predictions/T1201_summary_confidence_sample_0.selection_qa.json,10,9,0.827489,1.000000,0.500000,ok,
T1201,/scratch/10992/liaorunlong93/casp16-leaderboard/runs/server_v2_attack_scoreable_input_repair_overlay_msa_reuse_protenix5_seed101_105/predictions/protenix-v2/T1201O/seed_101/predictions/T1201O_sample_0.cif,/scratch/10992/liaorunlong93/casp16-leaderboard/runs/server_v2_attack_scoreable_input_repair_overlay_msa_reuse_protenix5_seed101_105/predictions/protenix-v2/T1201O/seed_101/predictions/T1201O_summary_confidence_sample_0.json,/scratch/10992/liaorunlong93/casp16-leaderboard/runs/server_v2_attack_scoreable_input_repair_overlay_msa_reuse_protenix5_seed101_105/predictions/protenix-v2/T1201O/seed_101/predictions/T1201O_summary_confidence_sample_0.selection_qa.json,10,9,0.825678,1.000000,0.500000,ok,
T1201,/scratch/10992/liaorunlong93/casp16-leaderboard/runs/server_v2_attack_scoreable_input_repair_overlay_msa_reuse_protenix5_seed101_105/predictions/protenix-v2/T1201O/seed_102/predictions/T1201O_sample_0.cif,/scratch/10992/liaorunlong93/casp16-leaderboard/runs/server_v2_attack_scoreable_input_repair_overlay_msa_reuse_protenix5_seed101_105/predictions/protenix-v2/T1201O/seed_102/predictions/T1201O_summary_confidence_sample_0.json,/scratch/10992/liaorunlong93/casp16-leaderboard/runs/server_v2_attack_scoreable_input_repair_overlay_msa_reuse_protenix5_seed101_105/predictions/protenix-v2/T1201O/seed_102/predictions/T1201O_summary_confidence_sample_0.selection_qa.json,10,9,0.822456,1.000000,0.500000,ok,
T1201,/scratch/10992/liaorunlong93/casp16-leaderboard/runs/server_v2_attack_scoreable_input_repair_overlay_msa_reuse_protenix5_seed101_105/predictions/protenix-v2/T1201O/seed_103/predictions/T1201O_sample_0.cif,/scratch/10992/liaorunlong93/casp16-leaderboard/runs/server_v2_attack_scoreable_input_repair_overlay_msa_reuse_protenix5_seed101_105/predictions/protenix-v2/T1201O/seed_103/predictions/T1201O_summary_confidence_sample_0.json,/scratch/10992/liaorunlong93/casp16-leaderboard/runs/server_v2_attack_scoreable_input_repair_overlay_msa_reuse_protenix5_seed101_105/predictions/protenix-v2/T1201O/seed_103/predictions/T1201O_summary_confidence_sample_0.selection_qa.json,10,9,0.824300,1.000000,0.500000,ok,
T1201,/scratch/10992/liaorunlong93/casp16-leaderboard/runs/server_v2_attack_scoreable_input_repair_overlay_msa_reuse_protenix5_seed101_105/predictions/protenix-v2/T1201O/seed_104/predictions/T1201O_sample_0.cif,/scratch/10992/liaorunlong93/casp16-leaderboard/runs/server_v2_attack_scoreable_input_repair_overlay_msa_reuse_protenix5_seed101_105/predictions/protenix-v2/T1201O/seed_104/predictions/T1201O_summary_confidence_sample_0.json,/scratch/10992/liaorunlong93/casp16-leaderboard/runs/server_v2_attack_scoreable_input_repair_overlay_msa_reuse_protenix5_seed101_105/predictions/protenix-v2/T1201O/seed_104/predictions/T1201O_summary_confidence_sample_0.selection_qa.json,10,9,0.836700,1.000000,0.500000,ok,
T1201,/scratch/10992/liaorunlong93/casp16-leaderboard/runs/server_v2_attack_scoreable_input_repair_overlay_msa_reuse_protenix5_seed101_105/predictions/protenix-v2/T1201O/seed_105/predictions/T1201O_sample_0.cif,/scratch/10992/liaorunlong93/casp16-leaderboard/runs/server_v2_attack_scoreable_input_repair_overlay_msa_reuse_protenix5_seed101_105/predictions/protenix-v2/T1201O/seed_105/predictions/T1201O_summary_confidence_sample_0.json,/scratch/10992/liaorunlong93/casp16-leaderboard/runs/server_v2_attack_scoreable_input_repair_overlay_msa_reuse_protenix5_seed101_105/predictions/protenix-v2/T1201O/seed_105/predictions/T1201O_summary_confidence_sample_0.selection_qa.json,10,9,0.834589,1.000000,0.500000,ok,
T1206,/scratch/10992/liaorunlong93/casp16-leaderboard/runs/server_v2_attack_scoreable_input_repair_overlay_msa_reuse_protenix5_seed101_105/predictions/protenix-v2/T1206/seed_101/predictions/T1206_sample_0.cif,/scratch/10992/liaorunlong93/casp16-leaderboard/runs/server_v2_attack_scoreable_input_repair_overlay_msa_reuse_protenix5_seed101_105/predictions/protenix-v2/T1206/seed_101/predictions/T1206_summary_confidence_sample_0.json,/scratch/10992/liaorunlong93/casp16-leaderboard/runs/server_v2_attack_scoreable_input_repair_overlay_msa_reuse_protenix5_seed101_105/predictions/protenix-v2/T1206/seed_101/predictions/T1206_summary_confidence_sample_0.selection_qa.json,10,9,0.958233,1.000000,0.500000,ok,
T1206,/scratch/10992/liaorunlong93/casp16-leaderboard/runs/server_v2_attack_scoreable_input_repair_overlay_msa_reuse_protenix5_seed101_105/predictions/protenix-v2/T1206/seed_102/predictions/T1206_sample_0.cif,/scratch/10992/liaorunlong93/casp16-leaderboard/runs/server_v2_attack_scoreable_input_repair_overlay_msa_reuse_protenix5_seed101_105/predictions/protenix-v2/T1206/seed_102/predictions/T1206_summary_confidence_sample_0.json,/scratch/10992/liaorunlong93/casp16-leaderboard/runs/server_v2_attack_scoreable_input_repair_overlay_msa_reuse_protenix5_seed101_105/predictions/protenix-v2/T1206/seed_102/predictions/T1206_summary_confidence_sample_0.selection_qa.json,10,9,0.969556,1.000000,0.500000,ok,
T1206,/scratch/10992/liaorunlong93/casp16-leaderboard/runs/server_v2_attack_scoreable_input_repair_overlay_msa_reuse_protenix5_seed101_105/predictions/protenix-v2/T1206/seed_103/predictions/T1206_sample_0.cif,/scratch/10992/liaorunlong93/casp16-leaderboard/runs/server_v2_attack_scoreable_input_repair_overlay_msa_reuse_protenix5_seed101_105/predictions/protenix-v2/T1206/seed_103/predictions/T1206_summary_confidence_sample_0.json,/scratch/10992/liaorunlong93/casp16-leaderboard/runs/server_v2_attack_scoreable_input_repair_overlay_msa_reuse_protenix5_seed101_105/predictions/protenix-v2/T1206/seed_103/predictions/T1206_summary_confidence_sample_0.selection_qa.json,10,9,0.971389,1.000000,0.500000,ok,
T1206,/scratch/10992/liaorunlong93/casp16-leaderboard/runs/server_v2_attack_scoreable_input_repair_overlay_msa_reuse_protenix5_seed101_105/predictions/protenix-v2/T1206/seed_104/predictions/T1206_sample_0.cif,/scratch/10992/liaorunlong93/casp16-leaderboard/runs/server_v2_attack_scoreable_input_repair_overlay_msa_reuse_protenix5_seed101_105/predictions/protenix-v2/T1206/seed_104/predictions/T1206_summary_confidence_sample_0.json,/scratch/10992/liaorunlong93/casp16-leaderboard/runs/server_v2_attack_scoreable_input_repair_overlay_msa_reuse_protenix5_seed101_105/predictions/protenix-v2/T1206/seed_104/predictions/T1206_summary_confidence_sample_0.selection_qa.json,10,9,0.932100,1.000000,0.500000,ok,
T1206,/scratch/10992/liaorunlong93/casp16-leaderboard/runs/server_v2_attack_scoreable_input_repair_overlay_msa_reuse_protenix5_seed101_105/predictions/protenix-v2/T1206/seed_105/predictions/T1206_sample_0.cif,/scratch/10992/liaorunlong93/casp16-leaderboard/runs/server_v2_attack_scoreable_input_repair_overlay_msa_reuse_protenix5_seed101_105/predictions/protenix-v2/T1206/seed_105/predictions/T1206_summary_confidence_sample_0.json,/scratch/10992/liaorunlong93/casp16-leaderboard/runs/server_v2_attack_scoreable_input_repair_overlay_msa_reuse_protenix5_seed101_105/predictions/protenix-v2/T1206/seed_105/predictions/T1206_summary_confidence_sample_0.selection_qa.json,10,9,0.962433,1.000000,0.500000,ok,
T1206,/scratch/10992/liaorunlong93/casp16-leaderboard/runs/server_v2_attack_scoreable_input_repair_overlay_msa_reuse_protenix5_seed101_105/predictions/protenix-v2/T1206O/seed_101/predictions/T1206O_sample_0.cif,/scratch/10992/liaorunlong93/casp16-leaderboard/runs/server_v2_attack_scoreable_input_repair_overlay_msa_reuse_protenix5_seed101_105/predictions/protenix-v2/T1206O/seed_101/predictions/T1206O_summary_confidence_sample_0.json,/scratch/10992/liaorunlong93/casp16-leaderboard/runs/server_v2_attack_scoreable_input_repair_overlay_msa_reuse_protenix5_seed101_105/predictions/protenix-v2/T1206O/seed_101/predictions/T1206O_summary_confidence_sample_0.selection_qa.json,10,9,0.968111,1.000000,0.500000,ok,
T1206,/scratch/10992/liaorunlong93/casp16-leaderboard/runs/server_v2_attack_scoreable_input_repair_overlay_msa_reuse_protenix5_seed101_105/predictions/protenix-v2/T1206O/seed_102/predictions/T1206O_sample_0.cif,/scratch/10992/liaorunlong93/casp16-leaderboard/runs/server_v2_attack_scoreable_input_repair_overlay_msa_reuse_protenix5_seed101_105/predictions/protenix-v2/T1206O/seed_102/predictions/T1206O_summary_confidence_sample_0.json,/scratch/10992/liaorunlong93/casp16-leaderboard/runs/server_v2_attack_scoreable_input_repair_overlay_msa_reuse_protenix5_seed101_105/predictions/protenix-v2/T1206O/seed_102/predictions/T1206O_summary_confidence_sample_0.selection_qa.json,10,9,0.970744,1.000000,0.500000,ok,
T1206,/scratch/10992/liaorunlong93/casp16-leaderboard/runs/server_v2_attack_scoreable_input_repair_overlay_msa_reuse_protenix5_seed101_105/predictions/protenix-v2/T1206O/seed_103/predictions/T1206O_sample_0.cif,/scratch/10992/liaorunlong93/casp16-leaderboard/runs/server_v2_attack_scoreable_input_repair_overlay_msa_reuse_protenix5_seed101_105/predictions/protenix-v2/T1206O/seed_103/predictions/T1206O_summary_confidence_sample_0.json,/scratch/10992/liaorunlong93/casp16-leaderboard/runs/server_v2_attack_scoreable_input_repair_overlay_msa_reuse_protenix5_seed101_105/predictions/protenix-v2/T1206O/seed_103/predictions/T1206O_summary_confidence_sample_0.selection_qa.json,10,9,0.970500,1.000000,0.500000,ok,
T1206,/scratch/10992/liaorunlong93/casp16-leaderboard/runs/server_v2_attack_scoreable_input_repair_overlay_msa_reuse_protenix5_seed101_105/predictions/protenix-v2/T1206O/seed_104/predictions/T1206O_sample_0.cif,/scratch/10992/liaorunlong93/casp16-leaderboard/runs/server_v2_attack_scoreable_input_repair_overlay_msa_reuse_protenix5_seed101_105/predictions/protenix-v2/T1206O/seed_104/predictions/T1206O_summary_confidence_sample_0.json,/scratch/10992/liaorunlong93/casp16-leaderboard/runs/server_v2_attack_scoreable_input_repair_overlay_msa_reuse_protenix5_seed101_105/predictions/protenix-v2/T1206O/seed_104/predictions/T1206O_summary_confidence_sample_0.selection_qa.json,10,9,0.966022,1.000000,0.500000,ok,
T1206,/scratch/10992/liaorunlong93/casp16-leaderboard/runs/server_v2_attack_scoreable_input_repair_overlay_msa_reuse_protenix5_seed101_105/predictions/protenix-v2/T1206O/seed_105/predictions/T1206O_sample_0.cif,/scratch/10992/liaorunlong93/casp16-leaderboard/runs/server_v2_attack_scoreable_input_repair_overlay_msa_reuse_protenix5_seed101_105/predictions/protenix-v2/T1206O/seed_105/predictions/T1206O_summary_confidence_sample_0.json,/scratch/10992/liaorunlong93/casp16-leaderboard/runs/server_v2_attack_scoreable_input_repair_overlay_msa_reuse_protenix5_seed101_105/predictions/protenix-v2/T1206O/seed_105/predictions/T1206O_summary_confidence_sample_0.selection_qa.json,10,9,0.973489,1.000000,0.500000,ok,
T1210,/scratch/10992/liaorunlong93/casp16-leaderboard/runs/server_v2_attack_scoreable_input_repair_overlay_msa_reuse_protenix5_seed101_105/predictions/protenix-v2/T1210/seed_101/predictions/T1210_sample_0.cif,/scratch/10992/liaorunlong93/casp16-leaderboard/runs/server_v2_attack_scoreable_input_repair_overlay_msa_reuse_protenix5_seed101_105/predictions/protenix-v2/T1210/seed_101/predictions/T1210_summary_confidence_sample_0.json,/scratch/10992/liaorunlong93/casp16-leaderboard/runs/server_v2_attack_scoreable_input_repair_overlay_msa_reuse_protenix5_seed101_105/predictions/protenix-v2/T1210/seed_101/predictions/T1210_summary_confidence_sample_0.selection_qa.json,5,4,0.966600,1.000000,0.500000,ok,
T1210,/scratch/10992/liaorunlong93/casp16-leaderboard/runs/server_v2_attack_scoreable_input_repair_overlay_msa_reuse_protenix5_seed101_105/predictions/protenix-v2/T1210/seed_102/predictions/T1210_sample_0.cif,/scratch/10992/liaorunlong93/casp16-leaderboard/runs/server_v2_attack_scoreable_input_repair_overlay_msa_reuse_protenix5_seed101_105/predictions/protenix-v2/T1210/seed_102/predictions/T1210_summary_confidence_sample_0.json,/scratch/10992/liaorunlong93/casp16-leaderboard/runs/server_v2_attack_scoreable_input_repair_overlay_msa_reuse_protenix5_seed101_105/predictions/protenix-v2/T1210/seed_102/predictions/T1210_summary_confidence_sample_0.selection_qa.json,5,4,0.964500,1.000000,0.500000,ok,
T1210,/scratch/10992/liaorunlong93/casp16-leaderboard/runs/server_v2_attack_scoreable_input_repair_overlay_msa_reuse_protenix5_seed101_105/predictions/protenix-v2/T1210/seed_103/predictions/T1210_sample_0.cif,/scratch/10992/liaorunlong93/casp16-leaderboard/runs/server_v2_attack_scoreable_input_repair_overlay_msa_reuse_protenix5_seed101_105/predictions/protenix-v2/T1210/seed_103/predictions/T1210_summary_confidence_sample_0.json,/scratch/10992/liaorunlong93/casp16-leaderboard/runs/server_v2_attack_scoreable_input_repair_overlay_msa_reuse_protenix5_seed101_105/predictions/protenix-v2/T1210/seed_103/predictions/T1210_summary_confidence_sample_0.selection_qa.json,5,4,0.968625,1.000000,0.500000,ok,
T1210,/scratch/10992/liaorunlong93/casp16-leaderboard/runs/server_v2_attack_scoreable_input_repair_overlay_msa_reuse_protenix5_seed101_105/predictions/protenix-v2/T1210/seed_104/predictions/T1210_sample_0.cif,/scratch/10992/liaorunlong93/casp16-leaderboard/runs/server_v2_attack_scoreable_input_repair_overlay_msa_reuse_protenix5_seed101_105/predictions/protenix-v2/T1210/seed_104/predictions/T1210_summary_confidence_sample_0.json,/scratch/10992/liaorunlong93/casp16-leaderboard/runs/server_v2_attack_scoreable_input_repair_overlay_msa_reuse_protenix5_seed101_105/predictions/protenix-v2/T1210/seed_104/predictions/T1210_summary_confidence_sample_0.selection_qa.json,5,4,0.965200,1.000000,0.500000,ok,
T1210,/scratch/10992/liaorunlong93/casp16-leaderboard/runs/server_v2_attack_scoreable_input_repair_overlay_msa_reuse_protenix5_seed101_105/predictions/protenix-v2/T1210/seed_105/predictions/T1210_sample_0.cif,/scratch/10992/liaorunlong93/casp16-leaderboard/runs/server_v2_attack_scoreable_input_repair_overlay_msa_reuse_protenix5_seed101_105/predictions/protenix-v2/T1210/seed_105/predictions/T1210_summary_confidence_sample_0.json,/scratch/10992/liaorunlong93/casp16-leaderboard/runs/server_v2_attack_scoreable_input_repair_overlay_msa_reuse_protenix5_seed101_105/predictions/protenix-v2/T1210/seed_105/predictions/T1210_summary_confidence_sample_0.selection_qa.json,5,4,0.957475,1.000000,0.500000,ok,
T1234,/scratch/10992/liaorunlong93/casp16-leaderboard/runs/server_v2_attack_scoreable_input_repair_overlay_msa_reuse_protenix5_seed101_105/predictions/protenix-v2/T1234/seed_101/predictions/T1234_sample_0.cif,/scratch/10992/liaorunlong93/casp16-leaderboard/runs/server_v2_attack_scoreable_input_repair_overlay_msa_reuse_protenix5_seed101_105/predictions/protenix-v2/T1234/seed_101/predictions/T1234_summary_confidence_sample_0.json,/scratch/10992/liaorunlong93/casp16-leaderboard/runs/server_v2_attack_scoreable_input_repair_overlay_msa_reuse_protenix5_seed101_105/predictions/protenix-v2/T1234/seed_101/predictions/T1234_summary_confidence_sample_0.selection_qa.json,10,9,0.891678,1.000000,0.500000,ok,
T1234,/scratch/10992/liaorunlong93/casp16-leaderboard/runs/server_v2_attack_scoreable_input_repair_overlay_msa_reuse_protenix5_seed101_105/predictions/protenix-v2/T1234/seed_102/predictions/T1234_sample_0.cif,/scratch/10992/liaorunlong93/casp16-leaderboard/runs/server_v2_attack_scoreable_input_repair_overlay_msa_reuse_protenix5_seed101_105/predictions/protenix-v2/T1234/seed_102/predictions/T1234_summary_confidence_sample_0.json,/scratch/10992/liaorunlong93/casp16-leaderboard/runs/server_v2_attack_scoreable_input_repair_overlay_msa_reuse_protenix5_seed101_105/predictions/protenix-v2/T1234/seed_102/predictions/T1234_summary_confidence_sample_0.selection_qa.json,10,9,0.849933,1.000000,0.500000,ok,
T1234,/scratch/10992/liaorunlong93/casp16-leaderboard/runs/server_v2_attack_scoreable_input_repair_overlay_msa_reuse_protenix5_seed101_105/predictions/protenix-v2/T1234/seed_103/predictions/T1234_sample_0.cif,/scratch/10992/liaorunlong93/casp16-leaderboard/runs/server_v2_attack_scoreable_input_repair_overlay_msa_reuse_protenix5_seed101_105/predictions/protenix-v2/T1234/seed_103/predictions/T1234_summary_confidence_sample_0.json,/scratch/10992/liaorunlong93/casp16-leaderboard/runs/server_v2_attack_scoreable_input_repair_overlay_msa_reuse_protenix5_seed101_105/predictions/protenix-v2/T1234/seed_103/predictions/T1234_summary_confidence_sample_0.selection_qa.json,10,9,0.926700,1.000000,0.500000,ok,
T1234,/scratch/10992/liaorunlong93/casp16-leaderboard/runs/server_v2_attack_scoreable_input_repair_overlay_msa_reuse_protenix5_seed101_105/predictions/protenix-v2/T1234/seed_104/predictions/T1234_sample_0.cif,/scratch/10992/liaorunlong93/casp16-leaderboard/runs/server_v2_attack_scoreable_input_repair_overlay_msa_reuse_protenix5_seed101_105/predictions/protenix-v2/T1234/seed_104/predictions/T1234_summary_confidence_sample_0.json,/scratch/10992/liaorunlong93/casp16-leaderboard/runs/server_v2_attack_scoreable_input_repair_overlay_msa_reuse_protenix5_seed101_105/predictions/protenix-v2/T1234/seed_104/predictions/T1234_summary_confidence_sample_0.selection_qa.json,10,9,0.868444,1.000000,0.500000,ok,
T1234,/scratch/10992/liaorunlong93/casp16-leaderboard/runs/server_v2_attack_scoreable_input_repair_overlay_msa_reuse_protenix5_seed101_105/predictions/protenix-v2/T1234/seed_105/predictions/T1234_sample_0.cif,/scratch/10992/liaorunlong93/casp16-leaderboard/runs/server_v2_attack_scoreable_input_repair_overlay_msa_reuse_protenix5_seed101_105/predictions/protenix-v2/T1234/seed_105/predictions/T1234_summary_confidence_sample_0.json,/scratch/10992/liaorunlong93/casp16-leaderboard/runs/server_v2_attack_scoreable_input_repair_overlay_msa_reuse_protenix5_seed101_105/predictions/protenix-v2/T1234/seed_105/predictions/T1234_summary_confidence_sample_0.selection_qa.json,10,9,0.901422,1.000000,0.500000,ok,
T1234,/scratch/10992/liaorunlong93/casp16-leaderboard/runs/server_v2_attack_scoreable_input_repair_overlay_msa_reuse_protenix5_seed101_105/predictions/protenix-v2/T1234O/seed_101/predictions/T1234O_sample_0.cif,/scratch/10992/liaorunlong93/casp16-leaderboard/runs/server_v2_attack_scoreable_input_repair_overlay_msa_reuse_protenix5_seed101_105/predictions/protenix-v2/T1234O/seed_101/predictions/T1234O_summary_confidence_sample_0.json,/scratch/10992/liaorunlong93/casp16-leaderboard/runs/server_v2_attack_scoreable_input_repair_overlay_msa_reuse_protenix5_seed101_105/predictions/protenix-v2/T1234O/seed_101/predictions/T1234O_summary_confidence_sample_0.selection_qa.json,10,9,0.922278,1.000000,0.500000,ok,
T1234,/scratch/10992/liaorunlong93/casp16-leaderboard/runs/server_v2_attack_scoreable_input_repair_overlay_msa_reuse_protenix5_seed101_105/predictions/protenix-v2/T1234O/seed_102/predictions/T1234O_sample_0.cif,/scratch/10992/liaorunlong93/casp16-leaderboard/runs/server_v2_attack_scoreable_input_repair_overlay_msa_reuse_protenix5_seed101_105/predictions/protenix-v2/T1234O/seed_102/predictions/T1234O_summary_confidence_sample_0.json,/scratch/10992/liaorunlong93/casp16-leaderboard/runs/server_v2_attack_scoreable_input_repair_overlay_msa_reuse_protenix5_seed101_105/predictions/protenix-v2/T1234O/seed_102/predictions/T1234O_summary_confidence_sample_0.selection_qa.json,10,9,0.921800,1.000000,0.500000,ok,
T1234,/scratch/10992/liaorunlong93/casp16-leaderboard/runs/server_v2_attack_scoreable_input_repair_overlay_msa_reuse_protenix5_seed101_105/predictions/protenix-v2/T1234O/seed_103/predictions/T1234O_sample_0.cif,/scratch/10992/liaorunlong93/casp16-leaderboard/runs/server_v2_attack_scoreable_input_repair_overlay_msa_reuse_protenix5_seed101_105/predictions/protenix-v2/T1234O/seed_103/predictions/T1234O_summary_confidence_sample_0.json,/scratch/10992/liaorunlong93/casp16-leaderboard/runs/server_v2_attack_scoreable_input_repair_overlay_msa_reuse_protenix5_seed101_105/predictions/protenix-v2/T1234O/seed_103/predictions/T1234O_summary_confidence_sample_0.selection_qa.json,10,9,0.908433,1.000000,0.500000,ok,
T1234,/scratch/10992/liaorunlong93/casp16-leaderboard/runs/server_v2_attack_scoreable_input_repair_overlay_msa_reuse_protenix5_seed101_105/predictions/protenix-v2/T1234O/seed_104/predictions/T1234O_sample_0.cif,/scratch/10992/liaorunlong93/casp16-leaderboard/runs/server_v2_attack_scoreable_input_repair_overlay_msa_reuse_protenix5_seed101_105/predictions/protenix-v2/T1234O/seed_104/predictions/T1234O_summary_confidence_sample_0.json,/scratch/10992/liaorunlong93/casp16-leaderboard/runs/server_v2_attack_scoreable_input_repair_overlay_msa_reuse_protenix5_seed101_105/predictions/protenix-v2/T1234O/seed_104/predictions/T1234O_summary_confidence_sample_0.selection_qa.json,10,9,0.923000,1.000000,0.500000,ok,
T1234,/scratch/10992/liaorunlong93/casp16-leaderboard/runs/server_v2_attack_scoreable_input_repair_overlay_msa_reuse_protenix5_seed101_105/predictions/protenix-v2/T1234O/seed_105/predictions/T1234O_sample_0.cif,/scratch/10992/liaorunlong93/casp16-leaderboard/runs/server_v2_attack_scoreable_input_repair_overlay_msa_reuse_protenix5_seed101_105/predictions/protenix-v2/T1234O/seed_105/predictions/T1234O_summary_confidence_sample_0.json,/scratch/10992/liaorunlong93/casp16-leaderboard/runs/server_v2_attack_scoreable_input_repair_overlay_msa_reuse_protenix5_seed101_105/predictions/protenix-v2/T1234O/seed_105/predictions/T1234O_summary_confidence_sample_0.selection_qa.json,10,9,0.930733,1.000000,0.500000,ok,
T1235,/scratch/10992/liaorunlong93/casp16-leaderboard/runs/server_v2_attack_scoreable_input_repair_overlay_msa_reuse_protenix5_seed101_105/predictions/protenix-v2/T1235/seed_101/predictions/T1235_sample_0.cif,/scratch/10992/liaorunlong93/casp16-leaderboard/runs/server_v2_attack_scoreable_input_repair_overlay_msa_reuse_protenix5_seed101_105/predictions/protenix-v2/T1235/seed_101/predictions/T1235_summary_confidence_sample_0.json,/scratch/10992/liaorunlong93/casp16-leaderboard/runs/server_v2_attack_scoreable_input_repair_overlay_msa_reuse_protenix5_seed101_105/predictions/protenix-v2/T1235/seed_101/predictions/T1235_summary_confidence_sample_0.selection_qa.json,10,9,0.940800,1.000000,0.500000,ok,
T1235,/scratch/10992/liaorunlong93/casp16-leaderboard/runs/server_v2_attack_scoreable_input_repair_overlay_msa_reuse_protenix5_seed101_105/predictions/protenix-v2/T1235/seed_102/predictions/T1235_sample_0.cif,/scratch/10992/liaorunlong93/casp16-leaderboard/runs/server_v2_attack_scoreable_input_repair_overlay_msa_reuse_protenix5_seed101_105/predictions/protenix-v2/T1235/seed_102/predictions/T1235_summary_confidence_sample_0.json,/scratch/10992/liaorunlong93/casp16-leaderboard/runs/server_v2_attack_scoreable_input_repair_overlay_msa_reuse_protenix5_seed101_105/predictions/protenix-v2/T1235/seed_102/predictions/T1235_summary_confidence_sample_0.selection_qa.json,10,9,0.897578,1.000000,0.500000,ok,
T1235,/scratch/10992/liaorunlong93/casp16-leaderboard/runs/server_v2_attack_scoreable_input_repair_overlay_msa_reuse_protenix5_seed101_105/predictions/protenix-v2/T1235/seed_103/predictions/T1235_sample_0.cif,/scratch/10992/liaorunlong93/casp16-leaderboard/runs/server_v2_attack_scoreable_input_repair_overlay_msa_reuse_protenix5_seed101_105/predictions/protenix-v2/T1235/seed_103/predictions/T1235_summary_confidence_sample_0.json,/scratch/10992/liaorunlong93/casp16-leaderboard/runs/server_v2_attack_scoreable_input_repair_overlay_msa_reuse_protenix5_seed101_105/predictions/protenix-v2/T1235/seed_103/predictions/T1235_summary_confidence_sample_0.selection_qa.json,10,9,0.926689,1.000000,0.500000,ok,
T1235,/scratch/10992/liaorunlong93/casp16-leaderboard/runs/server_v2_attack_scoreable_input_repair_overlay_msa_reuse_protenix5_seed101_105/predictions/protenix-v2/T1235/seed_104/predictions/T1235_sample_0.cif,/scratch/10992/liaorunlong93/casp16-leaderboard/runs/server_v2_attack_scoreable_input_repair_overlay_msa_reuse_protenix5_seed101_105/predictions/protenix-v2/T1235/seed_104/predictions/T1235_summary_confidence_sample_0.json,/scratch/10992/liaorunlong93/casp16-leaderboard/runs/server_v2_attack_scoreable_input_repair_overlay_msa_reuse_protenix5_seed101_105/predictions/protenix-v2/T1235/seed_104/predictions/T1235_summary_confidence_sample_0.selection_qa.json,10,9,0.942144,1.000000,0.500000,ok,
T1235,/scratch/10992/liaorunlong93/casp16-leaderboard/runs/server_v2_attack_scoreable_input_repair_overlay_msa_reuse_protenix5_seed101_105/predictions/protenix-v2/T1235/seed_105/predictions/T1235_sample_0.cif,/scratch/10992/liaorunlong93/casp16-leaderboard/runs/server_v2_attack_scoreable_input_repair_overlay_msa_reuse_protenix5_seed101_105/predictions/protenix-v2/T1235/seed_105/predictions/T1235_summary_confidence_sample_0.json,/scratch/10992/liaorunlong93/casp16-leaderboard/runs/server_v2_attack_scoreable_input_repair_overlay_msa_reuse_protenix5_seed101_105/predictions/protenix-v2/T1235/seed_105/predictions/T1235_summary_confidence_sample_0.selection_qa.json,10,9,0.912744,1.000000,0.500000,ok,
T1235,/scratch/10992/liaorunlong93/casp16-leaderboard/runs/server_v2_attack_scoreable_input_repair_overlay_msa_reuse_protenix5_seed101_105/predictions/protenix-v2/T1235O/seed_101/predictions/T1235O_sample_0.cif,/scratch/10992/liaorunlong93/casp16-leaderboard/runs/server_v2_attack_scoreable_input_repair_overlay_msa_reuse_protenix5_seed101_105/predictions/protenix-v2/T1235O/seed_101/predictions/T1235O_summary_confidence_sample_0.json,/scratch/10992/liaorunlong93/casp16-leaderboard/runs/server_v2_attack_scoreable_input_repair_overlay_msa_reuse_protenix5_seed101_105/predictions/protenix-v2/T1235O/seed_101/predictions/T1235O_summary_confidence_sample_0.selection_qa.json,10,9,0.909767,1.000000,0.500000,ok,
T1235,/scratch/10992/liaorunlong93/casp16-leaderboard/runs/server_v2_attack_scoreable_input_repair_overlay_msa_reuse_protenix5_seed101_105/predictions/protenix-v2/T1235O/seed_102/predictions/T1235O_sample_0.cif,/scratch/10992/liaorunlong93/casp16-leaderboard/runs/server_v2_attack_scoreable_input_repair_overlay_msa_reuse_protenix5_seed101_105/predictions/protenix-v2/T1235O/seed_102/predictions/T1235O_summary_confidence_sample_0.json,/scratch/10992/liaorunlong93/casp16-leaderboard/runs/server_v2_attack_scoreable_input_repair_overlay_msa_reuse_protenix5_seed101_105/predictions/protenix-v2/T1235O/seed_102/predictions/T1235O_summary_confidence_sample_0.selection_qa.json,10,9,0.938789,1.000000,0.500000,ok,
T1235,/scratch/10992/liaorunlong93/casp16-leaderboard/runs/server_v2_attack_scoreable_input_repair_overlay_msa_reuse_protenix5_seed101_105/predictions/protenix-v2/T1235O/seed_103/predictions/T1235O_sample_0.cif,/scratch/10992/liaorunlong93/casp16-leaderboard/runs/server_v2_attack_scoreable_input_repair_overlay_msa_reuse_protenix5_seed101_105/predictions/protenix-v2/T1235O/seed_103/predictions/T1235O_summary_confidence_sample_0.json,/scratch/10992/liaorunlong93/casp16-leaderboard/runs/server_v2_attack_scoreable_input_repair_overlay_msa_reuse_protenix5_seed101_105/predictions/protenix-v2/T1235O/seed_103/predictions/T1235O_summary_confidence_sample_0.selection_qa.json,10,9,0.930711,1.000000,0.500000,ok,
T1235,/scratch/10992/liaorunlong93/casp16-leaderboard/runs/server_v2_attack_scoreable_input_repair_overlay_msa_reuse_protenix5_seed101_105/predictions/protenix-v2/T1235O/seed_104/predictions/T1235O_sample_0.cif,/scratch/10992/liaorunlong93/casp16-leaderboard/runs/server_v2_attack_scoreable_input_repair_overlay_msa_reuse_protenix5_seed101_105/predictions/protenix-v2/T1235O/seed_104/predictions/T1235O_summary_confidence_sample_0.json,/scratch/10992/liaorunlong93/casp16-leaderboard/runs/server_v2_attack_scoreable_input_repair_overlay_msa_reuse_protenix5_seed101_105/predictions/protenix-v2/T1235O/seed_104/predictions/T1235O_summary_confidence_sample_0.selection_qa.json,10,9,0.934678,1.000000,0.500000,ok,
T1235,/scratch/10992/liaorunlong93/casp16-leaderboard/runs/server_v2_attack_scoreable_input_repair_overlay_msa_reuse_protenix5_seed101_105/predictions/protenix-v2/T1235O/seed_105/predictions/T1235O_sample_0.cif,/scratch/10992/liaorunlong93/casp16-leaderboard/runs/server_v2_attack_scoreable_input_repair_overlay_msa_reuse_protenix5_seed101_105/predictions/protenix-v2/T1235O/seed_105/predictions/T1235O_summary_confidence_sample_0.json,/scratch/10992/liaorunlong93/casp16-leaderboard/runs/server_v2_attack_scoreable_input_repair_overlay_msa_reuse_protenix5_seed101_105/predictions/protenix-v2/T1235O/seed_105/predictions/T1235O_summary_confidence_sample_0.selection_qa.json,10,9,0.900411,1.000000,0.500000,ok,
T1239V1,/scratch/10992/liaorunlong93/casp16-leaderboard/runs/server_v2_attack_scoreable_input_repair_overlay_msa_reuse_protenix5_seed101_105/predictions/protenix-v2/T1239V1/seed_101/predictions/T1239V1_sample_0.cif,/scratch/10992/liaorunlong93/casp16-leaderboard/runs/server_v2_attack_scoreable_input_repair_overlay_msa_reuse_protenix5_seed101_105/predictions/protenix-v2/T1239V1/seed_101/predictions/T1239V1_summary_confidence_sample_0.json,/scratch/10992/liaorunlong93/casp16-leaderboard/runs/server_v2_attack_scoreable_input_repair_overlay_msa_reuse_protenix5_seed101_105/predictions/protenix-v2/T1239V1/seed_101/predictions/T1239V1_summary_confidence_sample_0.selection_qa.json,5,4,0.337675,0.200000,0.500000,ok,
T1239V1,/scratch/10992/liaorunlong93/casp16-leaderboard/runs/server_v2_attack_scoreable_input_repair_overlay_msa_reuse_protenix5_seed101_105/predictions/protenix-v2/T1239V1/seed_102/predictions/T1239V1_sample_0.cif,/scratch/10992/liaorunlong93/casp16-leaderboard/runs/server_v2_attack_scoreable_input_repair_overlay_msa_reuse_protenix5_seed101_105/predictions/protenix-v2/T1239V1/seed_102/predictions/T1239V1_summary_confidence_sample_0.json,/scratch/10992/liaorunlong93/casp16-leaderboard/runs/server_v2_attack_scoreable_input_repair_overlay_msa_reuse_protenix5_seed101_105/predictions/protenix-v2/T1239V1/seed_102/predictions/T1239V1_summary_confidence_sample_0.selection_qa.json,5,4,0.262575,0.200000,0.500000,ok,
T1239V1,/scratch/10992/liaorunlong93/casp16-leaderboard/runs/server_v2_attack_scoreable_input_repair_overlay_msa_reuse_protenix5_seed101_105/predictions/protenix-v2/T1239V1/seed_103/predictions/T1239V1_sample_0.cif,/scratch/10992/liaorunlong93/casp16-leaderboard/runs/server_v2_attack_scoreable_input_repair_overlay_msa_reuse_protenix5_seed101_105/predictions/protenix-v2/T1239V1/seed_103/predictions/T1239V1_summary_confidence_sample_0.json,/scratch/10992/liaorunlong93/casp16-leaderboard/runs/server_v2_attack_scoreable_input_repair_overlay_msa_reuse_protenix5_seed101_105/predictions/protenix-v2/T1239V1/seed_103/predictions/T1239V1_summary_confidence_sample_0.selection_qa.json,5,4,0.343700,0.200000,0.500000,ok,
T1239V1,/scratch/10992/liaorunlong93/casp16-leaderboard/runs/server_v2_attack_scoreable_input_repair_overlay_msa_reuse_protenix5_seed101_105/predictions/protenix-v2/T1239V1/seed_104/predictions/T1239V1_sample_0.cif,/scratch/10992/liaorunlong93/casp16-leaderboard/runs/server_v2_attack_scoreable_input_repair_overlay_msa_reuse_protenix5_seed101_105/predictions/protenix-v2/T1239V1/seed_104/predictions/T1239V1_summary_confidence_sample_0.json,/scratch/10992/liaorunlong93/casp16-leaderboard/runs/server_v2_attack_scoreable_input_repair_overlay_msa_reuse_protenix5_seed101_105/predictions/protenix-v2/T1239V1/seed_104/predictions/T1239V1_summary_confidence_sample_0.selection_qa.json,5,4,0.353950,0.200000,0.500000,ok,
T1239V1,/scratch/10992/liaorunlong93/casp16-leaderboard/runs/server_v2_attack_scoreable_input_repair_overlay_msa_reuse_protenix5_seed101_105/predictions/protenix-v2/T1239V1/seed_105/predictions/T1239V1_sample_0.cif,/scratch/10992/liaorunlong93/casp16-leaderboard/runs/server_v2_attack_scoreable_input_repair_overlay_msa_reuse_protenix5_seed101_105/predictions/protenix-v2/T1239V1/seed_105/predictions/T1239V1_summary_confidence_sample_0.json,/scratch/10992/liaorunlong93/casp16-leaderboard/runs/server_v2_attack_scoreable_input_repair_overlay_msa_reuse_protenix5_seed101_105/predictions/protenix-v2/T1239V1/seed_105/predictions/T1239V1_summary_confidence_sample_0.selection_qa.json,5,4,0.279200,0.200000,0.500000,ok,
T1249V1,/scratch/10992/liaorunlong93/casp16-leaderboard/runs/server_v2_attack_scoreable_input_repair_overlay_msa_reuse_protenix5_seed101_105/predictions/protenix-v2/T1249V1/seed_101/predictions/T1249V1_sample_0.cif,/scratch/10992/liaorunlong93/casp16-leaderboard/runs/server_v2_attack_scoreable_input_repair_overlay_msa_reuse_protenix5_seed101_105/predictions/protenix-v2/T1249V1/seed_101/predictions/T1249V1_summary_confidence_sample_0.json,/scratch/10992/liaorunlong93/casp16-leaderboard/runs/server_v2_attack_scoreable_input_repair_overlay_msa_reuse_protenix5_seed101_105/predictions/protenix-v2/T1249V1/seed_101/predictions/T1249V1_summary_confidence_sample_0.selection_qa.json,10,9,0.722100,1.000000,0.500000,ok,
T1249V1,/scratch/10992/liaorunlong93/casp16-leaderboard/runs/server_v2_attack_scoreable_input_repair_overlay_msa_reuse_protenix5_seed101_105/predictions/protenix-v2/T1249V1/seed_102/predictions/T1249V1_sample_0.cif,/scratch/10992/liaorunlong93/casp16-leaderboard/runs/server_v2_attack_scoreable_input_repair_overlay_msa_reuse_protenix5_seed101_105/predictions/protenix-v2/T1249V1/seed_102/predictions/T1249V1_summary_confidence_sample_0.json,/scratch/10992/liaorunlong93/casp16-leaderboard/runs/server_v2_attack_scoreable_input_repair_overlay_msa_reuse_protenix5_seed101_105/predictions/protenix-v2/T1249V1/seed_102/predictions/T1249V1_summary_confidence_sample_0.selection_qa.json,10,9,0.721211,1.000000,0.500000,ok,
T1249V1,/scratch/10992/liaorunlong93/casp16-leaderboard/runs/server_v2_attack_scoreable_input_repair_overlay_msa_reuse_protenix5_seed101_105/predictions/protenix-v2/T1249V1/seed_103/predictions/T1249V1_sample_0.cif,/scratch/10992/liaorunlong93/casp16-leaderboard/runs/server_v2_attack_scoreable_input_repair_overlay_msa_reuse_protenix5_seed101_105/predictions/protenix-v2/T1249V1/seed_103/predictions/T1249V1_summary_confidence_sample_0.json,/scratch/10992/liaorunlong93/casp16-leaderboard/runs/server_v2_attack_scoreable_input_repair_overlay_msa_reuse_protenix5_seed101_105/predictions/protenix-v2/T1249V1/seed_103/predictions/T1249V1_summary_confidence_sample_0.selection_qa.json,10,9,0.740244,1.000000,0.500000,ok,
T1249V1,/scratch/10992/liaorunlong93/casp16-leaderboard/runs/server_v2_attack_scoreable_input_repair_overlay_msa_reuse_protenix5_seed101_105/predictions/protenix-v2/T1249V1/seed_104/predictions/T1249V1_sample_0.cif,/scratch/10992/liaorunlong93/casp16-leaderboard/runs/server_v2_attack_scoreable_input_repair_overlay_msa_reuse_protenix5_seed101_105/predictions/protenix-v2/T1249V1/seed_104/predictions/T1249V1_summary_confidence_sample_0.json,/scratch/10992/liaorunlong93/casp16-leaderboard/runs/server_v2_attack_scoreable_input_repair_overlay_msa_reuse_protenix5_seed101_105/predictions/protenix-v2/T1249V1/seed_104/predictions/T1249V1_summary_confidence_sample_0.selection_qa.json,10,9,0.730211,1.000000,0.500000,ok,
T1249V1,/scratch/10992/liaorunlong93/casp16-leaderboard/runs/server_v2_attack_scoreable_input_repair_overlay_msa_reuse_protenix5_seed101_105/predictions/protenix-v2/T1249V1/seed_105/predictions/T1249V1_sample_0.cif,/scratch/10992/liaorunlong93/casp16-leaderboard/runs/server_v2_attack_scoreable_input_repair_overlay_msa_reuse_protenix5_seed101_105/predictions/protenix-v2/T1249V1/seed_105/predictions/T1249V1_summary_confidence_sample_0.json,/scratch/10992/liaorunlong93/casp16-leaderboard/runs/server_v2_attack_scoreable_input_repair_overlay_msa_reuse_protenix5_seed101_105/predictions/protenix-v2/T1249V1/seed_105/predictions/T1249V1_summary_confidence_sample_0.selection_qa.json,10,9,0.731356,1.000000,0.500000,ok,
T1249V1,/scratch/10992/liaorunlong93/casp16-leaderboard/runs/server_v2_attack_scoreable_input_repair_overlay_msa_reuse_protenix5_seed101_105/predictions/protenix-v2/T1249V1O/seed_101/predictions/T1249V1O_sample_0.cif,/scratch/10992/liaorunlong93/casp16-leaderboard/runs/server_v2_attack_scoreable_input_repair_overlay_msa_reuse_protenix5_seed101_105/predictions/protenix-v2/T1249V1O/seed_101/predictions/T1249V1O_summary_confidence_sample_0.json,/scratch/10992/liaorunlong93/casp16-leaderboard/runs/server_v2_attack_scoreable_input_repair_overlay_msa_reuse_protenix5_seed101_105/predictions/protenix-v2/T1249V1O/seed_101/predictions/T1249V1O_summary_confidence_sample_0.selection_qa.json,10,9,0.751478,1.000000,0.500000,ok,
T1249V1,/scratch/10992/liaorunlong93/casp16-leaderboard/runs/server_v2_attack_scoreable_input_repair_overlay_msa_reuse_protenix5_seed101_105/predictions/protenix-v2/T1249V1O/seed_102/predictions/T1249V1O_sample_0.cif,/scratch/10992/liaorunlong93/casp16-leaderboard/runs/server_v2_attack_scoreable_input_repair_overlay_msa_reuse_protenix5_seed101_105/predictions/protenix-v2/T1249V1O/seed_102/predictions/T1249V1O_summary_confidence_sample_0.json,/scratch/10992/liaorunlong93/casp16-leaderboard/runs/server_v2_attack_scoreable_input_repair_overlay_msa_reuse_protenix5_seed101_105/predictions/protenix-v2/T1249V1O/seed_102/predictions/T1249V1O_summary_confidence_sample_0.selection_qa.json,10,9,0.729733,1.000000,0.500000,ok,
T1249V1,/scratch/10992/liaorunlong93/casp16-leaderboard/runs/server_v2_attack_scoreable_input_repair_overlay_msa_reuse_protenix5_seed101_105/predictions/protenix-v2/T1249V1O/seed_103/predictions/T1249V1O_sample_0.cif,/scratch/10992/liaorunlong93/casp16-leaderboard/runs/server_v2_attack_scoreable_input_repair_overlay_msa_reuse_protenix5_seed101_105/predictions/protenix-v2/T1249V1O/seed_103/predictions/T1249V1O_summary_confidence_sample_0.json,/scratch/10992/liaorunlong93/casp16-leaderboard/runs/server_v2_attack_scoreable_input_repair_overlay_msa_reuse_protenix5_seed101_105/predictions/protenix-v2/T1249V1O/seed_103/predictions/T1249V1O_summary_confidence_sample_0.selection_qa.json,10,9,0.721544,1.000000,0.500000,ok,
T1249V1,/scratch/10992/liaorunlong93/casp16-leaderboard/runs/server_v2_attack_scoreable_input_repair_overlay_msa_reuse_protenix5_seed101_105/predictions/protenix-v2/T1249V1O/seed_104/predictions/T1249V1O_sample_0.cif,/scratch/10992/liaorunlong93/casp16-leaderboard/runs/server_v2_attack_scoreable_input_repair_overlay_msa_reuse_protenix5_seed101_105/predictions/protenix-v2/T1249V1O/seed_104/predictions/T1249V1O_summary_confidence_sample_0.json,/scratch/10992/liaorunlong93/casp16-leaderboard/runs/server_v2_attack_scoreable_input_repair_overlay_msa_reuse_protenix5_seed101_105/predictions/protenix-v2/T1249V1O/seed_104/predictions/T1249V1O_summary_confidence_sample_0.selection_qa.json,10,9,0.721133,1.000000,0.500000,ok,
T1249V1,/scratch/10992/liaorunlong93/casp16-leaderboard/runs/server_v2_attack_scoreable_input_repair_overlay_msa_reuse_protenix5_seed101_105/predictions/protenix-v2/T1249V1O/seed_105/predictions/T1249V1O_sample_0.cif,/scratch/10992/liaorunlong93/casp16-leaderboard/runs/server_v2_attack_scoreable_input_repair_overlay_msa_reuse_protenix5_seed101_105/predictions/protenix-v2/T1249V1O/seed_105/predictions/T1249V1O_summary_confidence_sample_0.json,/scratch/10992/liaorunlong93/casp16-leaderboard/runs/server_v2_attack_scoreable_input_repair_overlay_msa_reuse_protenix5_seed101_105/predictions/protenix-v2/T1249V1O/seed_105/predictions/T1249V1O_summary_confidence_sample_0.selection_qa.json,10,9,0.732456,1.000000,0.500000,ok,
T1266,/scratch/10992/liaorunlong93/casp16-leaderboard/runs/server_v2_attack_scoreable_input_repair_overlay_msa_reuse_protenix5_seed101_105/predictions/protenix-v2/T1266/seed_101/predictions/T1266_sample_0.cif,/scratch/10992/liaorunlong93/casp16-leaderboard/runs/server_v2_attack_scoreable_input_repair_overlay_msa_reuse_protenix5_seed101_105/predictions/protenix-v2/T1266/seed_101/predictions/T1266_summary_confidence_sample_0.json,/scratch/10992/liaorunlong93/casp16-leaderboard/runs/server_v2_attack_scoreable_input_repair_overlay_msa_reuse_protenix5_seed101_105/predictions/protenix-v2/T1266/seed_101/predictions/T1266_summary_confidence_sample_0.selection_qa.json,5,4,0.969850,1.000000,0.500000,ok,
T1266,/scratch/10992/liaorunlong93/casp16-leaderboard/runs/server_v2_attack_scoreable_input_repair_overlay_msa_reuse_protenix5_seed101_105/predictions/protenix-v2/T1266/seed_102/predictions/T1266_sample_0.cif,/scratch/10992/liaorunlong93/casp16-leaderboard/runs/server_v2_attack_scoreable_input_repair_overlay_msa_reuse_protenix5_seed101_105/predictions/protenix-v2/T1266/seed_102/predictions/T1266_summary_confidence_sample_0.json,/scratch/10992/liaorunlong93/casp16-leaderboard/runs/server_v2_attack_scoreable_input_repair_overlay_msa_reuse_protenix5_seed101_105/predictions/protenix-v2/T1266/seed_102/predictions/T1266_summary_confidence_sample_0.selection_qa.json,5,4,0.969275,1.000000,0.500000,ok,
T1266,/scratch/10992/liaorunlong93/casp16-leaderboard/runs/server_v2_attack_scoreable_input_repair_overlay_msa_reuse_protenix5_seed101_105/predictions/protenix-v2/T1266/seed_103/predictions/T1266_sample_0.cif,/scratch/10992/liaorunlong93/casp16-leaderboard/runs/server_v2_attack_scoreable_input_repair_overlay_msa_reuse_protenix5_seed101_105/predictions/protenix-v2/T1266/seed_103/predictions/T1266_summary_confidence_sample_0.json,/scratch/10992/liaorunlong93/casp16-leaderboard/runs/server_v2_attack_scoreable_input_repair_overlay_msa_reuse_protenix5_seed101_105/predictions/protenix-v2/T1266/seed_103/predictions/T1266_summary_confidence_sample_0.selection_qa.json,5,4,0.975100,1.000000,0.500000,ok,
T1266,/scratch/10992/liaorunlong93/casp16-leaderboard/runs/server_v2_attack_scoreable_input_repair_overlay_msa_reuse_protenix5_seed101_105/predictions/protenix-v2/T1266/seed_104/predictions/T1266_sample_0.cif,/scratch/10992/liaorunlong93/casp16-leaderboard/runs/server_v2_attack_scoreable_input_repair_overlay_msa_reuse_protenix5_seed101_105/predictions/protenix-v2/T1266/seed_104/predictions/T1266_summary_confidence_sample_0.json,/scratch/10992/liaorunlong93/casp16-leaderboard/runs/server_v2_attack_scoreable_input_repair_overlay_msa_reuse_protenix5_seed101_105/predictions/protenix-v2/T1266/seed_104/predictions/T1266_summary_confidence_sample_0.selection_qa.json,5,4,0.969675,1.000000,0.500000,ok,
T1266,/scratch/10992/liaorunlong93/casp16-leaderboard/runs/server_v2_attack_scoreable_input_repair_overlay_msa_reuse_protenix5_seed101_105/predictions/protenix-v2/T1266/seed_105/predictions/T1266_sample_0.cif,/scratch/10992/liaorunlong93/casp16-leaderboard/runs/server_v2_attack_scoreable_input_repair_overlay_msa_reuse_protenix5_seed101_105/predictions/protenix-v2/T1266/seed_105/predictions/T1266_summary_confidence_sample_0.json,/scratch/10992/liaorunlong93/casp16-leaderboard/runs/server_v2_attack_scoreable_input_repair_overlay_msa_reuse_protenix5_seed101_105/predictions/protenix-v2/T1266/seed_105/predictions/T1266_summary_confidence_sample_0.selection_qa.json,5,4,0.951900,1.000000,0.500000,ok,
T1269,/scratch/10992/liaorunlong93/casp16-leaderboard/runs/server_v2_attack_scoreable_input_repair_overlay_msa_reuse_protenix5_seed101_105/predictions/protenix-v2/T1269/seed_101/predictions/T1269_sample_0.cif,/scratch/10992/liaorunlong93/casp16-leaderboard/runs/server_v2_attack_scoreable_input_repair_overlay_msa_reuse_protenix5_seed101_105/predictions/protenix-v2/T1269/seed_101/predictions/T1269_summary_confidence_sample_0.json,/scratch/10992/liaorunlong93/casp16-leaderboard/runs/server_v2_attack_scoreable_input_repair_overlay_msa_reuse_protenix5_seed101_105/predictions/protenix-v2/T1269/seed_101/predictions/T1269_summary_confidence_sample_0.selection_qa.json,10,9,0.888544,1.000000,0.500000,ok,
T1269,/scratch/10992/liaorunlong93/casp16-leaderboard/runs/server_v2_attack_scoreable_input_repair_overlay_msa_reuse_protenix5_seed101_105/predictions/protenix-v2/T1269/seed_102/predictions/T1269_sample_0.cif,/scratch/10992/liaorunlong93/casp16-leaderboard/runs/server_v2_attack_scoreable_input_repair_overlay_msa_reuse_protenix5_seed101_105/predictions/protenix-v2/T1269/seed_102/predictions/T1269_summary_confidence_sample_0.json,/scratch/10992/liaorunlong93/casp16-leaderboard/runs/server_v2_attack_scoreable_input_repair_overlay_msa_reuse_protenix5_seed101_105/predictions/protenix-v2/T1269/seed_102/predictions/T1269_summary_confidence_sample_0.selection_qa.json,10,9,0.896156,1.000000,0.500000,ok,
T1269,/scratch/10992/liaorunlong93/casp16-leaderboard/runs/server_v2_attack_scoreable_input_repair_overlay_msa_reuse_protenix5_seed101_105/predictions/protenix-v2/T1269/seed_103/predictions/T1269_sample_0.cif,/scratch/10992/liaorunlong93/casp16-leaderboard/runs/server_v2_attack_scoreable_input_repair_overlay_msa_reuse_protenix5_seed101_105/predictions/protenix-v2/T1269/seed_103/predictions/T1269_summary_confidence_sample_0.json,/scratch/10992/liaorunlong93/casp16-leaderboard/runs/server_v2_attack_scoreable_input_repair_overlay_msa_reuse_protenix5_seed101_105/predictions/protenix-v2/T1269/seed_103/predictions/T1269_summary_confidence_sample_0.selection_qa.json,10,9,0.891133,1.000000,0.500000,ok,
T1269,/scratch/10992/liaorunlong93/casp16-leaderboard/runs/server_v2_attack_scoreable_input_repair_overlay_msa_reuse_protenix5_seed101_105/predictions/protenix-v2/T1269/seed_104/predictions/T1269_sample_0.cif,/scratch/10992/liaorunlong93/casp16-leaderboard/runs/server_v2_attack_scoreable_input_repair_overlay_msa_reuse_protenix5_seed101_105/predictions/protenix-v2/T1269/seed_104/predictions/T1269_summary_confidence_sample_0.json,/scratch/10992/liaorunlong93/casp16-leaderboard/runs/server_v2_attack_scoreable_input_repair_overlay_msa_reuse_protenix5_seed101_105/predictions/protenix-v2/T1269/seed_104/predictions/T1269_summary_confidence_sample_0.selection_qa.json,10,9,0.901711,1.000000,0.500000,ok,
T1269,/scratch/10992/liaorunlong93/casp16-leaderboard/runs/server_v2_attack_scoreable_input_repair_overlay_msa_reuse_protenix5_seed101_105/predictions/protenix-v2/T1269/seed_105/predictions/T1269_sample_0.cif,/scratch/10992/liaorunlong93/casp16-leaderboard/runs/server_v2_attack_scoreable_input_repair_overlay_msa_reuse_protenix5_seed101_105/predictions/protenix-v2/T1269/seed_105/predictions/T1269_summary_confidence_sample_0.json,/scratch/10992/liaorunlong93/casp16-leaderboard/runs/server_v2_attack_scoreable_input_repair_overlay_msa_reuse_protenix5_seed101_105/predictions/protenix-v2/T1269/seed_105/predictions/T1269_summary_confidence_sample_0.selection_qa.json,10,9,0.890278,1.000000,0.500000,ok,
T1269,/scratch/10992/liaorunlong93/casp16-leaderboard/runs/server_v2_attack_scoreable_input_repair_overlay_msa_reuse_protenix5_seed101_105/predictions/protenix-v2/T1269V1O/seed_101/predictions/T1269V1O_sample_0.cif,/scratch/10992/liaorunlong93/casp16-leaderboard/runs/server_v2_attack_scoreable_input_repair_overlay_msa_reuse_protenix5_seed101_105/predictions/protenix-v2/T1269V1O/seed_101/predictions/T1269V1O_summary_confidence_sample_0.json,/scratch/10992/liaorunlong93/casp16-leaderboard/runs/server_v2_attack_scoreable_input_repair_overlay_msa_reuse_protenix5_seed101_105/predictions/protenix-v2/T1269V1O/seed_101/predictions/T1269V1O_summary_confidence_sample_0.selection_qa.json,10,9,0.893778,1.000000,0.500000,ok,
T1269,/scratch/10992/liaorunlong93/casp16-leaderboard/runs/server_v2_attack_scoreable_input_repair_overlay_msa_reuse_protenix5_seed101_105/predictions/protenix-v2/T1269V1O/seed_102/predictions/T1269V1O_sample_0.cif,/scratch/10992/liaorunlong93/casp16-leaderboard/runs/server_v2_attack_scoreable_input_repair_overlay_msa_reuse_protenix5_seed101_105/predictions/protenix-v2/T1269V1O/seed_102/predictions/T1269V1O_summary_confidence_sample_0.json,/scratch/10992/liaorunlong93/casp16-leaderboard/runs/server_v2_attack_scoreable_input_repair_overlay_msa_reuse_protenix5_seed101_105/predictions/protenix-v2/T1269V1O/seed_102/predictions/T1269V1O_summary_confidence_sample_0.selection_qa.json,10,9,0.893678,1.000000,0.500000,ok,
T1269,/scratch/10992/liaorunlong93/casp16-leaderboard/runs/server_v2_attack_scoreable_input_repair_overlay_msa_reuse_protenix5_seed101_105/predictions/protenix-v2/T1269V1O/seed_103/predictions/T1269V1O_sample_0.cif,/scratch/10992/liaorunlong93/casp16-leaderboard/runs/server_v2_attack_scoreable_input_repair_overlay_msa_reuse_protenix5_seed101_105/predictions/protenix-v2/T1269V1O/seed_103/predictions/T1269V1O_summary_confidence_sample_0.json,/scratch/10992/liaorunlong93/casp16-leaderboard/runs/server_v2_attack_scoreable_input_repair_overlay_msa_reuse_protenix5_seed101_105/predictions/protenix-v2/T1269V1O/seed_103/predictions/T1269V1O_summary_confidence_sample_0.selection_qa.json,10,9,0.888656,1.000000,0.500000,ok,
T1269,/scratch/10992/liaorunlong93/casp16-leaderboard/runs/server_v2_attack_scoreable_input_repair_overlay_msa_reuse_protenix5_seed101_105/predictions/protenix-v2/T1269V1O/seed_104/predictions/T1269V1O_sample_0.cif,/scratch/10992/liaorunlong93/casp16-leaderboard/runs/server_v2_attack_scoreable_input_repair_overlay_msa_reuse_protenix5_seed101_105/predictions/protenix-v2/T1269V1O/seed_104/predictions/T1269V1O_summary_confidence_sample_0.json,/scratch/10992/liaorunlong93/casp16-leaderboard/runs/server_v2_attack_scoreable_input_repair_overlay_msa_reuse_protenix5_seed101_105/predictions/protenix-v2/T1269V1O/seed_104/predictions/T1269V1O_summary_confidence_sample_0.selection_qa.json,10,9,0.887567,1.000000,0.500000,ok,
T1269,/scratch/10992/liaorunlong93/casp16-leaderboard/runs/server_v2_attack_scoreable_input_repair_overlay_msa_reuse_protenix5_seed101_105/predictions/protenix-v2/T1269V1O/seed_105/predictions/T1269V1O_sample_0.cif,/scratch/10992/liaorunlong93/casp16-leaderboard/runs/server_v2_attack_scoreable_input_repair_overlay_msa_reuse_protenix5_seed101_105/predictions/protenix-v2/T1269V1O/seed_105/predictions/T1269V1O_summary_confidence_sample_0.json,/scratch/10992/liaorunlong93/casp16-leaderboard/runs/server_v2_attack_scoreable_input_repair_overlay_msa_reuse_protenix5_seed101_105/predictions/protenix-v2/T1269V1O/seed_105/predictions/T1269V1O_summary_confidence_sample_0.selection_qa.json,10,9,0.886433,1.000000,0.500000,ok,
T1280,/scratch/10992/liaorunlong93/casp16-leaderboard/runs/server_v2_attack_scoreable_input_repair_overlay_msa_reuse_protenix5_seed101_105/predictions/protenix-v2/T1280/seed_101/predictions/T1280_sample_0.cif,/scratch/10992/liaorunlong93/casp16-leaderboard/runs/server_v2_attack_scoreable_input_repair_overlay_msa_reuse_protenix5_seed101_105/predictions/protenix-v2/T1280/seed_101/predictions/T1280_summary_confidence_sample_0.json,/scratch/10992/liaorunlong93/casp16-leaderboard/runs/server_v2_attack_scoreable_input_repair_overlay_msa_reuse_protenix5_seed101_105/predictions/protenix-v2/T1280/seed_101/predictions/T1280_summary_confidence_sample_0.selection_qa.json,5,4,0.990925,1.000000,0.500000,ok,
T1280,/scratch/10992/liaorunlong93/casp16-leaderboard/runs/server_v2_attack_scoreable_input_repair_overlay_msa_reuse_protenix5_seed101_105/predictions/protenix-v2/T1280/seed_102/predictions/T1280_sample_0.cif,/scratch/10992/liaorunlong93/casp16-leaderboard/runs/server_v2_attack_scoreable_input_repair_overlay_msa_reuse_protenix5_seed101_105/predictions/protenix-v2/T1280/seed_102/predictions/T1280_summary_confidence_sample_0.json,/scratch/10992/liaorunlong93/casp16-leaderboard/runs/server_v2_attack_scoreable_input_repair_overlay_msa_reuse_protenix5_seed101_105/predictions/protenix-v2/T1280/seed_102/predictions/T1280_summary_confidence_sample_0.selection_qa.json,5,4,0.992850,1.000000,0.500000,ok,
T1280,/scratch/10992/liaorunlong93/casp16-leaderboard/runs/server_v2_attack_scoreable_input_repair_overlay_msa_reuse_protenix5_seed101_105/predictions/protenix-v2/T1280/seed_103/predictions/T1280_sample_0.cif,/scratch/10992/liaorunlong93/casp16-leaderboard/runs/server_v2_attack_scoreable_input_repair_overlay_msa_reuse_protenix5_seed101_105/predictions/protenix-v2/T1280/seed_103/predictions/T1280_summary_confidence_sample_0.json,/scratch/10992/liaorunlong93/casp16-leaderboard/runs/server_v2_attack_scoreable_input_repair_overlay_msa_reuse_protenix5_seed101_105/predictions/protenix-v2/T1280/seed_103/predictions/T1280_summary_confidence_sample_0.selection_qa.json,5,4,0.985025,1.000000,0.500000,ok,
T1280,/scratch/10992/liaorunlong93/casp16-leaderboard/runs/server_v2_attack_scoreable_input_repair_overlay_msa_reuse_protenix5_seed101_105/predictions/protenix-v2/T1280/seed_104/predictions/T1280_sample_0.cif,/scratch/10992/liaorunlong93/casp16-leaderboard/runs/server_v2_attack_scoreable_input_repair_overlay_msa_reuse_protenix5_seed101_105/predictions/protenix-v2/T1280/seed_104/predictions/T1280_summary_confidence_sample_0.json,/scratch/10992/liaorunlong93/casp16-leaderboard/runs/server_v2_attack_scoreable_input_repair_overlay_msa_reuse_protenix5_seed101_105/predictions/protenix-v2/T1280/seed_104/predictions/T1280_summary_confidence_sample_0.selection_qa.json,5,4,0.987975,1.000000,0.500000,ok,
T1280,/scratch/10992/liaorunlong93/casp16-leaderboard/runs/server_v2_attack_scoreable_input_repair_overlay_msa_reuse_protenix5_seed101_105/predictions/protenix-v2/T1280/seed_105/predictions/T1280_sample_0.cif,/scratch/10992/liaorunlong93/casp16-leaderboard/runs/server_v2_attack_scoreable_input_repair_overlay_msa_reuse_protenix5_seed101_105/predictions/protenix-v2/T1280/seed_105/predictions/T1280_summary_confidence_sample_0.json,/scratch/10992/liaorunlong93/casp16-leaderboard/runs/server_v2_attack_scoreable_input_repair_overlay_msa_reuse_protenix5_seed101_105/predictions/protenix-v2/T1280/seed_105/predictions/T1280_summary_confidence_sample_0.selection_qa.json,5,4,0.988525,1.000000,0.500000,ok,
T1298,/scratch/10992/liaorunlong93/casp16-leaderboard/runs/server_v2_attack_scoreable_input_repair_overlay_msa_reuse_protenix5_seed101_105/predictions/protenix-v2/T1298/seed_101/predictions/T1298_sample_0.cif,/scratch/10992/liaorunlong93/casp16-leaderboard/runs/server_v2_attack_scoreable_input_repair_overlay_msa_reuse_protenix5_seed101_105/predictions/protenix-v2/T1298/seed_101/predictions/T1298_summary_confidence_sample_0.json,/scratch/10992/liaorunlong93/casp16-leaderboard/runs/server_v2_attack_scoreable_input_repair_overlay_msa_reuse_protenix5_seed101_105/predictions/protenix-v2/T1298/seed_101/predictions/T1298_summary_confidence_sample_0.selection_qa.json,10,9,0.773978,1.000000,0.500000,ok,
T1298,/scratch/10992/liaorunlong93/casp16-leaderboard/runs/server_v2_attack_scoreable_input_repair_overlay_msa_reuse_protenix5_seed101_105/predictions/protenix-v2/T1298/seed_102/predictions/T1298_sample_0.cif,/scratch/10992/liaorunlong93/casp16-leaderboard/runs/server_v2_attack_scoreable_input_repair_overlay_msa_reuse_protenix5_seed101_105/predictions/protenix-v2/T1298/seed_102/predictions/T1298_summary_confidence_sample_0.json,/scratch/10992/liaorunlong93/casp16-leaderboard/runs/server_v2_attack_scoreable_input_repair_overlay_msa_reuse_protenix5_seed101_105/predictions/protenix-v2/T1298/seed_102/predictions/T1298_summary_confidence_sample_0.selection_qa.json,10,9,0.722422,1.000000,0.500000,ok,
T1298,/scratch/10992/liaorunlong93/casp16-leaderboard/runs/server_v2_attack_scoreable_input_repair_overlay_msa_reuse_protenix5_seed101_105/predictions/protenix-v2/T1298/seed_103/predictions/T1298_sample_0.cif,/scratch/10992/liaorunlong93/casp16-leaderboard/runs/server_v2_attack_scoreable_input_repair_overlay_msa_reuse_protenix5_seed101_105/predictions/protenix-v2/T1298/seed_103/predictions/T1298_summary_confidence_sample_0.json,/scratch/10992/liaorunlong93/casp16-leaderboard/runs/server_v2_attack_scoreable_input_repair_overlay_msa_reuse_protenix5_seed101_105/predictions/protenix-v2/T1298/seed_103/predictions/T1298_summary_confidence_sample_0.selection_qa.json,10,9,0.766300,1.000000,0.500000,ok,
T1298,/scratch/10992/liaorunlong93/casp16-leaderboard/runs/server_v2_attack_scoreable_input_repair_overlay_msa_reuse_protenix5_seed101_105/predictions/protenix-v2/T1298/seed_104/predictions/T1298_sample_0.cif,/scratch/10992/liaorunlong93/casp16-leaderboard/runs/server_v2_attack_scoreable_input_repair_overlay_msa_reuse_protenix5_seed101_105/predictions/protenix-v2/T1298/seed_104/predictions/T1298_summary_confidence_sample_0.json,/scratch/10992/liaorunlong93/casp16-leaderboard/runs/server_v2_attack_scoreable_input_repair_overlay_msa_reuse_protenix5_seed101_105/predictions/protenix-v2/T1298/seed_104/predictions/T1298_summary_confidence_sample_0.selection_qa.json,10,9,0.759222,1.000000,0.500000,ok,
T1298,/scratch/10992/liaorunlong93/casp16-leaderboard/runs/server_v2_attack_scoreable_input_repair_overlay_msa_reuse_protenix5_seed101_105/predictions/protenix-v2/T1298/seed_105/predictions/T1298_sample_0.cif,/scratch/10992/liaorunlong93/casp16-leaderboard/runs/server_v2_attack_scoreable_input_repair_overlay_msa_reuse_protenix5_seed101_105/predictions/protenix-v2/T1298/seed_105/predictions/T1298_summary_confidence_sample_0.json,/scratch/10992/liaorunlong93/casp16-leaderboard/runs/server_v2_attack_scoreable_input_repair_overlay_msa_reuse_protenix5_seed101_105/predictions/protenix-v2/T1298/seed_105/predictions/T1298_summary_confidence_sample_0.selection_qa.json,10,9,0.706189,1.000000,0.500000,ok,
T1298,/scratch/10992/liaorunlong93/casp16-leaderboard/runs/server_v2_attack_scoreable_input_repair_overlay_msa_reuse_protenix5_seed101_105/predictions/protenix-v2/T1298O/seed_101/predictions/T1298O_sample_0.cif,/scratch/10992/liaorunlong93/casp16-leaderboard/runs/server_v2_attack_scoreable_input_repair_overlay_msa_reuse_protenix5_seed101_105/predictions/protenix-v2/T1298O/seed_101/predictions/T1298O_summary_confidence_sample_0.json,/scratch/10992/liaorunlong93/casp16-leaderboard/runs/server_v2_attack_scoreable_input_repair_overlay_msa_reuse_protenix5_seed101_105/predictions/protenix-v2/T1298O/seed_101/predictions/T1298O_summary_confidence_sample_0.selection_qa.json,10,9,0.713667,1.000000,0.500000,ok,
T1298,/scratch/10992/liaorunlong93/casp16-leaderboard/runs/server_v2_attack_scoreable_input_repair_overlay_msa_reuse_protenix5_seed101_105/predictions/protenix-v2/T1298O/seed_102/predictions/T1298O_sample_0.cif,/scratch/10992/liaorunlong93/casp16-leaderboard/runs/server_v2_attack_scoreable_input_repair_overlay_msa_reuse_protenix5_seed101_105/predictions/protenix-v2/T1298O/seed_102/predictions/T1298O_summary_confidence_sample_0.json,/scratch/10992/liaorunlong93/casp16-leaderboard/runs/server_v2_attack_scoreable_input_repair_overlay_msa_reuse_protenix5_seed101_105/predictions/protenix-v2/T1298O/seed_102/predictions/T1298O_summary_confidence_sample_0.selection_qa.json,10,9,0.711178,1.000000,0.500000,ok,
T1298,/scratch/10992/liaorunlong93/casp16-leaderboard/runs/server_v2_attack_scoreable_input_repair_overlay_msa_reuse_protenix5_seed101_105/predictions/protenix-v2/T1298O/seed_103/predictions/T1298O_sample_0.cif,/scratch/10992/liaorunlong93/casp16-leaderboard/runs/server_v2_attack_scoreable_input_repair_overlay_msa_reuse_protenix5_seed101_105/predictions/protenix-v2/T1298O/seed_103/predictions/T1298O_summary_confidence_sample_0.json,/scratch/10992/liaorunlong93/casp16-leaderboard/runs/server_v2_attack_scoreable_input_repair_overlay_msa_reuse_protenix5_seed101_105/predictions/protenix-v2/T1298O/seed_103/predictions/T1298O_summary_confidence_sample_0.selection_qa.json,10,9,0.709589,1.000000,0.500000,ok,
T1298,/scratch/10992/liaorunlong93/casp16-leaderboard/runs/server_v2_attack_scoreable_input_repair_overlay_msa_reuse_protenix5_seed101_105/predictions/protenix-v2/T1298O/seed_104/predictions/T1298O_sample_0.cif,/scratch/10992/liaorunlong93/casp16-leaderboard/runs/server_v2_attack_scoreable_input_repair_overlay_msa_reuse_protenix5_seed101_105/predictions/protenix-v2/T1298O/seed_104/predictions/T1298O_summary_confidence_sample_0.json,/scratch/10992/liaorunlong93/casp16-leaderboard/runs/server_v2_attack_scoreable_input_repair_overlay_msa_reuse_protenix5_seed101_105/predictions/protenix-v2/T1298O/seed_104/predictions/T1298O_summary_confidence_sample_0.selection_qa.json,10,9,0.696400,1.000000,0.500000,ok,
T1298,/scratch/10992/liaorunlong93/casp16-leaderboard/runs/server_v2_attack_scoreable_input_repair_overlay_msa_reuse_protenix5_seed101_105/predictions/protenix-v2/T1298O/seed_105/predictions/T1298O_sample_0.cif,/scratch/10992/liaorunlong93/casp16-leaderboard/runs/server_v2_attack_scoreable_input_repair_overlay_msa_reuse_protenix5_seed101_105/predictions/protenix-v2/T1298O/seed_105/predictions/T1298O_summary_confidence_sample_0.json,/scratch/10992/liaorunlong93/casp16-leaderboard/runs/server_v2_attack_scoreable_input_repair_overlay_msa_reuse_protenix5_seed101_105/predictions/protenix-v2/T1298O/seed_105/predictions/T1298O_summary_confidence_sample_0.selection_qa.json,10,9,0.777989,1.000000,0.500000,ok,
T1299,/scratch/10992/liaorunlong93/casp16-leaderboard/runs/server_v2_attack_scoreable_input_repair_overlay_msa_reuse_protenix5_seed101_105/predictions/protenix-v2/T1299/seed_101/predictions/T1299_sample_0.cif,/scratch/10992/liaorunlong93/casp16-leaderboard/runs/server_v2_attack_scoreable_input_repair_overlay_msa_reuse_protenix5_seed101_105/predictions/protenix-v2/T1299/seed_101/predictions/T1299_summary_confidence_sample_0.json,/scratch/10992/liaorunlong93/casp16-leaderboard/runs/server_v2_attack_scoreable_input_repair_overlay_msa_reuse_protenix5_seed101_105/predictions/protenix-v2/T1299/seed_101/predictions/T1299_summary_confidence_sample_0.selection_qa.json,5,4,0.986525,1.000000,0.500000,ok,
T1299,/scratch/10992/liaorunlong93/casp16-leaderboard/runs/server_v2_attack_scoreable_input_repair_overlay_msa_reuse_protenix5_seed101_105/predictions/protenix-v2/T1299/seed_102/predictions/T1299_sample_0.cif,/scratch/10992/liaorunlong93/casp16-leaderboard/runs/server_v2_attack_scoreable_input_repair_overlay_msa_reuse_protenix5_seed101_105/predictions/protenix-v2/T1299/seed_102/predictions/T1299_summary_confidence_sample_0.json,/scratch/10992/liaorunlong93/casp16-leaderboard/runs/server_v2_attack_scoreable_input_repair_overlay_msa_reuse_protenix5_seed101_105/predictions/protenix-v2/T1299/seed_102/predictions/T1299_summary_confidence_sample_0.selection_qa.json,5,4,0.986425,1.000000,0.500000,ok,
T1299,/scratch/10992/liaorunlong93/casp16-leaderboard/runs/server_v2_attack_scoreable_input_repair_overlay_msa_reuse_protenix5_seed101_105/predictions/protenix-v2/T1299/seed_103/predictions/T1299_sample_0.cif,/scratch/10992/liaorunlong93/casp16-leaderboard/runs/server_v2_attack_scoreable_input_repair_overlay_msa_reuse_protenix5_seed101_105/predictions/protenix-v2/T1299/seed_103/predictions/T1299_summary_confidence_sample_0.json,/scratch/10992/liaorunlong93/casp16-leaderboard/runs/server_v2_attack_scoreable_input_repair_overlay_msa_reuse_protenix5_seed101_105/predictions/protenix-v2/T1299/seed_103/predictions/T1299_summary_confidence_sample_0.selection_qa.json,5,4,0.988675,1.000000,0.500000,ok,
T1299,/scratch/10992/liaorunlong93/casp16-leaderboard/runs/server_v2_attack_scoreable_input_repair_overlay_msa_reuse_protenix5_seed101_105/predictions/protenix-v2/T1299/seed_104/predictions/T1299_sample_0.cif,/scratch/10992/liaorunlong93/casp16-leaderboard/runs/server_v2_attack_scoreable_input_repair_overlay_msa_reuse_protenix5_seed101_105/predictions/protenix-v2/T1299/seed_104/predictions/T1299_summary_confidence_sample_0.json,/scratch/10992/liaorunlong93/casp16-leaderboard/runs/server_v2_attack_scoreable_input_repair_overlay_msa_reuse_protenix5_seed101_105/predictions/protenix-v2/T1299/seed_104/predictions/T1299_summary_confidence_sample_0.selection_qa.json,5,4,0.977150,1.000000,0.500000,ok,
T1299,/scratch/10992/liaorunlong93/casp16-leaderboard/runs/server_v2_attack_scoreable_input_repair_overlay_msa_reuse_protenix5_seed101_105/predictions/protenix-v2/T1299/seed_105/predictions/T1299_sample_0.cif,/scratch/10992/liaorunlong93/casp16-leaderboard/runs/server_v2_attack_scoreable_input_repair_overlay_msa_reuse_protenix5_seed101_105/predictions/protenix-v2/T1299/seed_105/predictions/T1299_summary_confidence_sample_0.json,/scratch/10992/liaorunlong93/casp16-leaderboard/runs/server_v2_attack_scoreable_input_repair_overlay_msa_reuse_protenix5_seed101_105/predictions/protenix-v2/T1299/seed_105/predictions/T1299_summary_confidence_sample_0.selection_qa.json,5,4,0.988725,1.000000,0.500000,ok,
T2201,/scratch/10992/liaorunlong93/casp16-leaderboard/runs/server_v2_attack_scoreable_input_repair_overlay_msa_reuse_protenix5_seed101_105/predictions/protenix-v2/T2201/seed_101/predictions/T2201_sample_0.cif,/scratch/10992/liaorunlong93/casp16-leaderboard/runs/server_v2_attack_scoreable_input_repair_overlay_msa_reuse_protenix5_seed101_105/predictions/protenix-v2/T2201/seed_101/predictions/T2201_summary_confidence_sample_0.json,/scratch/10992/liaorunlong93/casp16-leaderboard/runs/server_v2_attack_scoreable_input_repair_overlay_msa_reuse_protenix5_seed101_105/predictions/protenix-v2/T2201/seed_101/predictions/T2201_summary_confidence_sample_0.selection_qa.json,10,9,0.937211,1.000000,0.500000,ok,
T2201,/scratch/10992/liaorunlong93/casp16-leaderboard/runs/server_v2_attack_scoreable_input_repair_overlay_msa_reuse_protenix5_seed101_105/predictions/protenix-v2/T2201/seed_102/predictions/T2201_sample_0.cif,/scratch/10992/liaorunlong93/casp16-leaderboard/runs/server_v2_attack_scoreable_input_repair_overlay_msa_reuse_protenix5_seed101_105/predictions/protenix-v2/T2201/seed_102/predictions/T2201_summary_confidence_sample_0.json,/scratch/10992/liaorunlong93/casp16-leaderboard/runs/server_v2_attack_scoreable_input_repair_overlay_msa_reuse_protenix5_seed101_105/predictions/protenix-v2/T2201/seed_102/predictions/T2201_summary_confidence_sample_0.selection_qa.json,10,9,0.951178,1.000000,0.500000,ok,
T2201,/scratch/10992/liaorunlong93/casp16-leaderboard/runs/server_v2_attack_scoreable_input_repair_overlay_msa_reuse_protenix5_seed101_105/predictions/protenix-v2/T2201/seed_103/predictions/T2201_sample_0.cif,/scratch/10992/liaorunlong93/casp16-leaderboard/runs/server_v2_attack_scoreable_input_repair_overlay_msa_reuse_protenix5_seed101_105/predictions/protenix-v2/T2201/seed_103/predictions/T2201_summary_confidence_sample_0.json,/scratch/10992/liaorunlong93/casp16-leaderboard/runs/server_v2_attack_scoreable_input_repair_overlay_msa_reuse_protenix5_seed101_105/predictions/protenix-v2/T2201/seed_103/predictions/T2201_summary_confidence_sample_0.selection_qa.json,10,9,0.953011,1.000000,0.500000,ok,
T2201,/scratch/10992/liaorunlong93/casp16-leaderboard/runs/server_v2_attack_scoreable_input_repair_overlay_msa_reuse_protenix5_seed101_105/predictions/protenix-v2/T2201/seed_104/predictions/T2201_sample_0.cif,/scratch/10992/liaorunlong93/casp16-leaderboard/runs/server_v2_attack_scoreable_input_repair_overlay_msa_reuse_protenix5_seed101_105/predictions/protenix-v2/T2201/seed_104/predictions/T2201_summary_confidence_sample_0.json,/scratch/10992/liaorunlong93/casp16-leaderboard/runs/server_v2_attack_scoreable_input_repair_overlay_msa_reuse_protenix5_seed101_105/predictions/protenix-v2/T2201/seed_104/predictions/T2201_summary_confidence_sample_0.selection_qa.json,10,9,0.914578,1.000000,0.500000,ok,
T2201,/scratch/10992/liaorunlong93/casp16-leaderboard/runs/server_v2_attack_scoreable_input_repair_overlay_msa_reuse_protenix5_seed101_105/predictions/protenix-v2/T2201/seed_105/predictions/T2201_sample_0.cif,/scratch/10992/liaorunlong93/casp16-leaderboard/runs/server_v2_attack_scoreable_input_repair_overlay_msa_reuse_protenix5_seed101_105/predictions/protenix-v2/T2201/seed_105/predictions/T2201_summary_confidence_sample_0.json,/scratch/10992/liaorunlong93/casp16-leaderboard/runs/server_v2_attack_scoreable_input_repair_overlay_msa_reuse_protenix5_seed101_105/predictions/protenix-v2/T2201/seed_105/predictions/T2201_summary_confidence_sample_0.selection_qa.json,10,9,0.914122,1.000000,0.500000,ok,
T2201,/scratch/10992/liaorunlong93/casp16-leaderboard/runs/server_v2_attack_scoreable_input_repair_overlay_msa_reuse_protenix5_seed101_105/predictions/protenix-v2/T2201O/seed_101/predictions/T2201O_sample_0.cif,/scratch/10992/liaorunlong93/casp16-leaderboard/runs/server_v2_attack_scoreable_input_repair_overlay_msa_reuse_protenix5_seed101_105/predictions/protenix-v2/T2201O/seed_101/predictions/T2201O_summary_confidence_sample_0.json,/scratch/10992/liaorunlong93/casp16-leaderboard/runs/server_v2_attack_scoreable_input_repair_overlay_msa_reuse_protenix5_seed101_105/predictions/protenix-v2/T2201O/seed_101/predictions/T2201O_summary_confidence_sample_0.selection_qa.json,10,9,0.952278,1.000000,0.500000,ok,
T2201,/scratch/10992/liaorunlong93/casp16-leaderboard/runs/server_v2_attack_scoreable_input_repair_overlay_msa_reuse_protenix5_seed101_105/predictions/protenix-v2/T2201O/seed_102/predictions/T2201O_sample_0.cif,/scratch/10992/liaorunlong93/casp16-leaderboard/runs/server_v2_attack_scoreable_input_repair_overlay_msa_reuse_protenix5_seed101_105/predictions/protenix-v2/T2201O/seed_102/predictions/T2201O_summary_confidence_sample_0.json,/scratch/10992/liaorunlong93/casp16-leaderboard/runs/server_v2_attack_scoreable_input_repair_overlay_msa_reuse_protenix5_seed101_105/predictions/protenix-v2/T2201O/seed_102/predictions/T2201O_summary_confidence_sample_0.selection_qa.json,10,9,0.944300,1.000000,0.500000,ok,
T2201,/scratch/10992/liaorunlong93/casp16-leaderboard/runs/server_v2_attack_scoreable_input_repair_overlay_msa_reuse_protenix5_seed101_105/predictions/protenix-v2/T2201O/seed_103/predictions/T2201O_sample_0.cif,/scratch/10992/liaorunlong93/casp16-leaderboard/runs/server_v2_attack_scoreable_input_repair_overlay_msa_reuse_protenix5_seed101_105/predictions/protenix-v2/T2201O/seed_103/predictions/T2201O_summary_confidence_sample_0.json,/scratch/10992/liaorunlong93/casp16-leaderboard/runs/server_v2_attack_scoreable_input_repair_overlay_msa_reuse_protenix5_seed101_105/predictions/protenix-v2/T2201O/seed_103/predictions/T2201O_summary_confidence_sample_0.selection_qa.json,10,9,0.945367,1.000000,0.500000,ok,
T2201,/scratch/10992/liaorunlong93/casp16-leaderboard/runs/server_v2_attack_scoreable_input_repair_overlay_msa_reuse_protenix5_seed101_105/predictions/protenix-v2/T2201O/seed_104/predictions/T2201O_sample_0.cif,/scratch/10992/liaorunlong93/casp16-leaderboard/runs/server_v2_attack_scoreable_input_repair_overlay_msa_reuse_protenix5_seed101_105/predictions/protenix-v2/T2201O/seed_104/predictions/T2201O_summary_confidence_sample_0.json,/scratch/10992/liaorunlong93/casp16-leaderboard/runs/server_v2_attack_scoreable_input_repair_overlay_msa_reuse_protenix5_seed101_105/predictions/protenix-v2/T2201O/seed_104/predictions/T2201O_summary_confidence_sample_0.selection_qa.json,10,9,0.943844,1.000000,0.500000,ok,
T2201,/scratch/10992/liaorunlong93/casp16-leaderboard/runs/server_v2_attack_scoreable_input_repair_overlay_msa_reuse_protenix5_seed101_105/predictions/protenix-v2/T2201O/seed_105/predictions/T2201O_sample_0.cif,/scratch/10992/liaorunlong93/casp16-leaderboard/runs/server_v2_attack_scoreable_input_repair_overlay_msa_reuse_protenix5_seed101_105/predictions/protenix-v2/T2201O/seed_105/predictions/T2201O_summary_confidence_sample_0.json,/scratch/10992/liaorunlong93/casp16-leaderboard/runs/server_v2_attack_scoreable_input_repair_overlay_msa_reuse_protenix5_seed101_105/predictions/protenix-v2/T2201O/seed_105/predictions/T2201O_summary_confidence_sample_0.selection_qa.json,10,9,0.948867,1.000000,0.500000,ok,
T2206,/scratch/10992/liaorunlong93/casp16-leaderboard/runs/server_v2_attack_scoreable_input_repair_overlay_msa_reuse_protenix5_seed101_105/predictions/protenix-v2/T2206/seed_101/predictions/T2206_sample_0.cif,/scratch/10992/liaorunlong93/casp16-leaderboard/runs/server_v2_attack_scoreable_input_repair_overlay_msa_reuse_protenix5_seed101_105/predictions/protenix-v2/T2206/seed_101/predictions/T2206_summary_confidence_sample_0.json,/scratch/10992/liaorunlong93/casp16-leaderboard/runs/server_v2_attack_scoreable_input_repair_overlay_msa_reuse_protenix5_seed101_105/predictions/protenix-v2/T2206/seed_101/predictions/T2206_summary_confidence_sample_0.selection_qa.json,10,9,0.972322,1.000000,0.500000,ok,
T2206,/scratch/10992/liaorunlong93/casp16-leaderboard/runs/server_v2_attack_scoreable_input_repair_overlay_msa_reuse_protenix5_seed101_105/predictions/protenix-v2/T2206/seed_102/predictions/T2206_sample_0.cif,/scratch/10992/liaorunlong93/casp16-leaderboard/runs/server_v2_attack_scoreable_input_repair_overlay_msa_reuse_protenix5_seed101_105/predictions/protenix-v2/T2206/seed_102/predictions/T2206_summary_confidence_sample_0.json,/scratch/10992/liaorunlong93/casp16-leaderboard/runs/server_v2_attack_scoreable_input_repair_overlay_msa_reuse_protenix5_seed101_105/predictions/protenix-v2/T2206/seed_102/predictions/T2206_summary_confidence_sample_0.selection_qa.json,10,9,0.977189,1.000000,0.500000,ok,
T2206,/scratch/10992/liaorunlong93/casp16-leaderboard/runs/server_v2_attack_scoreable_input_repair_overlay_msa_reuse_protenix5_seed101_105/predictions/protenix-v2/T2206/seed_103/predictions/T2206_sample_0.cif,/scratch/10992/liaorunlong93/casp16-leaderboard/runs/server_v2_attack_scoreable_input_repair_overlay_msa_reuse_protenix5_seed101_105/predictions/protenix-v2/T2206/seed_103/predictions/T2206_summary_confidence_sample_0.json,/scratch/10992/liaorunlong93/casp16-leaderboard/runs/server_v2_attack_scoreable_input_repair_overlay_msa_reuse_protenix5_seed101_105/predictions/protenix-v2/T2206/seed_103/predictions/T2206_summary_confidence_sample_0.selection_qa.json,10,9,0.971644,1.000000,0.500000,ok,
T2206,/scratch/10992/liaorunlong93/casp16-leaderboard/runs/server_v2_attack_scoreable_input_repair_overlay_msa_reuse_protenix5_seed101_105/predictions/protenix-v2/T2206/seed_104/predictions/T2206_sample_0.cif,/scratch/10992/liaorunlong93/casp16-leaderboard/runs/server_v2_attack_scoreable_input_repair_overlay_msa_reuse_protenix5_seed101_105/predictions/protenix-v2/T2206/seed_104/predictions/T2206_summary_confidence_sample_0.json,/scratch/10992/liaorunlong93/casp16-leaderboard/runs/server_v2_attack_scoreable_input_repair_overlay_msa_reuse_protenix5_seed101_105/predictions/protenix-v2/T2206/seed_104/predictions/T2206_summary_confidence_sample_0.selection_qa.json,10,9,0.972922,1.000000,0.500000,ok,
T2206,/scratch/10992/liaorunlong93/casp16-leaderboard/runs/server_v2_attack_scoreable_input_repair_overlay_msa_reuse_protenix5_seed101_105/predictions/protenix-v2/T2206/seed_105/predictions/T2206_sample_0.cif,/scratch/10992/liaorunlong93/casp16-leaderboard/runs/server_v2_attack_scoreable_input_repair_overlay_msa_reuse_protenix5_seed101_105/predictions/protenix-v2/T2206/seed_105/predictions/T2206_summary_confidence_sample_0.json,/scratch/10992/liaorunlong93/casp16-leaderboard/runs/server_v2_attack_scoreable_input_repair_overlay_msa_reuse_protenix5_seed101_105/predictions/protenix-v2/T2206/seed_105/predictions/T2206_summary_confidence_sample_0.selection_qa.json,10,9,0.967744,1.000000,0.500000,ok,
T2206,/scratch/10992/liaorunlong93/casp16-leaderboard/runs/server_v2_attack_scoreable_input_repair_overlay_msa_reuse_protenix5_seed101_105/predictions/protenix-v2/T2206O/seed_101/predictions/T2206O_sample_0.cif,/scratch/10992/liaorunlong93/casp16-leaderboard/runs/server_v2_attack_scoreable_input_repair_overlay_msa_reuse_protenix5_seed101_105/predictions/protenix-v2/T2206O/seed_101/predictions/T2206O_summary_confidence_sample_0.json,/scratch/10992/liaorunlong93/casp16-leaderboard/runs/server_v2_attack_scoreable_input_repair_overlay_msa_reuse_protenix5_seed101_105/predictions/protenix-v2/T2206O/seed_101/predictions/T2206O_summary_confidence_sample_0.selection_qa.json,10,9,0.972411,1.000000,0.500000,ok,
T2206,/scratch/10992/liaorunlong93/casp16-leaderboard/runs/server_v2_attack_scoreable_input_repair_overlay_msa_reuse_protenix5_seed101_105/predictions/protenix-v2/T2206O/seed_102/predictions/T2206O_sample_0.cif,/scratch/10992/liaorunlong93/casp16-leaderboard/runs/server_v2_attack_scoreable_input_repair_overlay_msa_reuse_protenix5_seed101_105/predictions/protenix-v2/T2206O/seed_102/predictions/T2206O_summary_confidence_sample_0.json,/scratch/10992/liaorunlong93/casp16-leaderboard/runs/server_v2_attack_scoreable_input_repair_overlay_msa_reuse_protenix5_seed101_105/predictions/protenix-v2/T2206O/seed_102/predictions/T2206O_summary_confidence_sample_0.selection_qa.json,10,9,0.976011,1.000000,0.500000,ok,
T2206,/scratch/10992/liaorunlong93/casp16-leaderboard/runs/server_v2_attack_scoreable_input_repair_overlay_msa_reuse_protenix5_seed101_105/predictions/protenix-v2/T2206O/seed_103/predictions/T2206O_sample_0.cif,/scratch/10992/liaorunlong93/casp16-leaderboard/runs/server_v2_attack_scoreable_input_repair_overlay_msa_reuse_protenix5_seed101_105/predictions/protenix-v2/T2206O/seed_103/predictions/T2206O_summary_confidence_sample_0.json,/scratch/10992/liaorunlong93/casp16-leaderboard/runs/server_v2_attack_scoreable_input_repair_overlay_msa_reuse_protenix5_seed101_105/predictions/protenix-v2/T2206O/seed_103/predictions/T2206O_summary_confidence_sample_0.selection_qa.json,10,9,0.974433,1.000000,0.500000,ok,
T2206,/scratch/10992/liaorunlong93/casp16-leaderboard/runs/server_v2_attack_scoreable_input_repair_overlay_msa_reuse_protenix5_seed101_105/predictions/protenix-v2/T2206O/seed_104/predictions/T2206O_sample_0.cif,/scratch/10992/liaorunlong93/casp16-leaderboard/runs/server_v2_attack_scoreable_input_repair_overlay_msa_reuse_protenix5_seed101_105/predictions/protenix-v2/T2206O/seed_104/predictions/T2206O_summary_confidence_sample_0.json,/scratch/10992/liaorunlong93/casp16-leaderboard/runs/server_v2_attack_scoreable_input_repair_overlay_msa_reuse_protenix5_seed101_105/predictions/protenix-v2/T2206O/seed_104/predictions/T2206O_summary_confidence_sample_0.selection_qa.json,10,9,0.968856,1.000000,0.500000,ok,
T2206,/scratch/10992/liaorunlong93/casp16-leaderboard/runs/server_v2_attack_scoreable_input_repair_overlay_msa_reuse_protenix5_seed101_105/predictions/protenix-v2/T2206O/seed_105/predictions/T2206O_sample_0.cif,/scratch/10992/liaorunlong93/casp16-leaderboard/runs/server_v2_attack_scoreable_input_repair_overlay_msa_reuse_protenix5_seed101_105/predictions/protenix-v2/T2206O/seed_105/predictions/T2206O_summary_confidence_sample_0.json,/scratch/10992/liaorunlong93/casp16-leaderboard/runs/server_v2_attack_scoreable_input_repair_overlay_msa_reuse_protenix5_seed101_105/predictions/protenix-v2/T2206O/seed_105/predictions/T2206O_summary_confidence_sample_0.selection_qa.json,10,9,0.976667,1.000000,0.500000,ok,
T2210,/scratch/10992/liaorunlong93/casp16-leaderboard/runs/server_v2_attack_scoreable_input_repair_overlay_msa_reuse_protenix5_seed101_105/predictions/protenix-v2/T2210/seed_101/predictions/T2210_sample_0.cif,/scratch/10992/liaorunlong93/casp16-leaderboard/runs/server_v2_attack_scoreable_input_repair_overlay_msa_reuse_protenix5_seed101_105/predictions/protenix-v2/T2210/seed_101/predictions/T2210_summary_confidence_sample_0.json,/scratch/10992/liaorunlong93/casp16-leaderboard/runs/server_v2_attack_scoreable_input_repair_overlay_msa_reuse_protenix5_seed101_105/predictions/protenix-v2/T2210/seed_101/predictions/T2210_summary_confidence_sample_0.selection_qa.json,5,4,0.955350,1.000000,0.500000,ok,
T2210,/scratch/10992/liaorunlong93/casp16-leaderboard/runs/server_v2_attack_scoreable_input_repair_overlay_msa_reuse_protenix5_seed101_105/predictions/protenix-v2/T2210/seed_102/predictions/T2210_sample_0.cif,/scratch/10992/liaorunlong93/casp16-leaderboard/runs/server_v2_attack_scoreable_input_repair_overlay_msa_reuse_protenix5_seed101_105/predictions/protenix-v2/T2210/seed_102/predictions/T2210_summary_confidence_sample_0.json,/scratch/10992/liaorunlong93/casp16-leaderboard/runs/server_v2_attack_scoreable_input_repair_overlay_msa_reuse_protenix5_seed101_105/predictions/protenix-v2/T2210/seed_102/predictions/T2210_summary_confidence_sample_0.selection_qa.json,5,4,0.951825,1.000000,0.500000,ok,
T2210,/scratch/10992/liaorunlong93/casp16-leaderboard/runs/server_v2_attack_scoreable_input_repair_overlay_msa_reuse_protenix5_seed101_105/predictions/protenix-v2/T2210/seed_103/predictions/T2210_sample_0.cif,/scratch/10992/liaorunlong93/casp16-leaderboard/runs/server_v2_attack_scoreable_input_repair_overlay_msa_reuse_protenix5_seed101_105/predictions/protenix-v2/T2210/seed_103/predictions/T2210_summary_confidence_sample_0.json,/scratch/10992/liaorunlong93/casp16-leaderboard/runs/server_v2_attack_scoreable_input_repair_overlay_msa_reuse_protenix5_seed101_105/predictions/protenix-v2/T2210/seed_103/predictions/T2210_summary_confidence_sample_0.selection_qa.json,5,4,0.955325,1.000000,0.500000,ok,
T2210,/scratch/10992/liaorunlong93/casp16-leaderboard/runs/server_v2_attack_scoreable_input_repair_overlay_msa_reuse_protenix5_seed101_105/predictions/protenix-v2/T2210/seed_104/predictions/T2210_sample_0.cif,/scratch/10992/liaorunlong93/casp16-leaderboard/runs/server_v2_attack_scoreable_input_repair_overlay_msa_reuse_protenix5_seed101_105/predictions/protenix-v2/T2210/seed_104/predictions/T2210_summary_confidence_sample_0.json,/scratch/10992/liaorunlong93/casp16-leaderboard/runs/server_v2_attack_scoreable_input_repair_overlay_msa_reuse_protenix5_seed101_105/predictions/protenix-v2/T2210/seed_104/predictions/T2210_summary_confidence_sample_0.selection_qa.json,5,4,0.961975,1.000000,0.500000,ok,
T2210,/scratch/10992/liaorunlong93/casp16-leaderboard/runs/server_v2_attack_scoreable_input_repair_overlay_msa_reuse_protenix5_seed101_105/predictions/protenix-v2/T2210/seed_105/predictions/T2210_sample_0.cif,/scratch/10992/liaorunlong93/casp16-leaderboard/runs/server_v2_attack_scoreable_input_repair_overlay_msa_reuse_protenix5_seed101_105/predictions/protenix-v2/T2210/seed_105/predictions/T2210_summary_confidence_sample_0.json,/scratch/10992/liaorunlong93/casp16-leaderboard/runs/server_v2_attack_scoreable_input_repair_overlay_msa_reuse_protenix5_seed101_105/predictions/protenix-v2/T2210/seed_105/predictions/T2210_summary_confidence_sample_0.selection_qa.json,5,4,0.958225,1.000000,0.500000,ok,
T2234,/scratch/10992/liaorunlong93/casp16-leaderboard/runs/server_v2_attack_scoreable_input_repair_overlay_msa_reuse_protenix5_seed101_105/predictions/protenix-v2/T2234/seed_101/predictions/T2234_sample_0.cif,/scratch/10992/liaorunlong93/casp16-leaderboard/runs/server_v2_attack_scoreable_input_repair_overlay_msa_reuse_protenix5_seed101_105/predictions/protenix-v2/T2234/seed_101/predictions/T2234_summary_confidence_sample_0.json,/scratch/10992/liaorunlong93/casp16-leaderboard/runs/server_v2_attack_scoreable_input_repair_overlay_msa_reuse_protenix5_seed101_105/predictions/protenix-v2/T2234/seed_101/predictions/T2234_summary_confidence_sample_0.selection_qa.json,10,9,0.901989,1.000000,0.500000,ok,
T2234,/scratch/10992/liaorunlong93/casp16-leaderboard/runs/server_v2_attack_scoreable_input_repair_overlay_msa_reuse_protenix5_seed101_105/predictions/protenix-v2/T2234/seed_102/predictions/T2234_sample_0.cif,/scratch/10992/liaorunlong93/casp16-leaderboard/runs/server_v2_attack_scoreable_input_repair_overlay_msa_reuse_protenix5_seed101_105/predictions/protenix-v2/T2234/seed_102/predictions/T2234_summary_confidence_sample_0.json,/scratch/10992/liaorunlong93/casp16-leaderboard/runs/server_v2_attack_scoreable_input_repair_overlay_msa_reuse_protenix5_seed101_105/predictions/protenix-v2/T2234/seed_102/predictions/T2234_summary_confidence_sample_0.selection_qa.json,10,9,0.903400,1.000000,0.500000,ok,
T2234,/scratch/10992/liaorunlong93/casp16-leaderboard/runs/server_v2_attack_scoreable_input_repair_overlay_msa_reuse_protenix5_seed101_105/predictions/protenix-v2/T2234/seed_103/predictions/T2234_sample_0.cif,/scratch/10992/liaorunlong93/casp16-leaderboard/runs/server_v2_attack_scoreable_input_repair_overlay_msa_reuse_protenix5_seed101_105/predictions/protenix-v2/T2234/seed_103/predictions/T2234_summary_confidence_sample_0.json,/scratch/10992/liaorunlong93/casp16-leaderboard/runs/server_v2_attack_scoreable_input_repair_overlay_msa_reuse_protenix5_seed101_105/predictions/protenix-v2/T2234/seed_103/predictions/T2234_summary_confidence_sample_0.selection_qa.json,10,9,0.824889,1.000000,0.500000,ok,
T2234,/scratch/10992/liaorunlong93/casp16-leaderboard/runs/server_v2_attack_scoreable_input_repair_overlay_msa_reuse_protenix5_seed101_105/predictions/protenix-v2/T2234/seed_104/predictions/T2234_sample_0.cif,/scratch/10992/liaorunlong93/casp16-leaderboard/runs/server_v2_attack_scoreable_input_repair_overlay_msa_reuse_protenix5_seed101_105/predictions/protenix-v2/T2234/seed_104/predictions/T2234_summary_confidence_sample_0.json,/scratch/10992/liaorunlong93/casp16-leaderboard/runs/server_v2_attack_scoreable_input_repair_overlay_msa_reuse_protenix5_seed101_105/predictions/protenix-v2/T2234/seed_104/predictions/T2234_summary_confidence_sample_0.selection_qa.json,10,9,0.721556,1.000000,0.500000,ok,
T2234,/scratch/10992/liaorunlong93/casp16-leaderboard/runs/server_v2_attack_scoreable_input_repair_overlay_msa_reuse_protenix5_seed101_105/predictions/protenix-v2/T2234/seed_105/predictions/T2234_sample_0.cif,/scratch/10992/liaorunlong93/casp16-leaderboard/runs/server_v2_attack_scoreable_input_repair_overlay_msa_reuse_protenix5_seed101_105/predictions/protenix-v2/T2234/seed_105/predictions/T2234_summary_confidence_sample_0.json,/scratch/10992/liaorunlong93/casp16-leaderboard/runs/server_v2_attack_scoreable_input_repair_overlay_msa_reuse_protenix5_seed101_105/predictions/protenix-v2/T2234/seed_105/predictions/T2234_summary_confidence_sample_0.selection_qa.json,10,9,0.919833,1.000000,0.500000,ok,
T2234,/scratch/10992/liaorunlong93/casp16-leaderboard/runs/server_v2_attack_scoreable_input_repair_overlay_msa_reuse_protenix5_seed101_105/predictions/protenix-v2/T2234O/seed_101/predictions/T2234O_sample_0.cif,/scratch/10992/liaorunlong93/casp16-leaderboard/runs/server_v2_attack_scoreable_input_repair_overlay_msa_reuse_protenix5_seed101_105/predictions/protenix-v2/T2234O/seed_101/predictions/T2234O_summary_confidence_sample_0.json,/scratch/10992/liaorunlong93/casp16-leaderboard/runs/server_v2_attack_scoreable_input_repair_overlay_msa_reuse_protenix5_seed101_105/predictions/protenix-v2/T2234O/seed_101/predictions/T2234O_summary_confidence_sample_0.selection_qa.json,10,9,0.905911,1.000000,0.500000,ok,
T2234,/scratch/10992/liaorunlong93/casp16-leaderboard/runs/server_v2_attack_scoreable_input_repair_overlay_msa_reuse_protenix5_seed101_105/predictions/protenix-v2/T2234O/seed_102/predictions/T2234O_sample_0.cif,/scratch/10992/liaorunlong93/casp16-leaderboard/runs/server_v2_attack_scoreable_input_repair_overlay_msa_reuse_protenix5_seed101_105/predictions/protenix-v2/T2234O/seed_102/predictions/T2234O_summary_confidence_sample_0.json,/scratch/10992/liaorunlong93/casp16-leaderboard/runs/server_v2_attack_scoreable_input_repair_overlay_msa_reuse_protenix5_seed101_105/predictions/protenix-v2/T2234O/seed_102/predictions/T2234O_summary_confidence_sample_0.selection_qa.json,10,9,0.916556,1.000000,0.500000,ok,
T2234,/scratch/10992/liaorunlong93/casp16-leaderboard/runs/server_v2_attack_scoreable_input_repair_overlay_msa_reuse_protenix5_seed101_105/predictions/protenix-v2/T2234O/seed_103/predictions/T2234O_sample_0.cif,/scratch/10992/liaorunlong93/casp16-leaderboard/runs/server_v2_attack_scoreable_input_repair_overlay_msa_reuse_protenix5_seed101_105/predictions/protenix-v2/T2234O/seed_103/predictions/T2234O_summary_confidence_sample_0.json,/scratch/10992/liaorunlong93/casp16-leaderboard/runs/server_v2_attack_scoreable_input_repair_overlay_msa_reuse_protenix5_seed101_105/predictions/protenix-v2/T2234O/seed_103/predictions/T2234O_summary_confidence_sample_0.selection_qa.json,10,9,0.910378,1.000000,0.500000,ok,
T2234,/scratch/10992/liaorunlong93/casp16-leaderboard/runs/server_v2_attack_scoreable_input_repair_overlay_msa_reuse_protenix5_seed101_105/predictions/protenix-v2/T2234O/seed_104/predictions/T2234O_sample_0.cif,/scratch/10992/liaorunlong93/casp16-leaderboard/runs/server_v2_attack_scoreable_input_repair_overlay_msa_reuse_protenix5_seed101_105/predictions/protenix-v2/T2234O/seed_104/predictions/T2234O_summary_confidence_sample_0.json,/scratch/10992/liaorunlong93/casp16-leaderboard/runs/server_v2_attack_scoreable_input_repair_overlay_msa_reuse_protenix5_seed101_105/predictions/protenix-v2/T2234O/seed_104/predictions/T2234O_summary_confidence_sample_0.selection_qa.json,10,9,0.914389,1.000000,0.500000,ok,
T2234,/scratch/10992/liaorunlong93/casp16-leaderboard/runs/server_v2_attack_scoreable_input_repair_overlay_msa_reuse_protenix5_seed101_105/predictions/protenix-v2/T2234O/seed_105/predictions/T2234O_sample_0.cif,/scratch/10992/liaorunlong93/casp16-leaderboard/runs/server_v2_attack_scoreable_input_repair_overlay_msa_reuse_protenix5_seed101_105/predictions/protenix-v2/T2234O/seed_105/predictions/T2234O_summary_confidence_sample_0.json,/scratch/10992/liaorunlong93/casp16-leaderboard/runs/server_v2_attack_scoreable_input_repair_overlay_msa_reuse_protenix5_seed101_105/predictions/protenix-v2/T2234O/seed_105/predictions/T2234O_summary_confidence_sample_0.selection_qa.json,10,9,0.890589,1.000000,0.500000,ok,
T2235,/scratch/10992/liaorunlong93/casp16-leaderboard/runs/server_v2_attack_scoreable_input_repair_overlay_msa_reuse_protenix5_seed101_105/predictions/protenix-v2/T2235/seed_101/predictions/T2235_sample_0.cif,/scratch/10992/liaorunlong93/casp16-leaderboard/runs/server_v2_attack_scoreable_input_repair_overlay_msa_reuse_protenix5_seed101_105/predictions/protenix-v2/T2235/seed_101/predictions/T2235_summary_confidence_sample_0.json,/scratch/10992/liaorunlong93/casp16-leaderboard/runs/server_v2_attack_scoreable_input_repair_overlay_msa_reuse_protenix5_seed101_105/predictions/protenix-v2/T2235/seed_101/predictions/T2235_summary_confidence_sample_0.selection_qa.json,10,9,0.944844,1.000000,0.500000,ok,
T2235,/scratch/10992/liaorunlong93/casp16-leaderboard/runs/server_v2_attack_scoreable_input_repair_overlay_msa_reuse_protenix5_seed101_105/predictions/protenix-v2/T2235/seed_102/predictions/T2235_sample_0.cif,/scratch/10992/liaorunlong93/casp16-leaderboard/runs/server_v2_attack_scoreable_input_repair_overlay_msa_reuse_protenix5_seed101_105/predictions/protenix-v2/T2235/seed_102/predictions/T2235_summary_confidence_sample_0.json,/scratch/10992/liaorunlong93/casp16-leaderboard/runs/server_v2_attack_scoreable_input_repair_overlay_msa_reuse_protenix5_seed101_105/predictions/protenix-v2/T2235/seed_102/predictions/T2235_summary_confidence_sample_0.selection_qa.json,10,9,0.944922,1.000000,0.500000,ok,
T2235,/scratch/10992/liaorunlong93/casp16-leaderboard/runs/server_v2_attack_scoreable_input_repair_overlay_msa_reuse_protenix5_seed101_105/predictions/protenix-v2/T2235/seed_103/predictions/T2235_sample_0.cif,/scratch/10992/liaorunlong93/casp16-leaderboard/runs/server_v2_attack_scoreable_input_repair_overlay_msa_reuse_protenix5_seed101_105/predictions/protenix-v2/T2235/seed_103/predictions/T2235_summary_confidence_sample_0.json,/scratch/10992/liaorunlong93/casp16-leaderboard/runs/server_v2_attack_scoreable_input_repair_overlay_msa_reuse_protenix5_seed101_105/predictions/protenix-v2/T2235/seed_103/predictions/T2235_summary_confidence_sample_0.selection_qa.json,10,9,0.927478,1.000000,0.500000,ok,
T2235,/scratch/10992/liaorunlong93/casp16-leaderboard/runs/server_v2_attack_scoreable_input_repair_overlay_msa_reuse_protenix5_seed101_105/predictions/protenix-v2/T2235/seed_104/predictions/T2235_sample_0.cif,/scratch/10992/liaorunlong93/casp16-leaderboard/runs/server_v2_attack_scoreable_input_repair_overlay_msa_reuse_protenix5_seed101_105/predictions/protenix-v2/T2235/seed_104/predictions/T2235_summary_confidence_sample_0.json,/scratch/10992/liaorunlong93/casp16-leaderboard/runs/server_v2_attack_scoreable_input_repair_overlay_msa_reuse_protenix5_seed101_105/predictions/protenix-v2/T2235/seed_104/predictions/T2235_summary_confidence_sample_0.selection_qa.json,10,9,0.927756,1.000000,0.500000,ok,
T2235,/scratch/10992/liaorunlong93/casp16-leaderboard/runs/server_v2_attack_scoreable_input_repair_overlay_msa_reuse_protenix5_seed101_105/predictions/protenix-v2/T2235/seed_105/predictions/T2235_sample_0.cif,/scratch/10992/liaorunlong93/casp16-leaderboard/runs/server_v2_attack_scoreable_input_repair_overlay_msa_reuse_protenix5_seed101_105/predictions/protenix-v2/T2235/seed_105/predictions/T2235_summary_confidence_sample_0.json,/scratch/10992/liaorunlong93/casp16-leaderboard/runs/server_v2_attack_scoreable_input_repair_overlay_msa_reuse_protenix5_seed101_105/predictions/protenix-v2/T2235/seed_105/predictions/T2235_summary_confidence_sample_0.selection_qa.json,10,9,0.915033,1.000000,0.500000,ok,
T2235,/scratch/10992/liaorunlong93/casp16-leaderboard/runs/server_v2_attack_scoreable_input_repair_overlay_msa_reuse_protenix5_seed101_105/predictions/protenix-v2/T2235O/seed_101/predictions/T2235O_sample_0.cif,/scratch/10992/liaorunlong93/casp16-leaderboard/runs/server_v2_attack_scoreable_input_repair_overlay_msa_reuse_protenix5_seed101_105/predictions/protenix-v2/T2235O/seed_101/predictions/T2235O_summary_confidence_sample_0.json,/scratch/10992/liaorunlong93/casp16-leaderboard/runs/server_v2_attack_scoreable_input_repair_overlay_msa_reuse_protenix5_seed101_105/predictions/protenix-v2/T2235O/seed_101/predictions/T2235O_summary_confidence_sample_0.selection_qa.json,10,9,0.909922,1.000000,0.500000,ok,
T2235,/scratch/10992/liaorunlong93/casp16-leaderboard/runs/server_v2_attack_scoreable_input_repair_overlay_msa_reuse_protenix5_seed101_105/predictions/protenix-v2/T2235O/seed_102/predictions/T2235O_sample_0.cif,/scratch/10992/liaorunlong93/casp16-leaderboard/runs/server_v2_attack_scoreable_input_repair_overlay_msa_reuse_protenix5_seed101_105/predictions/protenix-v2/T2235O/seed_102/predictions/T2235O_summary_confidence_sample_0.json,/scratch/10992/liaorunlong93/casp16-leaderboard/runs/server_v2_attack_scoreable_input_repair_overlay_msa_reuse_protenix5_seed101_105/predictions/protenix-v2/T2235O/seed_102/predictions/T2235O_summary_confidence_sample_0.selection_qa.json,10,9,0.941611,1.000000,0.500000,ok,
T2235,/scratch/10992/liaorunlong93/casp16-leaderboard/runs/server_v2_attack_scoreable_input_repair_overlay_msa_reuse_protenix5_seed101_105/predictions/protenix-v2/T2235O/seed_103/predictions/T2235O_sample_0.cif,/scratch/10992/liaorunlong93/casp16-leaderboard/runs/server_v2_attack_scoreable_input_repair_overlay_msa_reuse_protenix5_seed101_105/predictions/protenix-v2/T2235O/seed_103/predictions/T2235O_summary_confidence_sample_0.json,/scratch/10992/liaorunlong93/casp16-leaderboard/runs/server_v2_attack_scoreable_input_repair_overlay_msa_reuse_protenix5_seed101_105/predictions/protenix-v2/T2235O/seed_103/predictions/T2235O_summary_confidence_sample_0.selection_qa.json,10,9,0.947411,1.000000,0.500000,ok,
T2235,/scratch/10992/liaorunlong93/casp16-leaderboard/runs/server_v2_attack_scoreable_input_repair_overlay_msa_reuse_protenix5_seed101_105/predictions/protenix-v2/T2235O/seed_104/predictions/T2235O_sample_0.cif,/scratch/10992/liaorunlong93/casp16-leaderboard/runs/server_v2_attack_scoreable_input_repair_overlay_msa_reuse_protenix5_seed101_105/predictions/protenix-v2/T2235O/seed_104/predictions/T2235O_summary_confidence_sample_0.json,/scratch/10992/liaorunlong93/casp16-leaderboard/runs/server_v2_attack_scoreable_input_repair_overlay_msa_reuse_protenix5_seed101_105/predictions/protenix-v2/T2235O/seed_104/predictions/T2235O_summary_confidence_sample_0.selection_qa.json,10,9,0.939356,1.000000,0.500000,ok,
T2235,/scratch/10992/liaorunlong93/casp16-leaderboard/runs/server_v2_attack_scoreable_input_repair_overlay_msa_reuse_protenix5_seed101_105/predictions/protenix-v2/T2235O/seed_105/predictions/T2235O_sample_0.cif,/scratch/10992/liaorunlong93/casp16-leaderboard/runs/server_v2_attack_scoreable_input_repair_overlay_msa_reuse_protenix5_seed101_105/predictions/protenix-v2/T2235O/seed_105/predictions/T2235O_summary_confidence_sample_0.json,/scratch/10992/liaorunlong93/casp16-leaderboard/runs/server_v2_attack_scoreable_input_repair_overlay_msa_reuse_protenix5_seed101_105/predictions/protenix-v2/T2235O/seed_105/predictions/T2235O_summary_confidence_sample_0.selection_qa.json,10,9,0.909444,1.000000,0.500000,ok,
T2249V1,/scratch/10992/liaorunlong93/casp16-leaderboard/runs/server_v2_attack_scoreable_input_repair_overlay_msa_reuse_protenix5_seed101_105/predictions/protenix-v2/T2249V1/seed_101/predictions/T2249V1_sample_0.cif,/scratch/10992/liaorunlong93/casp16-leaderboard/runs/server_v2_attack_scoreable_input_repair_overlay_msa_reuse_protenix5_seed101_105/predictions/protenix-v2/T2249V1/seed_101/predictions/T2249V1_summary_confidence_sample_0.json,/scratch/10992/liaorunlong93/casp16-leaderboard/runs/server_v2_attack_scoreable_input_repair_overlay_msa_reuse_protenix5_seed101_105/predictions/protenix-v2/T2249V1/seed_101/predictions/T2249V1_summary_confidence_sample_0.selection_qa.json,10,9,0.752311,1.000000,0.500000,ok,
T2249V1,/scratch/10992/liaorunlong93/casp16-leaderboard/runs/server_v2_attack_scoreable_input_repair_overlay_msa_reuse_protenix5_seed101_105/predictions/protenix-v2/T2249V1/seed_102/predictions/T2249V1_sample_0.cif,/scratch/10992/liaorunlong93/casp16-leaderboard/runs/server_v2_attack_scoreable_input_repair_overlay_msa_reuse_protenix5_seed101_105/predictions/protenix-v2/T2249V1/seed_102/predictions/T2249V1_summary_confidence_sample_0.json,/scratch/10992/liaorunlong93/casp16-leaderboard/runs/server_v2_attack_scoreable_input_repair_overlay_msa_reuse_protenix5_seed101_105/predictions/protenix-v2/T2249V1/seed_102/predictions/T2249V1_summary_confidence_sample_0.selection_qa.json,10,9,0.735533,1.000000,0.500000,ok,
T2249V1,/scratch/10992/liaorunlong93/casp16-leaderboard/runs/server_v2_attack_scoreable_input_repair_overlay_msa_reuse_protenix5_seed101_105/predictions/protenix-v2/T2249V1/seed_103/predictions/T2249V1_sample_0.cif,/scratch/10992/liaorunlong93/casp16-leaderboard/runs/server_v2_attack_scoreable_input_repair_overlay_msa_reuse_protenix5_seed101_105/predictions/protenix-v2/T2249V1/seed_103/predictions/T2249V1_summary_confidence_sample_0.json,/scratch/10992/liaorunlong93/casp16-leaderboard/runs/server_v2_attack_scoreable_input_repair_overlay_msa_reuse_protenix5_seed101_105/predictions/protenix-v2/T2249V1/seed_103/predictions/T2249V1_summary_confidence_sample_0.selection_qa.json,10,9,0.723844,1.000000,0.500000,ok,
T2249V1,/scratch/10992/liaorunlong93/casp16-leaderboard/runs/server_v2_attack_scoreable_input_repair_overlay_msa_reuse_protenix5_seed101_105/predictions/protenix-v2/T2249V1/seed_104/predictions/T2249V1_sample_0.cif,/scratch/10992/liaorunlong93/casp16-leaderboard/runs/server_v2_attack_scoreable_input_repair_overlay_msa_reuse_protenix5_seed101_105/predictions/protenix-v2/T2249V1/seed_104/predictions/T2249V1_summary_confidence_sample_0.json,/scratch/10992/liaorunlong93/casp16-leaderboard/runs/server_v2_attack_scoreable_input_repair_overlay_msa_reuse_protenix5_seed101_105/predictions/protenix-v2/T2249V1/seed_104/predictions/T2249V1_summary_confidence_sample_0.selection_qa.json,10,9,0.721622,1.000000,0.500000,ok,
T2249V1,/scratch/10992/liaorunlong93/casp16-leaderboard/runs/server_v2_attack_scoreable_input_repair_overlay_msa_reuse_protenix5_seed101_105/predictions/protenix-v2/T2249V1/seed_105/predictions/T2249V1_sample_0.cif,/scratch/10992/liaorunlong93/casp16-leaderboard/runs/server_v2_attack_scoreable_input_repair_overlay_msa_reuse_protenix5_seed101_105/predictions/protenix-v2/T2249V1/seed_105/predictions/T2249V1_summary_confidence_sample_0.json,/scratch/10992/liaorunlong93/casp16-leaderboard/runs/server_v2_attack_scoreable_input_repair_overlay_msa_reuse_protenix5_seed101_105/predictions/protenix-v2/T2249V1/seed_105/predictions/T2249V1_summary_confidence_sample_0.selection_qa.json,10,9,0.763444,1.000000,0.500000,ok,
T2249V1,/scratch/10992/liaorunlong93/casp16-leaderboard/runs/server_v2_attack_scoreable_input_repair_overlay_msa_reuse_protenix5_seed101_105/predictions/protenix-v2/T2249V1O/seed_101/predictions/T2249V1O_sample_0.cif,/scratch/10992/liaorunlong93/casp16-leaderboard/runs/server_v2_attack_scoreable_input_repair_overlay_msa_reuse_protenix5_seed101_105/predictions/protenix-v2/T2249V1O/seed_101/predictions/T2249V1O_summary_confidence_sample_0.json,/scratch/10992/liaorunlong93/casp16-leaderboard/runs/server_v2_attack_scoreable_input_repair_overlay_msa_reuse_protenix5_seed101_105/predictions/protenix-v2/T2249V1O/seed_101/predictions/T2249V1O_summary_confidence_sample_0.selection_qa.json,10,9,0.721478,1.000000,0.500000,ok,
T2249V1,/scratch/10992/liaorunlong93/casp16-leaderboard/runs/server_v2_attack_scoreable_input_repair_overlay_msa_reuse_protenix5_seed101_105/predictions/protenix-v2/T2249V1O/seed_102/predictions/T2249V1O_sample_0.cif,/scratch/10992/liaorunlong93/casp16-leaderboard/runs/server_v2_attack_scoreable_input_repair_overlay_msa_reuse_protenix5_seed101_105/predictions/protenix-v2/T2249V1O/seed_102/predictions/T2249V1O_summary_confidence_sample_0.json,/scratch/10992/liaorunlong93/casp16-leaderboard/runs/server_v2_attack_scoreable_input_repair_overlay_msa_reuse_protenix5_seed101_105/predictions/protenix-v2/T2249V1O/seed_102/predictions/T2249V1O_summary_confidence_sample_0.selection_qa.json,10,9,0.703933,1.000000,0.500000,ok,
T2249V1,/scratch/10992/liaorunlong93/casp16-leaderboard/runs/server_v2_attack_scoreable_input_repair_overlay_msa_reuse_protenix5_seed101_105/predictions/protenix-v2/T2249V1O/seed_103/predictions/T2249V1O_sample_0.cif,/scratch/10992/liaorunlong93/casp16-leaderboard/runs/server_v2_attack_scoreable_input_repair_overlay_msa_reuse_protenix5_seed101_105/predictions/protenix-v2/T2249V1O/seed_103/predictions/T2249V1O_summary_confidence_sample_0.json,/scratch/10992/liaorunlong93/casp16-leaderboard/runs/server_v2_attack_scoreable_input_repair_overlay_msa_reuse_protenix5_seed101_105/predictions/protenix-v2/T2249V1O/seed_103/predictions/T2249V1O_summary_confidence_sample_0.selection_qa.json,10,9,0.759178,1.000000,0.500000,ok,
T2249V1,/scratch/10992/liaorunlong93/casp16-leaderboard/runs/server_v2_attack_scoreable_input_repair_overlay_msa_reuse_protenix5_seed101_105/predictions/protenix-v2/T2249V1O/seed_104/predictions/T2249V1O_sample_0.cif,/scratch/10992/liaorunlong93/casp16-leaderboard/runs/server_v2_attack_scoreable_input_repair_overlay_msa_reuse_protenix5_seed101_105/predictions/protenix-v2/T2249V1O/seed_104/predictions/T2249V1O_summary_confidence_sample_0.json,/scratch/10992/liaorunlong93/casp16-leaderboard/runs/server_v2_attack_scoreable_input_repair_overlay_msa_reuse_protenix5_seed101_105/predictions/protenix-v2/T2249V1O/seed_104/predictions/T2249V1O_summary_confidence_sample_0.selection_qa.json,10,9,0.708800,1.000000,0.500000,ok,
T2249V1,/scratch/10992/liaorunlong93/casp16-leaderboard/runs/server_v2_attack_scoreable_input_repair_overlay_msa_reuse_protenix5_seed101_105/predictions/protenix-v2/T2249V1O/seed_105/predictions/T2249V1O_sample_0.cif,/scratch/10992/liaorunlong93/casp16-leaderboard/runs/server_v2_attack_scoreable_input_repair_overlay_msa_reuse_protenix5_seed101_105/predictions/protenix-v2/T2249V1O/seed_105/predictions/T2249V1O_summary_confidence_sample_0.json,/scratch/10992/liaorunlong93/casp16-leaderboard/runs/server_v2_attack_scoreable_input_repair_overlay_msa_reuse_protenix5_seed101_105/predictions/protenix-v2/T2249V1O/seed_105/predictions/T2249V1O_summary_confidence_sample_0.selection_qa.json,10,9,0.765456,1.000000,0.500000,ok,
T2266,/scratch/10992/liaorunlong93/casp16-leaderboard/runs/server_v2_attack_scoreable_input_repair_overlay_msa_reuse_protenix5_seed101_105/predictions/protenix-v2/T2266/seed_101/predictions/T2266_sample_0.cif,/scratch/10992/liaorunlong93/casp16-leaderboard/runs/server_v2_attack_scoreable_input_repair_overlay_msa_reuse_protenix5_seed101_105/predictions/protenix-v2/T2266/seed_101/predictions/T2266_summary_confidence_sample_0.json,/scratch/10992/liaorunlong93/casp16-leaderboard/runs/server_v2_attack_scoreable_input_repair_overlay_msa_reuse_protenix5_seed101_105/predictions/protenix-v2/T2266/seed_101/predictions/T2266_summary_confidence_sample_0.selection_qa.json,5,4,0.967150,1.000000,0.500000,ok,
T2266,/scratch/10992/liaorunlong93/casp16-leaderboard/runs/server_v2_attack_scoreable_input_repair_overlay_msa_reuse_protenix5_seed101_105/predictions/protenix-v2/T2266/seed_102/predictions/T2266_sample_0.cif,/scratch/10992/liaorunlong93/casp16-leaderboard/runs/server_v2_attack_scoreable_input_repair_overlay_msa_reuse_protenix5_seed101_105/predictions/protenix-v2/T2266/seed_102/predictions/T2266_summary_confidence_sample_0.json,/scratch/10992/liaorunlong93/casp16-leaderboard/runs/server_v2_attack_scoreable_input_repair_overlay_msa_reuse_protenix5_seed101_105/predictions/protenix-v2/T2266/seed_102/predictions/T2266_summary_confidence_sample_0.selection_qa.json,5,4,0.961050,1.000000,0.500000,ok,
T2266,/scratch/10992/liaorunlong93/casp16-leaderboard/runs/server_v2_attack_scoreable_input_repair_overlay_msa_reuse_protenix5_seed101_105/predictions/protenix-v2/T2266/seed_103/predictions/T2266_sample_0.cif,/scratch/10992/liaorunlong93/casp16-leaderboard/runs/server_v2_attack_scoreable_input_repair_overlay_msa_reuse_protenix5_seed101_105/predictions/protenix-v2/T2266/seed_103/predictions/T2266_summary_confidence_sample_0.json,/scratch/10992/liaorunlong93/casp16-leaderboard/runs/server_v2_attack_scoreable_input_repair_overlay_msa_reuse_protenix5_seed101_105/predictions/protenix-v2/T2266/seed_103/predictions/T2266_summary_confidence_sample_0.selection_qa.json,5,4,0.963350,1.000000,0.500000,ok,
T2266,/scratch/10992/liaorunlong93/casp16-leaderboard/runs/server_v2_attack_scoreable_input_repair_overlay_msa_reuse_protenix5_seed101_105/predictions/protenix-v2/T2266/seed_104/predictions/T2266_sample_0.cif,/scratch/10992/liaorunlong93/casp16-leaderboard/runs/server_v2_attack_scoreable_input_repair_overlay_msa_reuse_protenix5_seed101_105/predictions/protenix-v2/T2266/seed_104/predictions/T2266_summary_confidence_sample_0.json,/scratch/10992/liaorunlong93/casp16-leaderboard/runs/server_v2_attack_scoreable_input_repair_overlay_msa_reuse_protenix5_seed101_105/predictions/protenix-v2/T2266/seed_104/predictions/T2266_summary_confidence_sample_0.selection_qa.json,5,4,0.966475,1.000000,0.500000,ok,
T2266,/scratch/10992/liaorunlong93/casp16-leaderboard/runs/server_v2_attack_scoreable_input_repair_overlay_msa_reuse_protenix5_seed101_105/predictions/protenix-v2/T2266/seed_105/predictions/T2266_sample_0.cif,/scratch/10992/liaorunlong93/casp16-leaderboard/runs/server_v2_attack_scoreable_input_repair_overlay_msa_reuse_protenix5_seed101_105/predictions/protenix-v2/T2266/seed_105/predictions/T2266_summary_confidence_sample_0.json,/scratch/10992/liaorunlong93/casp16-leaderboard/runs/server_v2_attack_scoreable_input_repair_overlay_msa_reuse_protenix5_seed101_105/predictions/protenix-v2/T2266/seed_105/predictions/T2266_summary_confidence_sample_0.selection_qa.json,5,4,0.948525,1.000000,0.500000,ok,
T2269,/scratch/10992/liaorunlong93/casp16-leaderboard/runs/server_v2_attack_scoreable_input_repair_overlay_msa_reuse_protenix5_seed101_105/predictions/protenix-v2/T2269/seed_101/predictions/T2269_sample_0.cif,/scratch/10992/liaorunlong93/casp16-leaderboard/runs/server_v2_attack_scoreable_input_repair_overlay_msa_reuse_protenix5_seed101_105/predictions/protenix-v2/T2269/seed_101/predictions/T2269_summary_confidence_sample_0.json,/scratch/10992/liaorunlong93/casp16-leaderboard/runs/server_v2_attack_scoreable_input_repair_overlay_msa_reuse_protenix5_seed101_105/predictions/protenix-v2/T2269/seed_101/predictions/T2269_summary_confidence_sample_0.selection_qa.json,5,4,0.886025,1.000000,0.500000,ok,
T2269,/scratch/10992/liaorunlong93/casp16-leaderboard/runs/server_v2_attack_scoreable_input_repair_overlay_msa_reuse_protenix5_seed101_105/predictions/protenix-v2/T2269/seed_102/predictions/T2269_sample_0.cif,/scratch/10992/liaorunlong93/casp16-leaderboard/runs/server_v2_attack_scoreable_input_repair_overlay_msa_reuse_protenix5_seed101_105/predictions/protenix-v2/T2269/seed_102/predictions/T2269_summary_confidence_sample_0.json,/scratch/10992/liaorunlong93/casp16-leaderboard/runs/server_v2_attack_scoreable_input_repair_overlay_msa_reuse_protenix5_seed101_105/predictions/protenix-v2/T2269/seed_102/predictions/T2269_summary_confidence_sample_0.selection_qa.json,5,4,0.881425,1.000000,0.500000,ok,
T2269,/scratch/10992/liaorunlong93/casp16-leaderboard/runs/server_v2_attack_scoreable_input_repair_overlay_msa_reuse_protenix5_seed101_105/predictions/protenix-v2/T2269/seed_103/predictions/T2269_sample_0.cif,/scratch/10992/liaorunlong93/casp16-leaderboard/runs/server_v2_attack_scoreable_input_repair_overlay_msa_reuse_protenix5_seed101_105/predictions/protenix-v2/T2269/seed_103/predictions/T2269_summary_confidence_sample_0.json,/scratch/10992/liaorunlong93/casp16-leaderboard/runs/server_v2_attack_scoreable_input_repair_overlay_msa_reuse_protenix5_seed101_105/predictions/protenix-v2/T2269/seed_103/predictions/T2269_summary_confidence_sample_0.selection_qa.json,5,4,0.889350,1.000000,0.500000,ok,
T2269,/scratch/10992/liaorunlong93/casp16-leaderboard/runs/server_v2_attack_scoreable_input_repair_overlay_msa_reuse_protenix5_seed101_105/predictions/protenix-v2/T2269/seed_104/predictions/T2269_sample_0.cif,/scratch/10992/liaorunlong93/casp16-leaderboard/runs/server_v2_attack_scoreable_input_repair_overlay_msa_reuse_protenix5_seed101_105/predictions/protenix-v2/T2269/seed_104/predictions/T2269_summary_confidence_sample_0.json,/scratch/10992/liaorunlong93/casp16-leaderboard/runs/server_v2_attack_scoreable_input_repair_overlay_msa_reuse_protenix5_seed101_105/predictions/protenix-v2/T2269/seed_104/predictions/T2269_summary_confidence_sample_0.selection_qa.json,5,4,0.880600,1.000000,0.500000,ok,
T2269,/scratch/10992/liaorunlong93/casp16-leaderboard/runs/server_v2_attack_scoreable_input_repair_overlay_msa_reuse_protenix5_seed101_105/predictions/protenix-v2/T2269/seed_105/predictions/T2269_sample_0.cif,/scratch/10992/liaorunlong93/casp16-leaderboard/runs/server_v2_attack_scoreable_input_repair_overlay_msa_reuse_protenix5_seed101_105/predictions/protenix-v2/T2269/seed_105/predictions/T2269_summary_confidence_sample_0.json,/scratch/10992/liaorunlong93/casp16-leaderboard/runs/server_v2_attack_scoreable_input_repair_overlay_msa_reuse_protenix5_seed101_105/predictions/protenix-v2/T2269/seed_105/predictions/T2269_summary_confidence_sample_0.selection_qa.json,5,4,0.877700,1.000000,0.500000,ok,
T2280,/scratch/10992/liaorunlong93/casp16-leaderboard/runs/server_v2_attack_scoreable_input_repair_overlay_msa_reuse_protenix5_seed101_105/predictions/protenix-v2/T2280/seed_101/predictions/T2280_sample_0.cif,/scratch/10992/liaorunlong93/casp16-leaderboard/runs/server_v2_attack_scoreable_input_repair_overlay_msa_reuse_protenix5_seed101_105/predictions/protenix-v2/T2280/seed_101/predictions/T2280_summary_confidence_sample_0.json,/scratch/10992/liaorunlong93/casp16-leaderboard/runs/server_v2_attack_scoreable_input_repair_overlay_msa_reuse_protenix5_seed101_105/predictions/protenix-v2/T2280/seed_101/predictions/T2280_summary_confidence_sample_0.selection_qa.json,5,4,0.986075,1.000000,0.500000,ok,
T2280,/scratch/10992/liaorunlong93/casp16-leaderboard/runs/server_v2_attack_scoreable_input_repair_overlay_msa_reuse_protenix5_seed101_105/predictions/protenix-v2/T2280/seed_102/predictions/T2280_sample_0.cif,/scratch/10992/liaorunlong93/casp16-leaderboard/runs/server_v2_attack_scoreable_input_repair_overlay_msa_reuse_protenix5_seed101_105/predictions/protenix-v2/T2280/seed_102/predictions/T2280_summary_confidence_sample_0.json,/scratch/10992/liaorunlong93/casp16-leaderboard/runs/server_v2_attack_scoreable_input_repair_overlay_msa_reuse_protenix5_seed101_105/predictions/protenix-v2/T2280/seed_102/predictions/T2280_summary_confidence_sample_0.selection_qa.json,5,4,0.988025,1.000000,0.500000,ok,
T2280,/scratch/10992/liaorunlong93/casp16-leaderboard/runs/server_v2_attack_scoreable_input_repair_overlay_msa_reuse_protenix5_seed101_105/predictions/protenix-v2/T2280/seed_103/predictions/T2280_sample_0.cif,/scratch/10992/liaorunlong93/casp16-leaderboard/runs/server_v2_attack_scoreable_input_repair_overlay_msa_reuse_protenix5_seed101_105/predictions/protenix-v2/T2280/seed_103/predictions/T2280_summary_confidence_sample_0.json,/scratch/10992/liaorunlong93/casp16-leaderboard/runs/server_v2_attack_scoreable_input_repair_overlay_msa_reuse_protenix5_seed101_105/predictions/protenix-v2/T2280/seed_103/predictions/T2280_summary_confidence_sample_0.selection_qa.json,5,4,0.989800,1.000000,0.500000,ok,
T2280,/scratch/10992/liaorunlong93/casp16-leaderboard/runs/server_v2_attack_scoreable_input_repair_overlay_msa_reuse_protenix5_seed101_105/predictions/protenix-v2/T2280/seed_104/predictions/T2280_sample_0.cif,/scratch/10992/liaorunlong93/casp16-leaderboard/runs/server_v2_attack_scoreable_input_repair_overlay_msa_reuse_protenix5_seed101_105/predictions/protenix-v2/T2280/seed_104/predictions/T2280_summary_confidence_sample_0.json,/scratch/10992/liaorunlong93/casp16-leaderboard/runs/server_v2_attack_scoreable_input_repair_overlay_msa_reuse_protenix5_seed101_105/predictions/protenix-v2/T2280/seed_104/predictions/T2280_summary_confidence_sample_0.selection_qa.json,5,4,0.987525,1.000000,0.500000,ok,
T2280,/scratch/10992/liaorunlong93/casp16-leaderboard/runs/server_v2_attack_scoreable_input_repair_overlay_msa_reuse_protenix5_seed101_105/predictions/protenix-v2/T2280/seed_105/predictions/T2280_sample_0.cif,/scratch/10992/liaorunlong93/casp16-leaderboard/runs/server_v2_attack_scoreable_input_repair_overlay_msa_reuse_protenix5_seed101_105/predictions/protenix-v2/T2280/seed_105/predictions/T2280_summary_confidence_sample_0.json,/scratch/10992/liaorunlong93/casp16-leaderboard/runs/server_v2_attack_scoreable_input_repair_overlay_msa_reuse_protenix5_seed101_105/predictions/protenix-v2/T2280/seed_105/predictions/T2280_summary_confidence_sample_0.selection_qa.json,5,4,0.986375,1.000000,0.500000,ok,
T1212,/scratch/10992/liaorunlong93/casp16-leaderboard/runs/server_v2_attack_scoreable_input_repair_overlay_msa_reuse_protenix5_seed101_105/predictions/protenix-v2/T1212/seed_101/predictions/T1212_sample_0.cif,/scratch/10992/liaorunlong93/casp16-leaderboard/runs/server_v2_attack_scoreable_input_repair_overlay_msa_reuse_protenix5_seed101_105/predictions/protenix-v2/T1212/seed_101/predictions/T1212_summary_confidence_sample_0.json,/scratch/10992/liaorunlong93/casp16-leaderboard/runs/server_v2_attack_scoreable_input_repair_overlay_msa_reuse_protenix5_seed101_105/predictions/protenix-v2/T1212/seed_101/predictions/T1212_summary_confidence_sample_0.selection_qa.json,5,4,0.974550,1.000000,0.500000,ok,
T1212,/scratch/10992/liaorunlong93/casp16-leaderboard/runs/server_v2_attack_scoreable_input_repair_overlay_msa_reuse_protenix5_seed101_105/predictions/protenix-v2/T1212/seed_102/predictions/T1212_sample_0.cif,/scratch/10992/liaorunlong93/casp16-leaderboard/runs/server_v2_attack_scoreable_input_repair_overlay_msa_reuse_protenix5_seed101_105/predictions/protenix-v2/T1212/seed_102/predictions/T1212_summary_confidence_sample_0.json,/scratch/10992/liaorunlong93/casp16-leaderboard/runs/server_v2_attack_scoreable_input_repair_overlay_msa_reuse_protenix5_seed101_105/predictions/protenix-v2/T1212/seed_102/predictions/T1212_summary_confidence_sample_0.selection_qa.json,5,4,0.977800,1.000000,0.500000,ok,
T1212,/scratch/10992/liaorunlong93/casp16-leaderboard/runs/server_v2_attack_scoreable_input_repair_overlay_msa_reuse_protenix5_seed101_105/predictions/protenix-v2/T1212/seed_103/predictions/T1212_sample_0.cif,/scratch/10992/liaorunlong93/casp16-leaderboard/runs/server_v2_attack_scoreable_input_repair_overlay_msa_reuse_protenix5_seed101_105/predictions/protenix-v2/T1212/seed_103/predictions/T1212_summary_confidence_sample_0.json,/scratch/10992/liaorunlong93/casp16-leaderboard/runs/server_v2_attack_scoreable_input_repair_overlay_msa_reuse_protenix5_seed101_105/predictions/protenix-v2/T1212/seed_103/predictions/T1212_summary_confidence_sample_0.selection_qa.json,5,4,0.972175,1.000000,0.500000,ok,
T1212,/scratch/10992/liaorunlong93/casp16-leaderboard/runs/server_v2_attack_scoreable_input_repair_overlay_msa_reuse_protenix5_seed101_105/predictions/protenix-v2/T1212/seed_104/predictions/T1212_sample_0.cif,/scratch/10992/liaorunlong93/casp16-leaderboard/runs/server_v2_attack_scoreable_input_repair_overlay_msa_reuse_protenix5_seed101_105/predictions/protenix-v2/T1212/seed_104/predictions/T1212_summary_confidence_sample_0.json,/scratch/10992/liaorunlong93/casp16-leaderboard/runs/server_v2_attack_scoreable_input_repair_overlay_msa_reuse_protenix5_seed101_105/predictions/protenix-v2/T1212/seed_104/predictions/T1212_summary_confidence_sample_0.selection_qa.json,5,4,0.980050,1.000000,0.500000,ok,
T1212,/scratch/10992/liaorunlong93/casp16-leaderboard/runs/server_v2_attack_scoreable_input_repair_overlay_msa_reuse_protenix5_seed101_105/predictions/protenix-v2/T1212/seed_105/predictions/T1212_sample_0.cif,/scratch/10992/liaorunlong93/casp16-leaderboard/runs/server_v2_attack_scoreable_input_repair_overlay_msa_reuse_protenix5_seed101_105/predictions/protenix-v2/T1212/seed_105/predictions/T1212_summary_confidence_sample_0.json,/scratch/10992/liaorunlong93/casp16-leaderboard/runs/server_v2_attack_scoreable_input_repair_overlay_msa_reuse_protenix5_seed101_105/predictions/protenix-v2/T1212/seed_105/predictions/T1212_summary_confidence_sample_0.selection_qa.json,5,4,0.969075,1.000000,0.500000,ok,
T1239V2,/scratch/10992/liaorunlong93/casp16-leaderboard/runs/server_v2_attack_scoreable_input_repair_overlay_msa_reuse_protenix5_seed101_105/predictions/protenix-v2/T1239V2/seed_101/predictions/T1239V2_sample_0.cif,/scratch/10992/liaorunlong93/casp16-leaderboard/runs/server_v2_attack_scoreable_input_repair_overlay_msa_reuse_protenix5_seed101_105/predictions/protenix-v2/T1239V2/seed_101/predictions/T1239V2_summary_confidence_sample_0.json,/scratch/10992/liaorunlong93/casp16-leaderboard/runs/server_v2_attack_scoreable_input_repair_overlay_msa_reuse_protenix5_seed101_105/predictions/protenix-v2/T1239V2/seed_101/predictions/T1239V2_summary_confidence_sample_0.selection_qa.json,5,4,0.443350,0.400000,0.500000,ok,
T1239V2,/scratch/10992/liaorunlong93/casp16-leaderboard/runs/server_v2_attack_scoreable_input_repair_overlay_msa_reuse_protenix5_seed101_105/predictions/protenix-v2/T1239V2/seed_102/predictions/T1239V2_sample_0.cif,/scratch/10992/liaorunlong93/casp16-leaderboard/runs/server_v2_attack_scoreable_input_repair_overlay_msa_reuse_protenix5_seed101_105/predictions/protenix-v2/T1239V2/seed_102/predictions/T1239V2_summary_confidence_sample_0.json,/scratch/10992/liaorunlong93/casp16-leaderboard/runs/server_v2_attack_scoreable_input_repair_overlay_msa_reuse_protenix5_seed101_105/predictions/protenix-v2/T1239V2/seed_102/predictions/T1239V2_summary_confidence_sample_0.selection_qa.json,5,4,0.508525,0.600000,0.500000,ok,
T1239V2,/scratch/10992/liaorunlong93/casp16-leaderboard/runs/server_v2_attack_scoreable_input_repair_overlay_msa_reuse_protenix5_seed101_105/predictions/protenix-v2/T1239V2/seed_103/predictions/T1239V2_sample_0.cif,/scratch/10992/liaorunlong93/casp16-leaderboard/runs/server_v2_attack_scoreable_input_repair_overlay_msa_reuse_protenix5_seed101_105/predictions/protenix-v2/T1239V2/seed_103/predictions/T1239V2_summary_confidence_sample_0.json,/scratch/10992/liaorunlong93/casp16-leaderboard/runs/server_v2_attack_scoreable_input_repair_overlay_msa_reuse_protenix5_seed101_105/predictions/protenix-v2/T1239V2/seed_103/predictions/T1239V2_summary_confidence_sample_0.selection_qa.json,5,4,0.480275,0.400000,0.500000,ok,
T1239V2,/scratch/10992/liaorunlong93/casp16-leaderboard/runs/server_v2_attack_scoreable_input_repair_overlay_msa_reuse_protenix5_seed101_105/predictions/protenix-v2/T1239V2/seed_104/predictions/T1239V2_sample_0.cif,/scratch/10992/liaorunlong93/casp16-leaderboard/runs/server_v2_attack_scoreable_input_repair_overlay_msa_reuse_protenix5_seed101_105/predictions/protenix-v2/T1239V2/seed_104/predictions/T1239V2_summary_confidence_sample_0.json,/scratch/10992/liaorunlong93/casp16-leaderboard/runs/server_v2_attack_scoreable_input_repair_overlay_msa_reuse_protenix5_seed101_105/predictions/protenix-v2/T1239V2/seed_104/predictions/T1239V2_summary_confidence_sample_0.selection_qa.json,5,4,0.486575,0.400000,0.500000,ok,
T1239V2,/scratch/10992/liaorunlong93/casp16-leaderboard/runs/server_v2_attack_scoreable_input_repair_overlay_msa_reuse_protenix5_seed101_105/predictions/protenix-v2/T1239V2/seed_105/predictions/T1239V2_sample_0.cif,/scratch/10992/liaorunlong93/casp16-leaderboard/runs/server_v2_attack_scoreable_input_repair_overlay_msa_reuse_protenix5_seed101_105/predictions/protenix-v2/T1239V2/seed_105/predictions/T1239V2_summary_confidence_sample_0.json,/scratch/10992/liaorunlong93/casp16-leaderboard/runs/server_v2_attack_scoreable_input_repair_overlay_msa_reuse_protenix5_seed101_105/predictions/protenix-v2/T1239V2/seed_105/predictions/T1239V2_summary_confidence_sample_0.selection_qa.json,5,4,0.455225,0.400000,0.500000,ok,
T1249V2O,/scratch/10992/liaorunlong93/casp16-leaderboard/runs/server_v2_attack_scoreable_input_repair_overlay_msa_reuse_protenix5_seed101_105/predictions/protenix-v2/T1249V2O/seed_101/predictions/T1249V2O_sample_0.cif,/scratch/10992/liaorunlong93/casp16-leaderboard/runs/server_v2_attack_scoreable_input_repair_overlay_msa_reuse_protenix5_seed101_105/predictions/protenix-v2/T1249V2O/seed_101/predictions/T1249V2O_summary_confidence_sample_0.json,/scratch/10992/liaorunlong93/casp16-leaderboard/runs/server_v2_attack_scoreable_input_repair_overlay_msa_reuse_protenix5_seed101_105/predictions/protenix-v2/T1249V2O/seed_101/predictions/T1249V2O_summary_confidence_sample_0.selection_qa.json,5,4,0.692225,1.000000,0.500000,ok,
T1249V2O,/scratch/10992/liaorunlong93/casp16-leaderboard/runs/server_v2_attack_scoreable_input_repair_overlay_msa_reuse_protenix5_seed101_105/predictions/protenix-v2/T1249V2O/seed_102/predictions/T1249V2O_sample_0.cif,/scratch/10992/liaorunlong93/casp16-leaderboard/runs/server_v2_attack_scoreable_input_repair_overlay_msa_reuse_protenix5_seed101_105/predictions/protenix-v2/T1249V2O/seed_102/predictions/T1249V2O_summary_confidence_sample_0.json,/scratch/10992/liaorunlong93/casp16-leaderboard/runs/server_v2_attack_scoreable_input_repair_overlay_msa_reuse_protenix5_seed101_105/predictions/protenix-v2/T1249V2O/seed_102/predictions/T1249V2O_summary_confidence_sample_0.selection_qa.json,5,4,0.723125,1.000000,0.500000,ok,
T1249V2O,/scratch/10992/liaorunlong93/casp16-leaderboard/runs/server_v2_attack_scoreable_input_repair_overlay_msa_reuse_protenix5_seed101_105/predictions/protenix-v2/T1249V2O/seed_103/predictions/T1249V2O_sample_0.cif,/scratch/10992/liaorunlong93/casp16-leaderboard/runs/server_v2_attack_scoreable_input_repair_overlay_msa_reuse_protenix5_seed101_105/predictions/protenix-v2/T1249V2O/seed_103/predictions/T1249V2O_summary_confidence_sample_0.json,/scratch/10992/liaorunlong93/casp16-leaderboard/runs/server_v2_attack_scoreable_input_repair_overlay_msa_reuse_protenix5_seed101_105/predictions/protenix-v2/T1249V2O/seed_103/predictions/T1249V2O_summary_confidence_sample_0.selection_qa.json,5,4,0.708475,1.000000,0.500000,ok,
T1249V2O,/scratch/10992/liaorunlong93/casp16-leaderboard/runs/server_v2_attack_scoreable_input_repair_overlay_msa_reuse_protenix5_seed101_105/predictions/protenix-v2/T1249V2O/seed_104/predictions/T1249V2O_sample_0.cif,/scratch/10992/liaorunlong93/casp16-leaderboard/runs/server_v2_attack_scoreable_input_repair_overlay_msa_reuse_protenix5_seed101_105/predictions/protenix-v2/T1249V2O/seed_104/predictions/T1249V2O_summary_confidence_sample_0.json,/scratch/10992/liaorunlong93/casp16-leaderboard/runs/server_v2_attack_scoreable_input_repair_overlay_msa_reuse_protenix5_seed101_105/predictions/protenix-v2/T1249V2O/seed_104/predictions/T1249V2O_summary_confidence_sample_0.selection_qa.json,5,4,0.704700,1.000000,0.500000,ok,
T1249V2O,/scratch/10992/liaorunlong93/casp16-leaderboard/runs/server_v2_attack_scoreable_input_repair_overlay_msa_reuse_protenix5_seed101_105/predictions/protenix-v2/T1249V2O/seed_105/predictions/T1249V2O_sample_0.cif,/scratch/10992/liaorunlong93/casp16-leaderboard/runs/server_v2_attack_scoreable_input_repair_overlay_msa_reuse_protenix5_seed101_105/predictions/protenix-v2/T1249V2O/seed_105/predictions/T1249V2O_summary_confidence_sample_0.json,/scratch/10992/liaorunlong93/casp16-leaderboard/runs/server_v2_attack_scoreable_input_repair_overlay_msa_reuse_protenix5_seed101_105/predictions/protenix-v2/T1249V2O/seed_105/predictions/T1249V2O_summary_confidence_sample_0.selection_qa.json,5,4,0.713675,1.000000,0.500000,ok,
T1269V1O,/scratch/10992/liaorunlong93/casp16-leaderboard/runs/server_v2_attack_scoreable_input_repair_overlay_msa_reuse_protenix5_seed101_105/predictions/protenix-v2/T1269V1O/seed_101/predictions/T1269V1O_sample_0.cif,/scratch/10992/liaorunlong93/casp16-leaderboard/runs/server_v2_attack_scoreable_input_repair_overlay_msa_reuse_protenix5_seed101_105/predictions/protenix-v2/T1269V1O/seed_101/predictions/T1269V1O_summary_confidence_sample_0.json,/scratch/10992/liaorunlong93/casp16-leaderboard/runs/server_v2_attack_scoreable_input_repair_overlay_msa_reuse_protenix5_seed101_105/predictions/protenix-v2/T1269V1O/seed_101/predictions/T1269V1O_summary_confidence_sample_0.selection_qa.json,5,4,0.892450,1.000000,0.500000,ok,
T1269V1O,/scratch/10992/liaorunlong93/casp16-leaderboard/runs/server_v2_attack_scoreable_input_repair_overlay_msa_reuse_protenix5_seed101_105/predictions/protenix-v2/T1269V1O/seed_102/predictions/T1269V1O_sample_0.cif,/scratch/10992/liaorunlong93/casp16-leaderboard/runs/server_v2_attack_scoreable_input_repair_overlay_msa_reuse_protenix5_seed101_105/predictions/protenix-v2/T1269V1O/seed_102/predictions/T1269V1O_summary_confidence_sample_0.json,/scratch/10992/liaorunlong93/casp16-leaderboard/runs/server_v2_attack_scoreable_input_repair_overlay_msa_reuse_protenix5_seed101_105/predictions/protenix-v2/T1269V1O/seed_102/predictions/T1269V1O_summary_confidence_sample_0.selection_qa.json,5,4,0.890250,1.000000,0.500000,ok,
T1269V1O,/scratch/10992/liaorunlong93/casp16-leaderboard/runs/server_v2_attack_scoreable_input_repair_overlay_msa_reuse_protenix5_seed101_105/predictions/protenix-v2/T1269V1O/seed_103/predictions/T1269V1O_sample_0.cif,/scratch/10992/liaorunlong93/casp16-leaderboard/runs/server_v2_attack_scoreable_input_repair_overlay_msa_reuse_protenix5_seed101_105/predictions/protenix-v2/T1269V1O/seed_103/predictions/T1269V1O_summary_confidence_sample_0.json,/scratch/10992/liaorunlong93/casp16-leaderboard/runs/server_v2_attack_scoreable_input_repair_overlay_msa_reuse_protenix5_seed101_105/predictions/protenix-v2/T1269V1O/seed_103/predictions/T1269V1O_summary_confidence_sample_0.selection_qa.json,5,4,0.884200,1.000000,0.500000,ok,
T1269V1O,/scratch/10992/liaorunlong93/casp16-leaderboard/runs/server_v2_attack_scoreable_input_repair_overlay_msa_reuse_protenix5_seed101_105/predictions/protenix-v2/T1269V1O/seed_104/predictions/T1269V1O_sample_0.cif,/scratch/10992/liaorunlong93/casp16-leaderboard/runs/server_v2_attack_scoreable_input_repair_overlay_msa_reuse_protenix5_seed101_105/predictions/protenix-v2/T1269V1O/seed_104/predictions/T1269V1O_summary_confidence_sample_0.json,/scratch/10992/liaorunlong93/casp16-leaderboard/runs/server_v2_attack_scoreable_input_repair_overlay_msa_reuse_protenix5_seed101_105/predictions/protenix-v2/T1269V1O/seed_104/predictions/T1269V1O_summary_confidence_sample_0.selection_qa.json,5,4,0.881800,1.000000,0.500000,ok,
T1269V1O,/scratch/10992/liaorunlong93/casp16-leaderboard/runs/server_v2_attack_scoreable_input_repair_overlay_msa_reuse_protenix5_seed101_105/predictions/protenix-v2/T1269V1O/seed_105/predictions/T1269V1O_sample_0.cif,/scratch/10992/liaorunlong93/casp16-leaderboard/runs/server_v2_attack_scoreable_input_repair_overlay_msa_reuse_protenix5_seed101_105/predictions/protenix-v2/T1269V1O/seed_105/predictions/T1269V1O_summary_confidence_sample_0.json,/scratch/10992/liaorunlong93/casp16-leaderboard/runs/server_v2_attack_scoreable_input_repair_overlay_msa_reuse_protenix5_seed101_105/predictions/protenix-v2/T1269V1O/seed_105/predictions/T1269V1O_summary_confidence_sample_0.selection_qa.json,5,4,0.881650,1.000000,0.500000,ok,
T2249V2O,/scratch/10992/liaorunlong93/casp16-leaderboard/runs/server_v2_attack_scoreable_input_repair_overlay_msa_reuse_protenix5_seed101_105/predictions/protenix-v2/T2249V2O/seed_101/predictions/T2249V2O_sample_0.cif,/scratch/10992/liaorunlong93/casp16-leaderboard/runs/server_v2_attack_scoreable_input_repair_overlay_msa_reuse_protenix5_seed101_105/predictions/protenix-v2/T2249V2O/seed_101/predictions/T2249V2O_summary_confidence_sample_0.json,/scratch/10992/liaorunlong93/casp16-leaderboard/runs/server_v2_attack_scoreable_input_repair_overlay_msa_reuse_protenix5_seed101_105/predictions/protenix-v2/T2249V2O/seed_101/predictions/T2249V2O_summary_confidence_sample_0.selection_qa.json,5,4,0.702800,1.000000,0.500000,ok,
T2249V2O,/scratch/10992/liaorunlong93/casp16-leaderboard/runs/server_v2_attack_scoreable_input_repair_overlay_msa_reuse_protenix5_seed101_105/predictions/protenix-v2/T2249V2O/seed_102/predictions/T2249V2O_sample_0.cif,/scratch/10992/liaorunlong93/casp16-leaderboard/runs/server_v2_attack_scoreable_input_repair_overlay_msa_reuse_protenix5_seed101_105/predictions/protenix-v2/T2249V2O/seed_102/predictions/T2249V2O_summary_confidence_sample_0.json,/scratch/10992/liaorunlong93/casp16-leaderboard/runs/server_v2_attack_scoreable_input_repair_overlay_msa_reuse_protenix5_seed101_105/predictions/protenix-v2/T2249V2O/seed_102/predictions/T2249V2O_summary_confidence_sample_0.selection_qa.json,5,4,0.753475,1.000000,0.500000,ok,
T2249V2O,/scratch/10992/liaorunlong93/casp16-leaderboard/runs/server_v2_attack_scoreable_input_repair_overlay_msa_reuse_protenix5_seed101_105/predictions/protenix-v2/T2249V2O/seed_103/predictions/T2249V2O_sample_0.cif,/scratch/10992/liaorunlong93/casp16-leaderboard/runs/server_v2_attack_scoreable_input_repair_overlay_msa_reuse_protenix5_seed101_105/predictions/protenix-v2/T2249V2O/seed_103/predictions/T2249V2O_summary_confidence_sample_0.json,/scratch/10992/liaorunlong93/casp16-leaderboard/runs/server_v2_attack_scoreable_input_repair_overlay_msa_reuse_protenix5_seed101_105/predictions/protenix-v2/T2249V2O/seed_103/predictions/T2249V2O_summary_confidence_sample_0.selection_qa.json,5,4,0.787675,1.000000,0.500000,ok,
T2249V2O,/scratch/10992/liaorunlong93/casp16-leaderboard/runs/server_v2_attack_scoreable_input_repair_overlay_msa_reuse_protenix5_seed101_105/predictions/protenix-v2/T2249V2O/seed_104/predictions/T2249V2O_sample_0.cif,/scratch/10992/liaorunlong93/casp16-leaderboard/runs/server_v2_attack_scoreable_input_repair_overlay_msa_reuse_protenix5_seed101_105/predictions/protenix-v2/T2249V2O/seed_104/predictions/T2249V2O_summary_confidence_sample_0.json,/scratch/10992/liaorunlong93/casp16-leaderboard/runs/server_v2_attack_scoreable_input_repair_overlay_msa_reuse_protenix5_seed101_105/predictions/protenix-v2/T2249V2O/seed_104/predictions/T2249V2O_summary_confidence_sample_0.selection_qa.json,5,4,0.716175,1.000000,0.500000,ok,
T2249V2O,/scratch/10992/liaorunlong93/casp16-leaderboard/runs/server_v2_attack_scoreable_input_repair_overlay_msa_reuse_protenix5_seed101_105/predictions/protenix-v2/T2249V2O/seed_105/predictions/T2249V2O_sample_0.cif,/scratch/10992/liaorunlong93/casp16-leaderboard/runs/server_v2_attack_scoreable_input_repair_overlay_msa_reuse_protenix5_seed101_105/predictions/protenix-v2/T2249V2O/seed_105/predictions/T2249V2O_summary_confidence_sample_0.json,/scratch/10992/liaorunlong93/casp16-leaderboard/runs/server_v2_attack_scoreable_input_repair_overlay_msa_reuse_protenix5_seed101_105/predictions/protenix-v2/T2249V2O/seed_105/predictions/T2249V2O_summary_confidence_sample_0.selection_qa.json,5,4,0.779175,1.000000,0.500000,ok,
